ID,wav,input_recognition,input_transcription,start,end,turn_restart,system_action,system_action_full,uncovered_entity,entity_extracted,correct_label,interruption,interruption_total,dtmf,dtmf_total,repeat,repeat_total,start_over,start_over_total,normalized_input,myAction,total_act0,total_act1,total_act2,total_act3,total_act4,total_act5,total_act6,total_act7,total_act8,total_act9
20090913_001,004.raw,yes,yes,50.896,51.176,FALSE,expl-conf,->explicit_confirm$query.departure_place,[],{u'query.departure_place': u'OAKLAND'},{},0,0,0,0,0,0,0,0,yes,1,0,1,0,0,0,0,1,0,0,0
20090913_001,005.raw,strip district,strip district,55.106,56.586,FALSE,ack,->inform$confirm_okay->request$query.arrival_place,[],{},{u'to.neighborhood': u'strip district'},0,0,0,0,0,0,0,0,<place> district,0,1,1,0,0,0,1,1,0,0,0
20090913_001,006.raw,yes,yes,59.586,59.846,FALSE,impl-conf,->implicit_confirm$query.arrival_place->request$query.travel_time,[],{u'query.arrival_place': u'STRIP DISTRICT'},{},1,1,0,0,0,0,0,0,yes,0,2,1,0,0,0,2,1,0,0,0
20090913_001,008.raw,seven a m,seven a m,65.276,66.416,FALSE,impl-conf,->implicit_confirm$query.travel_time.time,[],{u'query.travel_time.time': u'Leaving at 5 p.m.'},{},0,1,0,0,0,0,0,0,<time>,2,2,1,1,0,0,2,1,1,0,0
20090913_010,003.raw,no,no,22.857,23.437,FALSE,expl-conf,->explicit_confirm$query.departure_place,[],{u'query.departure_place': u'TENTH'},{},0,0,0,0,0,0,0,0,no,1,0,1,0,0,0,0,1,0,0,0
20090913_021,001.raw,yes,yes,16.81,17.04,FALSE,expl-conf,->explicit_confirm$query.departure_place,[],{u'query.departure_place': u'SQUIRREL HILL'},{},0,0,0,0,0,0,0,0,yes,1,0,1,0,0,0,0,1,0,0,0
20090913_021,003.raw,yes,yes,26.114,26.364,FALSE,ack,->inform$confirm_okay->explicit_confirm$query.travel_time.time,[],{u'query.travel_time.time': u'the next bus'},{},0,1,0,0,0,0,0,0,yes,2,0,1,1,0,0,0,1,1,0,0
20090913_027,001.raw,yes,yes,16.807,17.077,FALSE,expl-conf,->explicit_confirm$query.departure_place,[],{u'query.departure_place': u'SQUIRREL HILL'},{},1,1,0,0,0,0,0,0,yes,1,0,1,0,0,0,0,1,0,0,0
20090913_027,003.raw,yes,yes,27.401,27.711,FALSE,ack,->inform$confirm_okay->explicit_confirm$query.travel_time.time,[],{u'query.travel_time.time': u'the next bus'},{},0,1,0,0,0,0,0,0,yes,2,0,1,1,0,0,0,1,1,0,0
20090913_027,004.raw,when is the next bus,when is the next bus,46.355,47.335,FALSE,ack,->inform$confirm_okay->inform$looking_up_database_first->inform$result->request$next_query,[],{u'result': u'61C'},{},1,2,0,0,0,0,0,0,when is the next bus,3,0,1,1,1,0,0,1,1,1,0
20090913_035,002.raw,wilkinsburg,wilkinsburg,20.021,20.851,FALSE,ack,->inform$confirm_okay->request$query.departure_place,[],{},{u'from.neighborhood': u'wilkinsburg'},0,0,0,0,0,0,0,0,<neighborhood>,1,0,1,0,0,0,0,1,0,0,0
20090913_041,001.raw,no,no,20.342,21.072,FALSE,expl-conf,->explicit_confirm$query.departure_place,[],{u'query.departure_place': u'MURRAY'},{},0,0,0,0,0,0,0,0,no,1,0,1,0,0,0,0,1,0,0,0
20090913_041,009.raw,yes,yes,90.948,91.808,FALSE,expl-conf,->explicit_confirm$query.departure_place,[],{u'query.departure_place': u'OAKLAND'},{},1,3,0,0,0,0,0,0,yes,1,0,2,0,0,0,0,2,0,0,0
20090913_041,010.raw,no,no,97.172,98.082,FALSE,ack,->inform$confirm_okay->explicit_confirm$query.travel_time.time,[],{u'query.travel_time.time': u'the next bus'},{},0,3,0,0,0,0,0,0,no,2,0,2,1,0,0,0,2,1,0,0
20090913_041,011.raw,no,no,102.144,102.744,FALSE,expl-conf,->explicit_confirm$query.travel_time.time,[],{u'query.travel_time.time': u'Leaving at 7 a.m.'},{},0,3,0,0,0,0,0,0,no,2,0,2,2,0,0,0,2,2,0,0
20090913_041,012.raw,to braddock,to braddock,107.392,108.292,FALSE,request,->request$query.arrival_place,[],{},{},0,3,0,0,0,0,0,0,to <place>,0,1,2,2,0,0,1,2,2,0,0
20090913_041,013.raw,eleven p m,eleven p m,113.704,115.054,FALSE,impl-conf,->implicit_confirm$query.arrival_place->request$exact_travel_time,[],{u'query.arrival_place': u'BRADDOCK'},{},0,3,0,0,0,0,0,0,<time>,2,1,2,3,0,0,1,2,3,0,0
20090913_044,005.raw,mckeesport,mckeesport,29.286,30.066,FALSE,impl-conf,->implicit_confirm$query.departure_place->request$query.arrival_place,[],{u'query.departure_place': u'HOMESTEAD'},{u'to.neighborhood': u'mckeesport'},0,0,0,0,0,0,0,0,<neighborhood>,1,0,1,0,0,0,0,1,0,0,0
20090913_044,006.raw,next bus,next bus,35.628,36.398,FALSE,impl-conf,->implicit_confirm$query.arrival_place->request$query.travel_time,[],{u'query.arrival_place': u'MCKEESPORT'},{},0,0,0,0,0,0,0,0,next bus,0,1,1,0,0,0,1,1,0,0,0
20090913_048,002.raw,second and grant,second and grant,20.435,21.365,FALSE,ack,->inform$confirm_okay->request$query.departure_place,[],{},{u'from.desc': u'second and grant'},0,0,0,0,0,0,0,0,<place>,1,0,1,0,0,0,0,1,0,0,0
20090913_048,003.raw,yes,yes,25.847,26.327,FALSE,expl-conf,->explicit_confirm$query.departure_place,[],{u'query.departure_place': u'SECOND AND GRANT'},{},1,1,0,0,0,0,0,0,yes,1,0,2,0,0,0,0,2,0,0,0
20090913_048,004.raw,squirrel hill,squirrel hill,30.961,31.611,FALSE,ack,->inform$confirm_okay->request$query.arrival_place,[],{},{u'to.neighborhood': u'squirrel hill'},0,1,0,0,0,0,0,0,<neighborhood>,0,1,2,0,0,0,1,2,0,0,0
20090913_048,006.raw,yes eight,nine thirty,36.663,37.443,FALSE,impl-conf,->implicit_confirm$query.arrival_place->request$query.travel_time,[],{u'query.arrival_place': u'SQUIRREL HILL'},{},0,1,0,0,0,0,0,0,yes <time>,0,2,2,0,0,0,2,2,0,0,0
20090913_048,007.raw,nine thirty,nine thirty,41.045,41.945,FALSE,request,->request$query.travel_time,[],{},{},0,1,0,0,0,0,0,0,<time> thirty,2,2,2,1,0,0,2,2,1,0,0
20090913_049,004.raw,east pittsburgh,east pittsburgh,24.092,24.942,FALSE,impl-conf,->implicit_confirm$query.departure_place->request$query.arrival_place,[],{u'query.departure_place': u'SWISSVALE'},{u'to.neighborhood': u'east pittsburgh'},0,1,0,0,0,0,0,0,east <place>sburgh,1,0,1,0,0,0,0,1,0,0,0
20090913_049,006.raw,nine thirty p m,nine thirty p m,30.738,31.928,FALSE,request,->request$query.travel_time,[],{},{},0,2,0,0,0,0,0,0,<time> thirty p m,2,0,1,1,0,0,0,1,1,0,0
20090913_051,004.raw,second and grant,second at grant,32.278,33.578,FALSE,request,->request$query.departure_place,[],{},{u'from.desc': u'second at grant'},0,0,0,0,0,0,0,0,<place>,1,0,1,0,0,0,0,1,0,0,0
20090913_051,005.raw,no yes,yes,38.208,39.208,FALSE,expl-conf,->explicit_confirm$query.departure_place,[],{u'query.departure_place': u'SECOND AND GRANT'},{},0,0,0,0,0,0,0,0,no yes,1,0,2,0,0,0,0,2,0,0,0
20090913_051,006.raw,second and grant,second and grant,42.224,43.324,FALSE,request,->request$query.departure_place,[],{},{u'from.desc': u'second and grant'},0,0,0,0,0,0,0,0,<place>,1,0,3,0,0,0,0,3,0,0,0
20090913_051,008.raw,yes,yes,47.926,48.386,FALSE,expl-conf,->explicit_confirm$query.departure_place,[],{u'query.departure_place': u'SECOND AND GRANT'},{},1,1,0,0,0,0,0,0,yes,1,0,4,0,0,0,0,4,0,0,0
20090913_051,009.raw,mckeesport transportation center,mckeesport transportation center,52.716,54.786,FALSE,ack,->inform$confirm_okay->request$query.arrival_place,[],{},{u'to.desc': u'mckeesport transportation center'},0,1,0,0,0,0,0,0,<neighborhood> <place>,0,1,4,0,0,0,1,4,0,0,0
20090913_051,010.raw,yes,yes,60.308,60.688,FALSE,expl-conf,->explicit_confirm$query.arrival_place,[],{u'query.arrival_place': u'MCKEESPORT TRANSPORTATION CENTER'},{},0,1,0,0,0,0,0,0,yes,0,2,4,0,0,0,2,4,0,0,0
20090913_051,012.raw,seven thirty,at seven thirty,69.876,71.126,FALSE,request,->request$query.travel_time,[],{},{},0,1,0,0,0,0,0,0,<time> thirty,2,2,4,1,0,0,2,4,1,0,0
20090913_051,013.raw,when is the previous bus,when is the previous bus,97.876,99.326,FALSE,impl-conf,->implicit_confirm$query.travel_time.time->inform$looking_up_database_first->inform$result->request$next_query,[],"{u'query.travel_time.time': u'Leaving at 7 30 a.m.', u'result': u'61C'}",{},1,2,0,0,0,0,0,0,when is the previous bus,3,2,4,1,1,0,2,4,1,1,0
20090913_052,002.raw,no,no,21.099,21.529,FALSE,expl-conf,->explicit_confirm$query.departure_place,[],{u'query.departure_place': u'JONES'},{},0,0,0,0,0,0,0,0,no,1,0,1,0,0,0,0,1,0,0,0
20090913_052,003.raw,south hills machine,south hills machine,23.855,25.035,FALSE,request,->request$query.departure_place,[],{},{},0,0,0,0,0,0,0,0,<place> hills machine,1,0,2,0,0,0,0,2,0,0,0
20090913_052,005.raw,south hills junction,south hills junction,32.215,33.525,FALSE,example,->request$query.departure_place,[],{},{u'from.desc': u'south hills junction'},0,0,0,0,0,0,0,0,<place>,1,0,3,0,0,0,0,3,0,0,0
20090913_052,006.raw,yes,yes,37.715,37.975,FALSE,expl-conf,->explicit_confirm$query.departure_place,[],{u'query.departure_place': u'SOUTH HILLS JUNCTION'},{},0,0,0,0,0,0,0,0,yes,1,0,4,0,0,0,0,4,0,0,0
20090913_052,007.raw,south side,south side,42.101,42.741,FALSE,ack,->inform$confirm_okay->request$query.arrival_place,[],{},{u'to.neighborhood': u'south side'},0,0,0,0,0,0,0,0,<place> side,0,1,4,0,0,0,1,4,0,0,0
20090913_052,008.raw,hello o'clock,eleven o clock,49.629,50.499,FALSE,impl-conf,->implicit_confirm$query.arrival_place->request$query.travel_time,[],{u'query.arrival_place': u'SOUTH SIDE'},{},0,0,0,0,0,0,0,0,hello o'clock,0,2,4,0,0,0,2,4,0,0,0
20090913_052,009.raw,moroeville bus,when is the next bus,54.079,55.099,FALSE,request,->request$query.travel_time,[],{},{},0,0,0,0,0,0,0,0,moroeville bus,2,2,4,1,0,0,2,4,1,0,0
20090913_052,010.raw,when is the next bus,when is the next bus,57.909,59.149,FALSE,request,->request$query.travel_time,[],{},{},0,0,0,0,0,0,0,0,when is the next bus,2,2,4,2,0,0,2,4,2,0,0
20090913_052,011.raw,yes,yes,63.143,63.423,FALSE,expl-conf,->explicit_confirm$query.travel_time.time,[],{u'query.travel_time.time': u'the next bus'},{},0,0,0,0,0,0,0,0,yes,2,2,4,3,0,0,2,4,3,0,0
20090913_052,012.raw,when is the bus,when is the bus,83.923,84.933,FALSE,ack,->inform$confirm_okay->inform$looking_up_database_first->inform$result->request$next_query,[],{u'result': u'54C'},{},1,1,0,0,0,0,0,0,when is the bus,3,2,4,3,1,0,2,4,3,1,0
20090913_053,004.raw,hawkins avenue,hawkins avenue,29.685,31.025,FALSE,impl-conf,->implicit_confirm$query.departure_place->request$query.arrival_place,[],{u'query.departure_place': u'SWISSVALE'},{u'to.desc': u'hawkins avenue'},0,0,0,0,0,0,0,0,<place> avenue,1,0,1,0,0,0,0,1,0,0,0
20090913_053,005.raw,next bus,next bus,35.751,36.631,FALSE,impl-conf,->implicit_confirm$query.arrival_place->request$query.travel_time,[],{u'query.arrival_place': u'HAWKINS AVENUE'},{},0,0,0,0,0,0,0,0,next bus,0,1,1,0,0,0,1,1,0,0,0
20090913_054,002.raw,east liberty,east liberty,20.5,21.21,FALSE,ack,->inform$confirm_okay->request$query.departure_place,[],{},{u'from.neighborhood': u'east liberty'},0,0,0,0,0,0,0,0,<place>,1,0,1,0,0,0,0,1,0,0,0
20090913_054,003.raw,north shore,north shore,26.45,27.24,FALSE,impl-conf,->implicit_confirm$query.departure_place->request$query.arrival_place,[],{u'query.departure_place': u'EAST LIBERTY'},{u'to.desc': u'north shore'},0,0,0,0,0,0,0,0,<place> shore,1,0,2,0,0,0,0,2,0,0,0
20090913_054,007.raw,no,no,39.528,39.808,FALSE,expl-conf,->explicit_confirm$query.arrival_place,[],{u'query.arrival_place': u'NORTH'},{},0,0,0,0,0,0,0,0,no,0,1,2,0,0,0,1,2,0,0,0
20090913_054,009.raw,for for,for for,48.744,49.384,FALSE,impl-conf,->implicit_confirm$query.arrival_place->request$query.travel_time,[],{u'query.arrival_place': u'FOURTH'},{},0,0,0,0,0,0,0,0,for for,0,2,2,0,0,0,2,2,0,0,0
20090913_054,010.raw,coal sure,coal sure,52.642,53.842,FALSE,request,->request$query.travel_time,[],{},{u'to.desc': u'coal'},0,0,0,0,0,0,0,0,<place> sure,2,2,2,1,0,0,2,2,1,0,0
20090913_055,005.raw,murray eighth,murray eighth,32.092,33.062,FALSE,ack,->inform$confirm_okay->request$query.departure_place,[],{},{},0,3,0,0,0,0,0,0,<place> <place>,1,0,1,0,0,0,0,1,0,0,0
20090913_055,006.raw,yes,yes,37.356,37.866,FALSE,expl-conf,->explicit_confirm$query.departure_place,[],{u'query.departure_place': u'MURRAY'},{},0,3,0,0,0,0,0,0,yes,1,0,2,0,0,0,0,2,0,0,0
20090913_055,007.raw,main kennywood mall wal-mart,main kennywood mall wal-mart,42.524,44.264,FALSE,ack,->inform$confirm_okay->request$query.arrival_place,[],{},{u'to.desc': u'main'},0,3,0,0,0,0,0,0,<place> <place> <place> <place>,0,1,2,0,0,0,1,2,0,0,0
20090913_055,008.raw,nine,no,47.802,48.392,FALSE,expl-conf,->explicit_confirm$query.arrival_place,[],{u'query.arrival_place': u'MAIN'},{},0,3,0,0,0,0,0,0,<time>,0,2,2,0,0,0,2,2,0,0,0
20090913_055,009.raw,nine,no,55.466,56.156,FALSE,expl-conf,->explicit_confirm$query.arrival_place,[],{u'query.arrival_place': u'MAIN'},{},1,4,0,0,0,0,0,0,<time>,0,3,2,0,0,0,3,2,0,0,0
20090913_055,010.raw,kennywood boulevard,kennywood boulevard,59.312,60.862,FALSE,request,->request$query.arrival_place,[],{},{u'to.desc': u'kennywood boulevard'},0,4,0,0,0,0,0,0,<place>,0,4,2,0,0,0,4,2,0,0,0
20090913_055,011.raw,yes,yes,65.466,65.936,FALSE,expl-conf,->explicit_confirm$query.arrival_place,[],{u'query.arrival_place': u'KENNYWOOD BOULEVARD'},{},0,4,0,0,0,0,0,0,yes,0,5,2,0,0,0,5,2,0,0,0
20090913_055,012.raw,yes,yes,71.29,72.13,FALSE,expl-conf,->explicit_confirm$query.arrival_place,[],{u'query.arrival_place': u'KENNYWOOD BOULEVARD'},{},1,5,0,0,0,0,0,0,yes,0,6,2,0,0,0,6,2,0,0,0
20090913_058,002.raw,downtown,downtown,20.76,21.52,FALSE,impl-conf,->implicit_confirm$query.departure_place->request$query.arrival_place,[],{u'query.departure_place': u'PITT'},{u'to.neighborhood': u'downtown'},0,0,0,0,0,0,0,0,<neighborhood>,1,0,1,0,0,0,0,1,0,0,0
20090913_058,003.raw,eleven o'clock,eleven o'clock,26.526,27.386,FALSE,impl-conf,->implicit_confirm$query.arrival_place->request$query.travel_time,[],{u'query.arrival_place': u'DOWNTOWN'},{u'time.hour': 11},0,0,0,0,0,0,0,0,<time> o'clock,0,1,1,0,0,0,1,1,0,0,0
20090913_060,002.raw,arlington moroeville,arlington avenue,19.294,20.914,FALSE,ack,->inform$confirm_okay->request$query.departure_place,[],{},{u'from.desc': u'arlington avenue'},0,0,0,0,0,0,0,0,<place> moroeville,1,0,1,0,0,0,0,1,0,0,0
20090913_060,003.raw,yes,yes,25.058,25.518,FALSE,expl-conf,->explicit_confirm$query.departure_place,[],{u'query.departure_place': u'ARLINGTON'},{},1,1,0,0,0,0,0,0,yes,1,0,2,0,0,0,0,2,0,0,0
20090913_060,004.raw,pitt oakland,pitt oakland,29.068,29.898,FALSE,ack,->inform$confirm_okay->request$query.arrival_place,[],{},{},0,1,0,0,0,0,0,0,<place> <place>,0,1,2,0,0,0,1,2,0,0,0
20090913_060,005.raw,yes,yes,34.088,34.448,FALSE,expl-conf,->explicit_confirm$query.arrival_place,[],{u'query.arrival_place': u'OAKLAND'},{},0,1,0,0,0,0,0,0,yes,0,2,2,0,0,0,2,2,0,0,0
20090913_060,007.raw,previous bus,previous bus,55.05,55.99,FALSE,impl-conf,->implicit_confirm$query.travel_time.time->inform$looking_up_database_first->inform$result->request$next_query,[],"{u'query.travel_time.time': u'The next bus', u'result': u'54C'}",{},1,2,0,0,0,0,0,0,previous bus,3,2,2,0,1,0,2,2,0,1,0
20090913_063,002.raw,allegheny center,allegheny center,21.787,22.587,FALSE,impl-conf,->implicit_confirm$query.departure_place->request$query.arrival_place,[],{u'query.departure_place': u'SOUTH SIDE'},{u'to.desc': u'allegheny center'},0,0,0,0,0,0,0,0,<place>,1,0,1,0,0,0,0,1,0,0,0
20090913_063,003.raw,next bus,next bus,28.241,28.811,FALSE,impl-conf,->implicit_confirm$query.arrival_place->request$query.travel_time,[],{u'query.arrival_place': u'ALLEGHENY CENTER'},{},0,0,0,0,0,0,0,0,next bus,0,1,1,0,0,0,1,1,0,0,0
20090913_063,004.raw,goodbye,goodbye,61.683,62.003,FALSE,impl-conf,->implicit_confirm$query.travel_time.time->inform$looking_up_database_first->inform$result->request$next_query,[],"{u'query.travel_time.time': u'The next bus', u'result': u'54C'}",{},0,0,0,0,0,0,0,0,goodbye,3,1,1,0,1,0,1,1,0,1,0
20090913_064,001.raw,61a hays leaving the airport,sixty one a leaving oakland,15.268,18.298,FALSE,expl-conf,->explicit_confirm$query.departure_place,[],{u'query.departure_place': u'RANKIN'},{},0,0,0,0,0,0,0,0,<route> <uncovered_place> leaving the <place>,1,0,1,0,0,0,0,1,0,0,0
20090913_064,002.raw,no,no,23.382,24.172,FALSE,expl-conf,->explicit_confirm$query.departure_place,[],{u'query.departure_place': u'THE AIRPORT'},{},0,0,0,0,0,0,0,0,no,1,0,2,0,0,0,0,2,0,0,0
20090913_064,003.raw,no,no,28.234,28.604,FALSE,expl-conf,->explicit_confirm$query.departure_place,[],{u'query.departure_place': u'RANKIN'},{},0,0,0,0,0,0,0,0,no,1,0,3,0,0,0,0,3,0,0,0
20090913_064,005.raw,no,no,32.338,32.748,FALSE,expl-conf,->explicit_confirm$query.departure_place,[],{u'query.departure_place': u'PENN'},{},0,0,0,0,0,0,0,0,no,1,0,4,0,0,0,0,4,0,0,0
20090913_064,010.raw,oakland,oakland,64.022,64.582,FALSE,request,->request$query.departure_place,[],{},{u'from.neighborhood': u'oakland'},0,0,0,0,0,0,0,0,<place>,1,0,5,0,0,0,0,5,0,0,0
20090913_064,011.raw,wilkinsburg,wilkinsburg,69.166,70.146,FALSE,impl-conf,->implicit_confirm$query.departure_place->request$query.arrival_place,[],{u'query.departure_place': u'OAKLAND'},{u'to.neighborhood': u'wilkinsburg'},0,0,0,0,0,0,0,0,<neighborhood>,1,0,6,0,0,0,0,6,0,0,0
20090913_064,012.raw,now,now,75.222,75.752,FALSE,impl-conf,->implicit_confirm$query.arrival_place->request$query.travel_time,[],{u'query.arrival_place': u'WILKINSBURG'},{u'time.rel': u'next'},0,0,0,0,0,0,0,0,now,0,1,6,0,0,0,1,6,0,0,0
20090913_064,014.raw,when is the previous bus,when is the previous bus,102.062,103.352,FALSE,impl-conf,->implicit_confirm$query.travel_time.time->inform$looking_up_database_first->inform$result->request$next_query,[],"{u'query.travel_time.time': u'The next bus', u'result': u'61A'}",{},1,1,0,0,0,0,0,0,when is the previous bus,3,1,6,0,1,0,1,6,0,1,0
20090913_065,004.raw,bigelow boulevard,bigelow boulevard,27.456,28.306,FALSE,ack,->inform$confirm_okay->request$query.departure_place,[],{},{u'from.desc': u'bigelow boulevard'},0,2,0,1,0,0,0,0,<place> boulevard,1,0,1,0,0,0,0,1,0,0,0
20090913_065,005.raw,downtown,downtown,32.906,33.626,FALSE,impl-conf,->implicit_confirm$query.departure_place->request$query.arrival_place,[],{u'query.departure_place': u'BIGELOW BOULEVARD'},{u'to.neighborhood': u'downtown'},0,2,0,1,0,0,0,0,<neighborhood>,1,0,2,0,0,0,0,2,0,0,0
20090913_065,006.raw,next bus,next bus,37.75,38.39,FALSE,impl-conf,->implicit_confirm$query.arrival_place->request$query.travel_time,[],{u'query.arrival_place': u'DOWNTOWN'},{},0,2,0,1,0,0,0,0,next bus,0,1,2,0,0,0,1,2,0,0,0
20090913_065,007.raw,at nine,next bus,52.574,53.114,FALSE,impl-conf,->implicit_confirm$query.travel_time.time->inform$looking_up_database_first->inform$result->request$next_query,[],"{u'query.travel_time.time': u'The next bus', u'result': u'61C'}",{},1,3,0,1,0,0,0,0,at <time>,3,1,2,0,1,0,1,2,0,1,0
20090913_066,003.raw,downtown pittsburgh,downtown pittsburgh,15.38,16.69,FALSE,request,->request$query.departure_place,[],{},{u'from.neighborhood': u'downtown pittsburgh'},0,3,0,0,0,0,0,0,<neighborhood> <place>sburgh,1,0,1,0,0,0,0,1,0,0,0
20090913_066,004.raw,mckeesport,mckeesport,21.972,22.962,FALSE,impl-conf,->implicit_confirm$query.departure_place->request$query.arrival_place,[],{u'query.departure_place': u'DOWNTOWN PITTSBURGH'},{u'to.neighborhood': u'mckeesport'},0,3,0,0,0,0,0,0,<neighborhood>,1,0,2,0,0,0,0,2,0,0,0
20090913_066,005.raw,mckeesport,mckeesport,25.546,26.576,FALSE,request,->request$query.arrival_place,[],{},{u'to.neighborhood': u'mckeesport'},0,3,0,0,0,0,0,0,<neighborhood>,0,1,2,0,0,0,1,2,0,0,0
20090913_066,006.raw,yes,yes,29.278,29.618,FALSE,expl-conf,->explicit_confirm$query.arrival_place,[],{u'query.arrival_place': u'MCKEESPORT'},{},1,4,0,0,0,0,0,0,yes,0,2,2,0,0,0,2,2,0,0,0
20090913_066,009.raw,when is the next bus,when is the next bus,60.402,61.592,FALSE,impl-conf,->implicit_confirm$query.travel_time.time->inform$looking_up_database_first->inform$result->request$next_query,[],"{u'query.travel_time.time': u'The next bus', u'result': u'61C'}",{},1,5,0,0,0,0,0,0,when is the next bus,3,2,2,0,1,0,2,2,0,1,0
20090913_066,010.raw,when goodbye stop,wheres the bus stop,84.426,85.996,FALSE,hold-on,->inform$looking_up_database_subsequent->inform$result->request$next_query,[],{u'result': u'61C'},{},1,6,0,0,0,0,0,0,when goodbye stop,3,2,2,0,2,0,2,2,0,2,0
20090914_000,001.raw,yes,yes,15.964,16.334,FALSE,expl-conf,->explicit_confirm$query.travel_time.time,[],{u'query.travel_time.time': u'the next bus'},{},0,0,0,0,0,0,0,0,yes,2,0,0,1,0,0,0,0,1,0,0
20090914_000,002.raw,fifth and moultrie,fifth and moultrie,20.29,21.52,FALSE,ack,->inform$confirm_okay->request$query.departure_place,[],{},{u'from.desc': u'fifth and moultrie'},0,0,0,0,0,0,0,0,<place> and moultrie,1,0,1,1,0,0,0,1,1,0,0
20090914_000,003.raw,yes,yes,25.958,26.248,FALSE,expl-conf,->explicit_confirm$query.departure_place,[],{u'query.departure_place': u'FIFTH AND MOULTRIE'},{},0,0,0,0,0,0,0,0,yes,1,0,2,1,0,0,0,2,1,0,0
20090914_000,004.raw,downtown,downtown,29.364,30.064,FALSE,ack,->inform$confirm_okay->request$query.arrival_place,[],{},{u'to.neighborhood': u'downtown'},0,0,0,0,0,0,0,0,<neighborhood>,0,1,2,1,0,0,1,2,1,0,0
20090914_000,005.raw,downtown,downtown,35.036,35.616,FALSE,example,->request$query.arrival_place,[],{},{u'to.neighborhood': u'downtown'},1,1,0,0,0,0,0,0,<neighborhood>,0,2,2,1,0,0,2,2,1,0,0
20090914_001,002.raw,mckeesport,mckeesport,20.577,21.257,FALSE,impl-conf,->implicit_confirm$query.departure_place->request$query.arrival_place,[],{u'query.departure_place': u'DOWNTOWN'},{u'to.neighborhood': u'mckeesport'},0,0,0,0,0,0,0,0,<neighborhood>,1,0,1,0,0,0,0,1,0,0,0
20090914_001,003.raw,next bus,next bus,25.867,26.487,FALSE,impl-conf,->implicit_confirm$query.arrival_place->request$query.travel_time,[],{u'query.arrival_place': u'MCKEESPORT'},{},0,0,0,0,0,0,0,0,next bus,0,1,1,0,0,0,1,1,0,0,0
20090914_002,002.raw,leaving home home,leaving from downtown,23.02,24.21,FALSE,impl-conf,->implicit_confirm$query.departure_place->request$query.arrival_place,[],{u'query.departure_place': u'WALNUT'},{},0,1,0,0,0,0,0,0,leaving home home,1,0,1,0,0,0,0,1,0,0,0
20090914_002,003.raw,forbes wood,forbes wood,28.278,29.178,FALSE,request,->request$query.arrival_place,[],{},{u'to.desc': u'forbes'},0,1,0,0,0,0,0,0,<place> <place>,0,1,1,0,0,0,1,1,0,0,0
20090914_002,004.raw,wilkinsburg,wilkinsburg,33.57,34.75,FALSE,expl-conf,->explicit_confirm$query.arrival_place,[],{u'query.arrival_place': u'FORBES'},{u'to.neighborhood': u'wilkinsburg'},0,1,0,0,0,0,0,0,<neighborhood>,0,2,1,0,0,0,2,1,0,0,0
20090914_002,005.raw,1c swissvale,1c swissvale,39.62,40.72,FALSE,expl-conf,->explicit_confirm$query.arrival_place,[],{u'query.arrival_place': u'FORBES'},{},0,1,0,0,0,0,0,0,<uncovered_route> <place>,0,3,1,0,0,0,3,1,0,0,0
20090914_002,006.raw,no,no,44.336,44.806,FALSE,expl-conf,->explicit_confirm$query.arrival_place,[],{u'query.arrival_place': u'FORBES'},{},0,1,0,0,0,0,0,0,no,0,4,1,0,0,0,4,1,0,0,0
20090914_002,007.raw,yes,yes,48.162,48.662,FALSE,expl-conf,->explicit_confirm$query.arrival_place,[],{u'query.arrival_place': u'SWISSVALE'},{},1,2,0,0,0,0,0,0,yes,0,5,1,0,0,0,5,1,0,0,0
20090914_008,003.raw,yes,yes,20.112,20.382,FALSE,expl-conf,->explicit_confirm$query.departure_place,[],{u'query.departure_place': u'FORBES AND CRAIG'},{},1,3,0,1,0,0,0,0,yes,1,0,1,0,0,0,0,1,0,0,0
20090914_008,005.raw,fifth r a smithfield,fifth r a smithfield,27.364,29.464,FALSE,request,->request$query.arrival_place,[],{},{},0,4,0,1,0,0,0,0,<place> r a <place>,0,1,1,0,0,0,1,1,0,0,0
20090914_008,006.raw,yes,yes,34.862,35.142,FALSE,expl-conf,->explicit_confirm$query.arrival_place,[],{u'query.arrival_place': u'SMITHFIELD'},{},0,4,0,1,0,0,0,0,yes,0,2,1,0,0,0,2,1,0,0,0
20090914_008,008.raw,the next bus,the next bus,41.016,41.756,FALSE,request,->request$query.travel_time,[],{},{},0,5,0,2,0,0,0,0,the next bus,2,2,1,1,0,0,2,1,1,0,0
20090914_008,010.raw,when is the next bus,when is the next bus,67.638,69.008,FALSE,impl-conf,->implicit_confirm$query.travel_time.time->inform$looking_up_database_first->inform$result->request$next_query,[],"{u'query.travel_time.time': u'The next bus', u'result': u'67A'}",{},1,6,0,2,0,0,0,0,when is the next bus,3,2,1,1,1,0,2,1,1,1,0
20090914_008,011.raw,when is the previous bus,when is the previous bus,73.606,74.936,FALSE,hold-on,->inform$looking_up_database_subsequent->inform$result,[],{u'result': u'61D'},{},1,7,0,2,0,0,0,0,when is the previous bus,3,2,1,1,2,0,2,1,1,2,0
20090914_012,002.raw,hays brighton,hays brighton,18.009,19.039,FALSE,ack,->inform$confirm_okay->request$query.departure_place,[],{},{},1,2,0,0,0,0,0,0,<uncovered_place> <place>,1,0,1,0,0,0,0,1,0,0,0
20090914_012,003.raw,no,no,21.677,22.087,FALSE,expl-conf,->explicit_confirm$query.departure_place,[],{u'query.departure_place': u'BRIGHTON'},{},1,3,0,0,0,0,0,0,no,1,0,2,0,0,0,0,2,0,0,0
20090914_012,007.raw,eighth avenue,eighth avenue,32.843,33.573,FALSE,request,->request$query.departure_place,[],{},{u'from.desc': u'eighth avenue'},0,4,0,0,0,0,0,0,<place>nue,1,0,3,0,0,0,0,3,0,0,0
20090914_012,008.raw,yes,yes,36.373,36.733,FALSE,impl-conf,->implicit_confirm$query.departure_place->request$query.arrival_place,[],{u'query.departure_place': u'EIGHTH AVENUE'},{},1,5,0,0,0,0,0,0,yes,1,0,4,0,0,0,0,4,0,0,0
20090914_012,009.raw,mckeesport,mckeesport,38.873,39.643,FALSE,request,->request$query.arrival_place,[],{},{u'to.neighborhood': u'mckeesport'},0,5,0,0,0,0,0,0,<neighborhood>,0,1,4,0,0,0,1,4,0,0,0
20090914_012,010.raw,yes,yes,41.735,42.215,FALSE,impl-conf,->implicit_confirm$query.arrival_place,[],{u'query.arrival_place': u'MCKEESPORT'},{},1,6,0,0,0,0,0,0,yes,0,2,4,0,0,0,2,4,0,0,0
20090914_012,011.raw,next bus,next bus,45.323,46.213,FALSE,request,->request$query.travel_time,[],{},{},0,6,0,0,0,0,0,0,next bus,2,2,4,1,0,0,2,4,1,0,0
20090914_013,002.raw,no,no,23.067,23.417,FALSE,expl-conf,->explicit_confirm$query.travel_time.time,[],{u'query.travel_time.time': u'Leaving at 1 a.m.'},{},1,2,0,0,0,0,0,0,no,2,0,0,1,0,0,0,0,1,0,0
20090914_013,004.raw,yes,yes,30.963,31.313,FALSE,expl-conf,->explicit_confirm$query.travel_time.time,[],{u'query.travel_time.time': u'the next bus'},{},1,3,0,0,0,0,0,0,yes,2,0,0,2,0,0,0,0,2,0,0
20090914_013,005.raw,cmu,cmu,35.235,35.975,FALSE,ack,->inform$confirm_okay->request$query.departure_place,[],{},{u'from.monument': u'cmu'},0,3,0,0,0,0,0,0,<place>,1,0,1,2,0,0,0,1,2,0,0
20090914_013,006.raw,yes,yes,40.199,40.679,FALSE,expl-conf,->explicit_confirm$query.departure_place,[],{u'query.departure_place': u'CMU'},{},1,4,0,0,0,0,0,0,yes,1,0,2,2,0,0,0,2,2,0,0
20090914_013,007.raw,squirrel hill,squirrel hill,44.249,44.919,FALSE,ack,->inform$confirm_okay->request$query.arrival_place,[],{},{u'to.neighborhood': u'squirrel hill'},0,4,0,0,0,0,0,0,<neighborhood>,0,1,2,2,0,0,1,2,2,0,0
20090914_013,008.raw,when is the next bus,when is the next bus,68.847,70.067,FALSE,impl-conf,->implicit_confirm$query.arrival_place->inform$looking_up_database_first->inform$result->request$next_query,[],"{u'result': u'59U', u'query.arrival_place': u'SQUIRREL HILL'}",{},1,5,0,0,0,0,0,0,when is the next bus,3,1,2,2,1,0,1,2,2,1,0
20090914_013,009.raw,okay thank you,okay thank you,83.403,84.303,FALSE,hold-on,->inform$looking_up_database_subsequent->inform$result,[],{u'result': u'61B'},{},1,6,0,0,0,0,0,0,okay thank you,3,1,2,2,2,0,1,2,2,2,0
20090914_020,001.raw,yes,no,16.363,16.703,FALSE,expl-conf,->explicit_confirm$query.departure_place,[],{u'query.departure_place': u'GRANT'},{},0,0,0,0,0,0,0,0,yes,1,0,1,0,0,0,0,1,0,0,0
20090914_020,002.raw,braddock,braddock,20.125,20.755,FALSE,ack,->inform$confirm_okay->request$query.arrival_place,[],{},{u'to.neighborhood': u'braddock'},0,0,0,0,0,0,0,0,<place>,0,1,1,0,0,0,1,1,0,0,0
20090914_020,003.raw,braddock,braddock,23.349,23.949,FALSE,impl-conf,->implicit_confirm$query.arrival_place->request$query.travel_time,[],{u'query.arrival_place': u'BRADDOCK'},{u'to.neighborhood': u'braddock'},1,1,0,0,0,0,0,0,<place>,0,2,1,0,0,0,2,1,0,0,0
20090914_020,004.raw,seven p m,seven p m,27.987,28.737,FALSE,request,->request$query.travel_time,[],{},{},0,1,0,0,0,0,0,0,<time>,2,2,1,1,0,0,2,1,1,0,0
20090914_020,008.raw,leaving from downtown,leaving from downtown,76.883,78.303,FALSE,expl-conf,->explicit_confirm$query.departure_place,[],{u'query.departure_place': u'BRADDOCK'},{},0,2,0,0,0,0,0,0,leaving from <neighborhood>,1,2,2,1,0,0,2,2,1,0,0
20090914_020,009.raw,braddock,braddock,82.997,83.637,FALSE,impl-conf,->implicit_confirm$query.departure_place->request$query.arrival_place,[],{u'query.departure_place': u'DOWNTOWN'},{u'to.neighborhood': u'braddock'},0,2,0,0,0,0,0,0,<place>,1,2,3,1,0,0,2,3,1,0,0
20090914_020,010.raw,yes,yes,87.157,87.407,FALSE,expl-conf,->explicit_confirm$query.arrival_place,[],{u'query.arrival_place': u'BRADDOCK'},{},0,2,0,0,0,0,0,0,yes,0,3,3,1,0,0,3,3,1,0,0
20090914_020,012.raw,eleven p m,eleven p m,96.023,96.793,FALSE,request,->request$exact_travel_time,[],{},{},0,2,0,0,0,0,0,0,<time>,2,3,3,2,0,0,3,3,2,0,0
20090914_020,013.raw,when is the previous bus,when is the previous bus,121.737,123.217,FALSE,impl-conf,->implicit_confirm$query.travel_time.time->inform$looking_up_database_first->inform$result->request$next_query,[],"{u'query.travel_time.time': u'Leaving at 11 p.m.', u'result': u'61B'}",{},1,3,0,0,0,0,0,0,when is the previous bus,3,3,3,2,1,0,3,3,2,1,0
20090914_021,005.raw,downtown,downtown,40.049,40.759,FALSE,ack,->inform$confirm_okay->request$query.departure_place,[],{},{u'from.neighborhood': u'downtown'},0,1,0,0,0,0,0,0,<neighborhood>,1,0,1,0,0,0,0,1,0,0,0
20090914_021,006.raw,yes,yes,44.745,45.285,FALSE,expl-conf,->explicit_confirm$query.departure_place,[],{u'query.departure_place': u'DOWNTOWN'},{},1,2,0,0,0,0,0,0,yes,1,0,2,0,0,0,0,2,0,0,0
20090914_021,007.raw,north side,north side,49.353,50.463,FALSE,ack,->inform$confirm_okay->request$query.arrival_place,[],{},{u'to.neighborhood': u'north side'},0,2,0,0,0,0,0,0,<place> side,0,1,2,0,0,0,1,2,0,0,0
20090914_021,008.raw,stead,stead,51.493,51.923,FALSE,expl-conf,->explicit_confirm$query.arrival_place,[],{u'query.arrival_place': u'NORTH SIDE'},{},1,3,0,0,0,0,0,0,stead,0,2,2,0,0,0,2,2,0,0,0
20090914_021,009.raw,yes yes,yes yes,55.713,56.813,FALSE,expl-conf,->explicit_confirm$query.arrival_place,[],{u'query.arrival_place': u'NORTH SIDE'},{},1,4,0,0,0,0,0,0,yes yes,0,3,2,0,0,0,3,2,0,0,0
20090914_021,011.raw,12a,twelve,64.127,64.607,FALSE,expl-conf,->explicit_confirm$query.travel_time.time,[],{u'query.travel_time.time': u'Leaving at 9 a.m.'},{},1,5,0,0,0,0,0,0,<uncovered_route>,2,3,2,1,0,0,3,2,1,0,0
20090914_021,012.raw,no,no,72.423,72.933,FALSE,expl-conf,->explicit_confirm$query.travel_time.time,[],{u'query.travel_time.time': u'leave at 9 a.m.'},{},1,6,0,0,0,0,0,0,no,2,3,2,2,0,0,3,2,2,0,0
20090914_021,013.raw,eleven o'clock,eleven o'clock,77.097,78.067,FALSE,request,->request$exact_travel_time,[],{},{u'time.hour': 11},0,6,0,0,0,0,0,0,<time> o'clock,2,3,2,3,0,0,3,2,3,0,0
20090914_021,014.raw,tenth,am,82.239,82.909,FALSE,impl-conf,->implicit_confirm$query.travel_time.time->inform$looking_up_database_first,[],{u'query.travel_time.time': u'Leaving at 11 p.m.'},{},1,7,0,0,0,0,0,0,<place>,2,3,2,4,0,0,3,2,4,0,0
20090914_021,015.raw,ml eighth ann,ml eighth ann,84.769,85.849,FALSE,canthelp.no_connection,->inform$error,[],{u'error': u'DOWNTOWN'},{},1,8,0,0,0,0,0,0,ml <place> <place>,4,3,2,4,0,1,3,2,4,0,1
20090914_026,002.raw,yes,yes,21.149,21.479,FALSE,expl-conf,->explicit_confirm$query.departure_place,[],{u'query.departure_place': u'SOUTH HILLS JUNCTION'},{},0,0,0,0,0,0,0,0,yes,1,0,1,0,0,0,0,1,0,0,0
20090914_026,003.raw,brownsville road,brownsville road,25.033,26.003,FALSE,ack,->inform$confirm_okay->request$query.arrival_place,[],{},{u'to.desc': u'brownsville road'},0,0,0,0,0,0,0,0,<place>,0,1,1,0,0,0,1,1,0,0,0
20090914_026,004.raw,next bus,next bus,30.995,31.725,FALSE,impl-conf,->implicit_confirm$query.arrival_place->request$query.travel_time,[],{u'query.arrival_place': u'BROWNSVILLE ROAD'},{},0,0,0,0,0,0,0,0,next bus,0,2,1,0,0,0,2,1,0,0,0
20090914_029,005.raw,yes,yes,80.045,80.375,FALSE,expl-conf,->explicit_confirm$query.departure_place,[],{u'query.departure_place': u'HOMESTEAD'},{},0,2,0,0,0,0,0,0,yes,1,0,1,0,0,0,0,1,0,0,0
20090914_029,006.raw,pittsburgh,pittsburgh,84.903,85.313,FALSE,ack,->inform$confirm_okay->request$query.arrival_place,[],{},{u'to.neighborhood': u'pittsburgh'},0,2,0,0,0,0,0,0,<place>sburgh,0,1,1,0,0,0,1,1,0,0,0
20090914_029,007.raw,next bus,next bus,91.229,91.829,FALSE,impl-conf,->implicit_confirm$query.arrival_place->request$query.travel_time,[],{u'query.arrival_place': u'PITTSBURGH'},{},0,2,0,0,0,0,0,0,next bus,0,2,1,0,0,0,2,1,0,0,0
20090914_029,008.raw,didn't,didn't,111.035,111.465,FALSE,impl-conf,->implicit_confirm$query.travel_time.time->inform$looking_up_database_first->inform$result->request$next_query,[],"{u'query.travel_time.time': u'The next bus', u'result': u'55M'}",{},1,3,0,0,0,0,0,0,didn't,3,2,1,0,1,0,2,1,0,1,0
20090914_033,005.raw,east pittsburgh,east pittsburgh,29.888,30.688,FALSE,request,->request$query.departure_place,[],{},{u'from.neighborhood': u'east pittsburgh'},0,1,0,2,0,0,0,0,east <place>sburgh,1,0,1,0,0,0,0,1,0,0,0
20090914_033,006.raw,swissvale,swissvale,35.42,36,FALSE,impl-conf,->implicit_confirm$query.departure_place->request$query.arrival_place,[],{u'query.departure_place': u'EAST PITTSBURGH'},{u'to.neighborhood': u'swissvale'},0,1,0,2,0,0,0,0,<place>,1,0,2,0,0,0,0,2,0,0,0
20090914_033,007.raw,eleven o'clock p m,eleven o'clock p m,41.384,42.644,FALSE,impl-conf,->implicit_confirm$query.arrival_place->request$query.travel_time,[],{u'query.arrival_place': u'SWISSVALE'},{},0,1,0,2,0,0,0,0,<time> o'clock p m,0,1,2,0,0,0,1,2,0,0,0
20090914_033,008.raw,when is the previous bus,when is the previous bus,62.44,63.73,FALSE,impl-conf,->implicit_confirm$query.travel_time.time->inform$looking_up_database_first->inform$result->request$next_query,[],"{u'query.travel_time.time': u'Leaving at 11 p.m.', u'result': u'61A'}",{},1,2,0,2,0,0,0,0,when is the previous bus,3,1,2,0,1,0,1,2,0,1,0
20090914_037,003.raw,no,no,40.841,41.451,FALSE,ack,->inform$confirm_okay->explicit_confirm$query.departure_place,[],{u'query.departure_place': u'DOWNTOWN'},{},0,0,0,0,0,0,0,0,no,1,0,1,0,0,0,0,1,0,0,0
20090914_037,004.raw,yes,yes,45.607,45.927,FALSE,expl-conf,->explicit_confirm$query.departure_place,[],{u'query.departure_place': u'MCKEESPORT'},{},0,0,0,0,0,0,0,0,yes,1,0,2,0,0,0,0,2,0,0,0
20090914_037,005.raw,brighton,right,51.303,51.773,FALSE,ack,->inform$confirm_okay->explicit_confirm$query.travel_time.time,[],{u'query.travel_time.time': u'the next bus'},{},0,0,0,0,0,0,0,0,<place>,2,0,2,1,0,0,0,2,1,0,0
20090914_037,006.raw,yes,yes,56.075,56.425,FALSE,expl-conf,->explicit_confirm$query.travel_time.time,[],{u'query.travel_time.time': u'the next bus'},{},0,0,0,0,0,0,0,0,yes,2,0,2,2,0,0,0,2,2,0,0
20090914_037,007.raw,downtown,downtown,62.423,63.203,FALSE,ack,->inform$confirm_okay->implicit_confirm$query.departure_place->request$query.arrival_place,[],{u'query.departure_place': u'MCKEESPORT'},{u'to.neighborhood': u'downtown'},0,0,0,0,0,0,0,0,<neighborhood>,1,0,3,2,0,0,0,3,2,0,0
20090914_038,002.raw,start over,start over,23.23,24.02,FALSE,expl-conf,->explicit_confirm$query.departure_place,[],{u'query.departure_place': u'HOMESTEAD'},{},0,1,0,0,0,0,1,1,start over,1,0,1,0,0,0,0,1,0,0,0
20090914_038,004.raw,yes,yes,32.32,32.68,FALSE,expl-conf,->explicit_confirm$query.arrival_place,[],{u'query.arrival_place': u'MCKEESPORT'},{},0,1,0,0,0,0,0,1,yes,0,1,1,0,0,0,1,1,0,0,0
20090914_038,005.raw,the f,yes,37.908,38.418,FALSE,ack,->inform$confirm_okay->explicit_confirm$query.travel_time.time,[],{u'query.travel_time.time': u'the next bus'},{},0,1,0,0,0,0,0,1,the f,2,1,1,1,0,0,1,1,1,0,0
20090914_038,014.raw,yes,yes,83.22,83.73,FALSE,expl-conf,->explicit_confirm$query.travel_time.time,[],{u'query.travel_time.time': u'the next bus'},{},0,2,0,1,0,0,0,1,yes,2,1,1,2,0,0,1,1,2,0,0
20090914_044,003.raw,61c,61c,27.353,28.383,FALSE,impl-conf,->implicit_confirm$query.route_number->explicit_confirm$query.departure_place,[],"{u'query.route_number': u'61C', u'query.departure_place': u'FORBES'}",{u'route': u'61c'},1,1,0,0,0,0,0,0,<route>,1,0,1,0,0,0,0,1,0,0,0
20090914_044,004.raw,61c,61c,32.409,33.419,FALSE,expl-conf,->explicit_confirm$query.departure_place,[],{u'query.departure_place': u'FORBES'},{u'route': u'61c'},0,1,0,0,0,0,0,0,<route>,1,0,2,0,0,0,0,2,0,0,0
20090914_044,007.raw,51c,51c,54.051,54.981,FALSE,expl-conf,->explicit_confirm$query.departure_place,[],{u'query.departure_place': u'ZOO'},{u'route': u'51c'},0,1,0,0,0,0,0,0,<uncovered_route>,1,0,3,0,0,0,0,3,0,0,0
20090914_044,011.raw,no,no,74.093,74.473,FALSE,request,->request$query.departure_place,[],{},{},1,3,0,0,0,0,0,0,no,1,0,4,0,0,0,0,4,0,0,0
20090914_044,013.raw,61c,61c,84.711,85.631,FALSE,request,->inform$nonunderstanding_moveon->inform$neighborhood_strategy->request$departure_neighborhood,[],{},{u'route': u'61c'},0,3,0,0,0,0,0,0,<route>,1,0,5,0,0,0,0,5,0,0,0
20090914_044,014.raw,61c,61c,93.565,94.435,FALSE,request,->request$departure_neighborhood,[],{},{u'route': u'61c'},0,3,0,0,0,0,0,0,<route>,1,0,6,0,0,0,0,6,0,0,0
20090914_044,017.raw,51a,sixty one c,116.205,117.115,FALSE,request,->request$departure_neighborhood->request$departure_neighborhood,[],{},{u'route': u'61c'},0,3,0,0,0,0,0,0,<uncovered_route>,1,0,7,0,0,0,0,7,0,0,0
20090914_044,018.raw,e moon,e moon,126.643,127.143,FALSE,request,->request$departure_neighborhood,[],{},{},0,3,0,0,0,0,0,0,e <uncovered_place>,1,0,8,0,0,0,0,8,0,0,0
20090914_044,022.raw,no,no,148.081,148.451,FALSE,expl-conf,->explicit_confirm$query.departure_place,[],{u'query.departure_place': u'MIFFLIN'},{},0,4,0,0,0,0,0,0,no,1,0,9,0,0,0,0,9,0,0,0
20090914_044,023.raw,no,no,152.665,153.045,FALSE,request,->request$departure_neighborhood,[],{},{},0,4,0,0,0,0,0,0,no,1,0,10,0,0,0,0,10,0,0,0
20090914_045,002.raw,north hills,north hills,21.103,22.013,FALSE,impl-conf,->implicit_confirm$query.departure_place->request$query.arrival_place,[],{u'query.departure_place': u'OAKLAND'},{u'to.desc': u'north hills'},0,0,0,0,0,0,0,0,<place> hills,1,0,1,0,0,0,0,1,0,0,0
20090914_045,003.raw,no,no,26.057,26.467,FALSE,expl-conf,->explicit_confirm$query.arrival_place,[],{u'query.arrival_place': u'NORTH'},{},0,0,0,0,0,0,0,0,no,0,1,1,0,0,0,1,1,0,0,0
20090914_045,004.raw,strip district,strip district,29.933,30.823,FALSE,request,->request$query.arrival_place,[],{},{u'to.neighborhood': u'strip district'},0,0,0,0,0,0,0,0,<place> district,0,2,1,0,0,0,2,1,0,0,0
20090914_046,002.raw,yes,yes,20.298,20.818,FALSE,expl-conf,->explicit_confirm$query.departure_place,[],{u'query.departure_place': u'SWISSVALE'},{},1,1,0,0,0,0,0,0,yes,1,0,1,0,0,0,0,1,0,0,0
20090914_046,003.raw,north braddock,north braddock,24.63,25.39,FALSE,ack,->inform$confirm_okay->request$query.arrival_place,[],{},{u'to.neighborhood': u'north braddock'},0,1,0,0,0,0,0,0,<place> <place>,0,1,1,0,0,0,1,1,0,0,0
20090914_046,004.raw,now,now,30.194,30.544,FALSE,impl-conf,->implicit_confirm$query.arrival_place->request$query.travel_time,[],{u'query.arrival_place': u'NORTH BRADDOCK'},{u'time.rel': u'next'},0,1,0,0,0,0,0,0,now,0,2,1,0,0,0,2,1,0,0,0
20090914_046,006.raw,when is the previous bus,when is the previous bus,62.784,64.294,FALSE,impl-conf,->implicit_confirm$query.travel_time.time->inform$looking_up_database_first->inform$result->request$next_query,[],"{u'query.travel_time.time': u'The next bus', u'result': u'61A'}",{},0,1,0,0,0,0,0,0,when is the previous bus,3,2,1,0,1,0,2,1,0,1,0
20090914_047,003.raw,oakland,oakland,20.347,20.957,FALSE,ack,->inform$confirm_okay->request$query.departure_place,[],{},{u'from.neighborhood': u'oakland'},0,1,0,0,0,0,0,0,<place>,1,0,1,0,0,0,0,1,0,0,0
20090914_047,004.raw,strip district,strip district,25.469,26.379,FALSE,impl-conf,->implicit_confirm$query.departure_place->request$query.arrival_place,[],{u'query.departure_place': u'OAKLAND'},{u'to.neighborhood': u'strip district'},0,1,0,0,0,0,0,0,<place> district,1,0,2,0,0,0,0,2,0,0,0
20090914_047,005.raw,now,now,31.233,31.773,FALSE,impl-conf,->implicit_confirm$query.arrival_place->request$query.travel_time,[],{u'query.arrival_place': u'STRIP DISTRICT'},{u'time.rel': u'next'},0,1,0,0,0,0,0,0,now,0,1,2,0,0,0,1,2,0,0,0
20090915_000,001.raw,yes,yes,16.638,16.898,FALSE,expl-conf,->explicit_confirm$query.travel_time.time,[],{u'query.travel_time.time': u'the next bus'},{},0,0,0,0,0,0,0,0,yes,2,0,0,1,0,0,0,0,1,0,0
20090915_000,002.raw,smithfield and fifth,smithfield and fifth,21.246,22.766,FALSE,ack,->inform$confirm_okay->request$query.departure_place,[],{},{u'from.desc': u'smithfield and fifth'},0,0,0,0,0,0,0,0,<place> and <place>,1,0,1,1,0,0,0,1,1,0,0
20090915_000,003.raw,yes,yes,27.636,27.896,FALSE,expl-conf,->explicit_confirm$query.departure_place,[],{u'query.departure_place': u'SMITHFIELD AND FIFTH'},{},0,0,0,0,0,0,0,0,yes,1,0,2,1,0,0,0,2,1,0,0
20090915_000,004.raw,oakland,oakland,32.092,32.702,FALSE,ack,->inform$confirm_okay->request$query.arrival_place,[],{},{u'to.neighborhood': u'oakland'},0,0,0,0,0,0,0,0,<place>,0,1,2,1,0,0,1,2,1,0,0
20090915_001,002.raw,brownsville road,brownsville road,23.56,24.52,FALSE,request,->request$query.departure_place,[],{},{u'from.desc': u'brownsville road'},0,0,0,0,0,0,0,0,<place>,1,0,1,0,0,0,0,1,0,0,0
20090915_001,003.raw,no,no,28.98,29.41,FALSE,expl-conf,->explicit_confirm$query.departure_place,[],{u'query.departure_place': u'BROWNSVILLE ROAD'},{},0,0,0,0,0,0,0,0,no,1,0,2,0,0,0,0,2,0,0,0
20090915_001,004.raw,eighteenth and oliver,eighteenth and oliver,38.576,39.646,FALSE,request,->request$query.departure_place,[],{},{u'from.desc': u'eighteenth and oliver'},0,0,0,0,0,0,0,0,<place> and <place>,1,0,3,0,0,0,0,3,0,0,0
20090915_001,005.raw,yes,yes,44.286,44.566,FALSE,expl-conf,->explicit_confirm$query.departure_place,[],{u'query.departure_place': u'EIGHTEENTH AND OLIVER'},{},0,0,0,0,0,0,0,0,yes,1,0,4,0,0,0,0,4,0,0,0
20090915_001,006.raw,oakland,oakland,49.958,50.418,FALSE,ack,->inform$confirm_okay->request$query.arrival_place,[],{},{u'to.neighborhood': u'oakland'},0,0,0,0,0,0,0,0,<place>,0,1,4,0,0,0,1,4,0,0,0
20090915_001,007.raw,six a m,six a m,55.498,56.118,FALSE,impl-conf,->implicit_confirm$query.arrival_place->request$query.travel_time,[],{u'query.arrival_place': u'OAKLAND'},{},0,0,0,0,0,0,0,0,<time>,0,2,4,0,0,0,2,4,0,0,0
20090915_001,008.raw,previous bus,previous bus,76.444,77.174,FALSE,impl-conf,->implicit_confirm$query.travel_time.time->inform$looking_up_database_first->inform$result->request$next_query,[],"{u'query.travel_time.time': u'Leaving at 6 a.m.', u'result': u'54C'}",{},1,1,0,0,0,0,0,0,previous bus,3,2,4,0,1,0,2,4,0,1,0
20090915_005,001.raw,no,no,17.657,18.017,FALSE,expl-conf,->explicit_confirm$query.departure_place,[],{u'query.departure_place': u'SWISSVALE'},{},0,0,0,0,0,0,0,0,no,1,0,1,0,0,0,0,1,0,0,0
20090915_005,002.raw,yes,yes,21.857,31.917,FALSE,expl-conf,->explicit_confirm$query.departure_place,[],{u'query.departure_place': u'FORBES'},{},0,0,0,0,0,0,0,0,yes,1,0,2,0,0,0,0,2,0,0,0
20090915_005,003.raw,north homewood,fifth avenue,36.473,37.313,FALSE,ack,->inform$confirm_okay->request$query.arrival_place,[],{},{u'to.desc': u'fifth'},0,0,0,0,0,0,0,0,<place> home<place>,0,1,2,0,0,0,1,2,0,0,0
20090915_005,005.raw,fifth at seven in downtown,fifth avenue downtown,45.675,47.405,FALSE,request,->request$query.arrival_place,[],{},{u'to.desc': u'fifth avenue'},0,0,0,0,0,0,0,0,<place> at <time> in <neighborhood>,0,2,2,0,0,0,2,2,0,0,0
20090915_005,006.raw,yes,yes,51.967,52.327,FALSE,expl-conf,->explicit_confirm$query.arrival_place,[],{u'query.arrival_place': u'DOWNTOWN'},{},0,0,0,0,0,0,0,0,yes,0,3,2,0,0,0,3,2,0,0,0
20090915_005,008.raw,today the 60m,today the 60m,63.433,64.943,FALSE,request,->request$query.travel_time,[],{},"{u'route': u'60m', u'date.day': u'today'}",0,0,0,0,0,0,0,0,today the <uncovered_route>,2,3,2,1,0,0,3,2,1,0,0
20090915_005,009.raw,today,today,68.759,69.189,FALSE,request,->request$query.travel_time,[],{},{u'date.day': u'today'},0,0,0,0,0,0,0,0,today,2,3,2,2,0,0,3,2,2,0,0
20090915_005,010.raw,60m,60m,73.465,74.305,FALSE,request,->request$exact_travel_time,[],{},{u'route': u'60m'},0,0,0,0,0,0,0,0,<uncovered_route>,2,3,2,3,0,0,3,2,3,0,0
20090915_005,011.raw,the want the next bus,i want the next bus,84.065,85.135,FALSE,example,->request$exact_travel_time,[],{},{},0,0,0,0,0,0,0,0,the want the next bus,2,3,2,4,0,0,3,2,4,0,0
20090915_005,012.raw,correct,correct,89.313,89.763,FALSE,expl-conf,->explicit_confirm$query.travel_time.time,[],{u'query.travel_time.time': u'the next bus'},{},0,0,0,0,0,0,0,0,correct,2,3,2,5,0,0,3,2,5,0,0
20090915_007,003.raw,fifth avenue,fifth avenue,21.403,22.103,FALSE,ack,->inform$confirm_okay->request$query.departure_place,[],{},{u'from.desc': u'fifth avenue'},0,2,0,0,0,0,0,0,<place>,1,0,1,0,0,0,0,1,0,0,0
20090915_007,004.raw,correct,correct,26.187,26.687,FALSE,expl-conf,->explicit_confirm$query.departure_place,[],{u'query.departure_place': u'FIFTH AVENUE'},{},1,3,0,0,0,0,0,0,correct,1,0,2,0,0,0,0,2,0,0,0
20090915_007,006.raw,south side,southside junction,34.793,35.323,FALSE,example,->request$query.arrival_place,[],{},{},1,4,0,0,0,0,0,0,<place> side,0,1,2,0,0,0,1,2,0,0,0
20090915_007,007.raw,correct,correct,50.951,51.371,FALSE,expl-conf,->explicit_confirm$query.arrival_place->explicit_confirm$query.arrival_place,[],{u'query.arrival_place': u'SOUTH SIDE'},{},0,4,0,0,0,0,0,0,correct,0,2,2,0,0,0,2,2,0,0,0
20090915_007,009.raw,franks,franks,58.961,59.341,FALSE,impl-conf,->implicit_confirm$query.travel_time.time->inform$looking_up_database_first,[],{u'query.travel_time.time': u'The next bus'},{u'to.desc': u'franks'},1,5,0,0,0,0,0,0,franks,2,2,2,1,0,0,2,2,1,0,0
20090915_007,010.raw,next bus,next bus,82.267,83.047,FALSE,schedule,->inform$result->request$next_query,[],{u'result': u'54C'},{},1,6,0,0,0,0,0,0,next bus,3,2,2,1,1,0,2,2,1,1,0
20090915_007,011.raw,thank you,thank you,105.415,106.045,FALSE,hold-on,->inform$looking_up_database_subsequent->inform$result->request$next_query,[],{u'result': u'54C'},{},1,7,0,0,0,0,0,0,thank you,3,2,2,1,2,0,2,2,1,2,0
20090915_009,002.raw,b,b,19.721,20.011,FALSE,expl-conf,->explicit_confirm$query.departure_place,[],{u'query.departure_place': u'SOUTH HILLS JUNCTION'},{u'route': u'b'},0,1,0,0,0,0,0,0,b,1,0,1,0,0,0,0,1,0,0,0
20090915_009,003.raw,yes,yes,23.911,24.301,FALSE,expl-conf,->explicit_confirm$query.departure_place,[],{u'query.departure_place': u'SOUTH HILLS JUNCTION'},{},1,2,0,0,0,0,0,0,yes,1,0,2,0,0,0,0,2,0,0,0
20090915_009,004.raw,south side,south side,27.253,27.973,FALSE,ack,->inform$confirm_okay->request$query.arrival_place,[],{},{u'to.neighborhood': u'south side'},0,2,0,0,0,0,0,0,<place> side,0,1,2,0,0,0,1,2,0,0,0
20090915_009,006.raw,south side,south side,32.725,33.895,FALSE,request,->request$query.arrival_place,[],{},"{u'to.neighborhood': u'south side', u'to.desc': u'south braddock'}",0,3,0,0,0,0,0,0,<place> side,0,2,2,0,0,0,2,2,0,0,0
20090915_009,007.raw,yes,yes,37.189,37.489,FALSE,expl-conf,->explicit_confirm$query.arrival_place,[],{u'query.arrival_place': u'SOUTH SIDE'},{},1,4,0,0,0,0,0,0,yes,0,3,2,0,0,0,3,2,0,0,0
20090915_009,009.raw,e,e,43.411,43.811,FALSE,expl-conf,->explicit_confirm$query.travel_time.time,[],{u'query.travel_time.time': u'the next bus'},{},1,6,0,0,0,0,0,0,e,2,3,2,1,0,0,3,2,1,0,0
20090915_009,010.raw,yes,yes,46.823,47.243,FALSE,expl-conf,->explicit_confirm$query.travel_time.time,[],{u'query.travel_time.time': u'the next bus'},{},1,7,0,0,0,0,0,0,yes,2,3,2,2,0,0,3,2,2,0,0
20090915_021,002.raw,54c,54c,26.133,27.063,FALSE,expl-conf,->explicit_confirm$query.departure_place,[],{u'query.departure_place': u'NORTH'},{u'route': u'54c'},0,2,0,1,0,0,0,0,<route>,1,0,1,0,0,0,0,1,0,0,0
20090915_021,004.raw,south side,south side,31.179,31.909,FALSE,expl-conf,->explicit_confirm$query.departure_place,[],{u'query.departure_place': u'NORTH'},{u'from.neighborhood': u'south side'},1,3,0,1,0,0,0,0,<place> side,1,0,2,0,0,0,0,2,0,0,0
20090915_021,005.raw,right,right,34.977,35.277,FALSE,expl-conf,->explicit_confirm$query.departure_place,[],{u'query.departure_place': u'SOUTH SIDE'},{},1,4,0,1,0,0,0,0,right,1,0,3,0,0,0,0,3,0,0,0
20090915_021,007.raw,correct,correct,40.529,40.959,FALSE,expl-conf,->explicit_confirm$query.arrival_place,[],{u'query.arrival_place': u'THE JUNCTION'},{},1,5,0,1,0,0,0,0,correct,0,1,3,0,0,0,1,3,0,0,0
20090915_021,010.raw,dtmf_two,the next scheduling route,55.239,57.503,FALSE,request,->request$query.travel_time,[],{},{},0,6,1,2,0,0,0,0,dtmf_<time>,2,1,3,1,0,0,1,3,1,0,0
20090915_021,011.raw,now,now,59.543,59.963,FALSE,request,->request$query.travel_time,[],{},{u'time.rel': u'next'},0,6,0,2,0,0,0,0,now,2,1,3,2,0,0,1,3,2,0,0
20090915_021,012.raw,when is the previous bus,when is the previous bus,82.081,83.331,FALSE,impl-conf,->implicit_confirm$query.travel_time.time->inform$looking_up_database_first->inform$result->request$next_query,[],"{u'query.travel_time.time': u'The next bus', u'result': u'54C'}",{},1,7,0,2,0,0,0,0,when is the previous bus,3,1,3,2,1,0,1,3,2,1,0
20090915_021,016.raw,when is the next bus,when is the next bus,108.581,109.611,FALSE,hold-on,->inform$looking_up_database_subsequent->inform$result->request$next_query,[],{u'result': u'54C'},{},1,11,0,3,0,0,0,0,when is the next bus,3,1,3,2,2,0,1,3,2,2,0
20090915_021,017.raw,what the next bus,what the next bus,124.139,125.129,FALSE,hold-on,->inform$looking_up_database_subsequent->inform$result->request$next_query,[],{u'result': u'54C'},{},1,12,0,3,0,0,0,0,what the next bus,3,1,3,2,3,0,1,3,2,3,0
20090915_022,006.raw,eight now,eight now,72.128,72.778,FALSE,ack,->inform$confirm_okay->explicit_confirm$query.departure_place,[],{u'query.departure_place': u'PITT'},{},0,2,0,1,0,0,0,0,<time> now,1,0,1,0,0,0,0,1,0,0,0
20090915_022,007.raw,no,no,76.672,77.202,FALSE,expl-conf,->explicit_confirm$query.departure_place,[],{u'query.departure_place': u'PITT'},{},0,2,0,1,0,0,0,0,no,1,0,2,0,0,0,0,2,0,0,0
20090915_022,008.raw,yes,yes,82.678,83.298,FALSE,expl-conf,->explicit_confirm$query.travel_time.time,[],{u'query.travel_time.time': u'the next bus'},{},0,2,0,1,0,0,0,0,yes,2,0,2,1,0,0,0,2,1,0,0
20090915_022,009.raw,dynamo way,dynamo way,88.152,89.192,FALSE,ack,->inform$confirm_okay->request$query.departure_place,[],{},{u'from.desc': u'dynamo way'},0,2,0,1,0,0,0,0,<place> way,1,0,3,1,0,0,0,3,1,0,0
20090915_022,010.raw,downtown pittsburgh,downtown pittsburgh,93.936,95.306,FALSE,impl-conf,->implicit_confirm$query.departure_place->request$query.arrival_place,[],{u'query.departure_place': u'DYNAMO WAY'},{u'to.neighborhood': u'downtown pittsburgh'},1,3,0,1,0,0,0,0,<neighborhood> <place>sburgh,1,0,4,1,0,0,0,4,1,0,0
20090915_022,011.raw,craft rodi d 18c,i didnt hear you,128.034,129.834,FALSE,impl-conf,->implicit_confirm$query.arrival_place->inform$looking_up_database_first->inform$result->request$next_query,[],"{u'result': u'61A', u'query.arrival_place': u'DOWNTOWN PITTSBURGH'}",{},0,3,0,1,0,0,0,0,<place> rodi d <uncovered_route>,3,0,4,1,1,0,0,4,1,1,0
20090915_022,013.raw,goodbye,goodbye,162.53,163.03,FALSE,hold-on,->inform$looking_up_database_subsequent->inform$result->request$next_query,[],{u'result': u'61A'},{},0,3,0,1,0,0,0,0,goodbye,3,0,4,1,2,0,0,4,1,2,0
20090915_025,003.raw,yes,yes,22.036,22.436,FALSE,expl-conf,->explicit_confirm$query.departure_place,[],{u'query.departure_place': u'SOUTH HILLS JUNCTION'},{},1,2,0,0,0,0,0,0,yes,1,0,1,0,0,0,0,1,0,0,0
20090915_025,004.raw,oakland,oakland,25.408,25.948,FALSE,ack,->inform$confirm_okay->request$query.arrival_place,[],{},{u'to.neighborhood': u'oakland'},0,2,0,0,0,0,0,0,<place>,0,1,1,0,0,0,1,1,0,0,0
20090915_025,005.raw,now,now,30.824,31.194,FALSE,impl-conf,->implicit_confirm$query.arrival_place->request$query.travel_time,[],{u'query.arrival_place': u'OAKLAND'},{u'time.rel': u'next'},0,2,0,0,0,0,0,0,now,0,2,1,0,0,0,2,1,0,0,0
20090915_025,006.raw,when is the previous bus,when is the previous bus,54.43,55.7,FALSE,impl-conf,->implicit_confirm$query.travel_time.time->inform$looking_up_database_first->inform$result->request$next_query,[],"{u'query.travel_time.time': u'The next bus', u'result': u'54C'}",{},1,3,0,0,0,0,0,0,when is the previous bus,3,2,1,0,1,0,2,1,0,1,0
20090915_025,007.raw,when is the next bus,when is the next bus,73.63,74.55,FALSE,hold-on,->inform$looking_up_database_subsequent->inform$result->request$next_query,[],{u'result': u'54C'},{},1,4,0,0,0,0,0,0,when is the next bus,3,2,1,0,2,0,2,1,0,2,0
20090915_026,008.raw,waterfront,waterfront,59.115,59.755,FALSE,ack,->inform$confirm_okay->request$query.departure_place,[],{},{u'from.desc': u'waterfront'},0,3,0,0,0,0,0,0,<place>,1,0,1,0,0,0,0,1,0,0,0
20090915_026,009.raw,yes,yes,64.113,64.463,FALSE,expl-conf,->explicit_confirm$query.departure_place,[],{u'query.departure_place': u'WATERFRONT'},{},0,3,0,0,0,0,0,0,yes,1,0,2,0,0,0,0,2,0,0,0
20090915_026,010.raw,downtown,downtown,67.445,68.015,FALSE,ack,->inform$confirm_okay->request$query.arrival_place,[],{},{u'to.neighborhood': u'downtown'},0,3,0,0,0,0,0,0,<neighborhood>,0,1,2,0,0,0,1,2,0,0,0
20090915_026,011.raw,now,now,73.427,73.767,FALSE,impl-conf,->implicit_confirm$query.arrival_place->request$query.travel_time,[],{u'query.arrival_place': u'DOWNTOWN'},{u'time.rel': u'next'},0,3,0,0,0,0,0,0,now,0,2,2,0,0,0,2,2,0,0,0
20090915_027,001.raw,1d,1d,7.248,7.648,FALSE,expl-conf,->explicit_confirm$query.departure_place,[],{u'query.departure_place': u'ELM'},{u'route': u'1d'},1,2,0,0,0,0,0,0,<uncovered_route>,1,0,1,0,0,0,0,1,0,0,0
20090915_027,002.raw,31e,31e,8.758,9.398,FALSE,expl-conf,->explicit_confirm$query.departure_place,[],{u'query.departure_place': u'ELM'},{u'route': u'31e'},1,3,0,0,0,0,0,0,<uncovered_route>,1,0,2,0,0,0,0,2,0,0,0
20090915_027,007.raw,no,no,24.99,25.76,FALSE,expl-conf,->explicit_confirm$query.departure_place,[],{u'query.departure_place': u'BELL'},{},0,4,0,0,0,0,0,0,no,1,0,3,0,0,0,0,3,0,0,0
20090915_027,010.raw,no,no,35.904,36.074,FALSE,expl-conf,->explicit_confirm$query.travel_time.time,[],{u'query.travel_time.time': u'Leaving at 6 a.m.'},{},0,4,0,0,0,0,0,0,no,2,0,3,1,0,0,0,3,1,0,0
20090915_028,005.raw,forbes and murray,forbes and murray,19.63,20.76,FALSE,ack,->inform$confirm_okay->request$query.departure_place,[],{},{u'from.desc': u'forbes and murray'},0,0,0,0,0,0,0,0,<place>,1,0,1,0,0,0,0,1,0,0,0
20090915_028,006.raw,wall,wall,25.302,25.592,FALSE,expl-conf,->explicit_confirm$query.departure_place,[],{u'query.departure_place': u'FORBES AND MURRAY'},{u'from.neighborhood': u'wall'},0,0,0,0,0,0,0,0,<uncovered_place>,1,0,2,0,0,0,0,2,0,0,0
20090915_028,008.raw,yes,yes,29.87,30.36,FALSE,expl-conf,->explicit_confirm$query.departure_place,[],{u'query.departure_place': u'FORBES AND MURRAY'},{},0,0,0,0,0,0,0,0,yes,1,0,3,0,0,0,0,3,0,0,0
20090915_028,013.raw,forbes and murray,forbes and murray,55.042,55.922,FALSE,ack,->inform$confirm_okay->request$query.departure_place,[],{},{u'from.desc': u'forbes and murray'},0,2,0,0,0,0,0,0,<place>,1,0,4,0,0,0,0,4,0,0,0
20090915_028,014.raw,yes,yes,59.876,60.376,FALSE,expl-conf,->explicit_confirm$query.departure_place,[],{u'query.departure_place': u'FORBES AND MURRAY'},{},1,3,0,0,0,0,0,0,yes,1,0,5,0,0,0,0,5,0,0,0
20090915_028,015.raw,homestead,homestead,65.728,66.378,FALSE,ack,->inform$confirm_okay->request$query.arrival_place,[],{},{u'to.neighborhood': u'homestead'},0,3,0,0,0,0,0,0,<neighborhood>,0,1,5,0,0,0,1,5,0,0,0
20090915_028,016.raw,now,now,70.928,71.448,FALSE,impl-conf,->implicit_confirm$query.arrival_place->request$query.travel_time,[],{u'query.arrival_place': u'HOMESTEAD'},{u'time.rel': u'next'},0,3,0,0,0,0,0,0,now,0,2,5,0,0,0,2,5,0,0,0
20090915_029,004.raw,swissvale,swissvale,30.499,31.129,FALSE,impl-conf,->implicit_confirm$query.departure_place->request$query.arrival_place,[],{u'query.departure_place': u'EAST PITTSBURGH'},{u'to.neighborhood': u'swissvale'},0,0,0,0,0,0,0,0,<place>,1,0,1,0,0,0,0,1,0,0,0
20090915_029,005.raw,nine thirty p m,nine thirty p m,35.871,37.081,FALSE,impl-conf,->implicit_confirm$query.arrival_place->request$query.travel_time,[],{u'query.arrival_place': u'SWISSVALE'},{},0,0,0,0,0,0,0,0,<time> thirty p m,0,1,1,0,0,0,1,1,0,0,0
20090915_029,006.raw,when is the previous bus,what is the previous bus,54.721,56.011,FALSE,impl-conf,->implicit_confirm$query.travel_time.time->inform$looking_up_database_first->inform$result->request$next_query,[],"{u'query.travel_time.time': u'Leaving at 9 30 p.m.', u'result': u'61A'}",{},1,1,0,0,0,0,0,0,when is the previous bus,3,1,1,0,1,0,1,1,0,1,0
20090915_031,002.raw,to bethel,% washington,18.216,18.896,FALSE,impl-conf,->implicit_confirm$query.departure_place,[],{u'query.departure_place': u'COAL'},{},1,1,0,0,0,0,0,0,to <uncovered_place>,1,0,1,0,0,0,0,1,0,0,0
20090915_031,004.raw,north braddock,north braddock,25.92,26.63,FALSE,request,->request$query.arrival_place,[],{},{u'to.neighborhood': u'north braddock'},0,1,0,0,0,0,0,0,<place> <place>,0,1,1,0,0,0,1,1,0,0,0
20090915_031,005.raw,brentwood,brentwood,31.114,31.674,FALSE,impl-conf,->implicit_confirm$query.arrival_place->request$query.travel_time,[],{u'query.arrival_place': u'NORTH BRADDOCK'},{u'to.neighborhood': u'brentwood'},0,1,0,0,0,0,0,0,brent<place>,0,2,1,0,0,0,2,1,0,0,0
20090915_031,006.raw,right now,right now,34.674,35.234,FALSE,request,->request$query.travel_time,[],{},{u'time.rel': u'next'},0,1,0,0,0,0,0,0,right now,2,2,1,1,0,0,2,1,1,0,0
20090915_034,003.raw,noble,noble,19.505,20.125,FALSE,request,->request$query.departure_place,[],{},{u'from.desc': u'noble'},0,0,0,0,0,0,0,0,<place>,1,0,1,0,0,0,0,1,0,0,0
20090915_034,004.raw,yes,yes,23.955,24.255,FALSE,expl-conf,->explicit_confirm$query.departure_place,[],{u'query.departure_place': u'NOBLE'},{},0,0,0,0,0,0,0,0,yes,1,0,2,0,0,0,0,2,0,0,0
20090915_034,005.raw,north braddock,north braddock,28.047,28.807,FALSE,ack,->inform$confirm_okay->request$query.arrival_place,[],{},{u'to.neighborhood': u'north braddock'},0,0,0,0,0,0,0,0,<place> <place>,0,1,2,0,0,0,1,2,0,0,0
20090915_034,006.raw,yes,yes,33.201,33.551,FALSE,expl-conf,->explicit_confirm$query.arrival_place,[],{u'query.arrival_place': u'NORTH BRADDOCK'},{},0,0,0,0,0,0,0,0,yes,0,2,2,0,0,0,2,2,0,0,0
20090915_035,003.raw,turtle creek,teriaki,35.948,36.688,FALSE,impl-conf,->implicit_confirm$query.departure_place->request$query.arrival_place,[],{u'query.departure_place': u'NOBLE'},{},0,2,0,0,0,0,0,0,<uncovered_place>,1,0,1,0,0,0,0,1,0,0,0
20090915_041,002.raw,mount oliver,mount oliver,18.776,19.996,FALSE,ack,->inform$confirm_okay->request$query.departure_place,[],{},{u'from.neighborhood': u'mount oliver'},0,1,0,0,0,0,0,0,mount <place>,1,0,1,0,0,0,0,1,0,0,0
20090915_041,003.raw,south hills junction,south hills junction,24.952,26.572,FALSE,impl-conf,->implicit_confirm$query.departure_place->request$query.arrival_place,[],{u'query.departure_place': u'MOUNT OLIVER'},{u'to.desc': u'south hills junction'},0,1,0,0,0,0,0,0,<place>,1,0,2,0,0,0,0,2,0,0,0
20090915_041,004.raw,yes,yes,31.02,31.57,FALSE,expl-conf,->explicit_confirm$query.arrival_place,[],{u'query.arrival_place': u'SOUTH HILLS JUNCTION'},{},1,2,0,0,0,0,0,0,yes,0,1,2,0,0,0,1,2,0,0,0
20090915_043,005.raw,yes,yes,57.422,57.872,FALSE,expl-conf,->explicit_confirm$query.arrival_place,[],{u'query.arrival_place': u'EVANS AT FIFTH'},{},0,0,0,0,0,0,0,0,yes,0,1,0,0,0,0,1,0,0,0,0
20090915_043,008.raw,u,u,73.618,73.848,FALSE,request,->request$query.travel_time,[],{},{},0,1,0,0,0,0,0,0,u,2,1,0,1,0,0,1,0,1,0,0
20090915_043,009.raw,right now,right now,77.684,78.244,FALSE,request,->request$query.travel_time,[],{},{u'time.rel': u'next'},0,1,0,0,0,0,0,0,right now,2,1,0,2,0,0,1,0,2,0,0
20090915_044,005.raw,no leave,no leave,28.695,29.245,FALSE,expl-conf,->explicit_confirm$query.departure_place,[],{u'query.departure_place': u'AIRPORT'},{},0,0,0,0,0,0,0,0,no leave,1,0,1,0,0,0,0,1,0,0,0
20090916_001,003.raw,yes,yes,25.564,26.044,FALSE,ack,->inform$confirm_okay->explicit_confirm$query.departure_place,[],{u'query.departure_place': u'CENTRE AND NEGLEY'},{},1,2,0,0,0,0,0,0,yes,1,0,1,0,0,0,0,1,0,0,0
20090916_001,005.raw,yes,yes,36.404,36.904,FALSE,ack,->inform$confirm_okay->explicit_confirm$query.travel_time.time,[],{u'query.travel_time.time': u'the next bus'},{},1,4,0,0,0,0,0,0,yes,2,0,1,1,0,0,0,1,1,0,0
20090916_002,002.raw,54c,54c,19.038,20.228,FALSE,expl-conf,->explicit_confirm$query.departure_place,[],{u'query.departure_place': u'HERRON'},{u'route': u'54c'},0,0,0,0,0,0,0,0,<route>,1,0,1,0,0,0,0,1,0,0,0
20090916_002,003.raw,no,no,23.78,24.21,FALSE,expl-conf,->explicit_confirm$query.departure_place,[],{u'query.departure_place': u'HERRON'},{},0,0,0,0,0,0,0,0,no,1,0,2,0,0,0,0,2,0,0,0
20090916_002,005.raw,wall federal,west town hospital,32.474,33.664,FALSE,ack,->inform$confirm_okay->request$query.departure_place,[],{},{},0,0,0,0,0,0,0,0,<uncovered_place> <place>,1,0,3,0,0,0,0,3,0,0,0
20090916_002,006.raw,no,no,37.634,38.034,FALSE,expl-conf,->explicit_confirm$query.departure_place,[],{u'query.departure_place': u'FEDERAL'},{},0,0,0,0,0,0,0,0,no,1,0,4,0,0,0,0,4,0,0,0
20090916_002,008.raw,west penn hospital,west penn hospital,44.24,45.44,FALSE,request,->request$query.departure_place,[],{},{u'from.monument': u'west penn hospital'},0,0,0,0,0,0,0,0,<place> hospital,1,0,5,0,0,0,0,5,0,0,0
20090916_002,009.raw,yes,yes,49.68,49.95,FALSE,expl-conf,->explicit_confirm$query.departure_place,[],{u'query.departure_place': u'WEST PENN HOSPITAL'},{},0,0,0,0,0,0,0,0,yes,1,0,6,0,0,0,0,6,0,0,0
20090916_002,010.raw,south hill junction,south hill junction,53.116,54.366,FALSE,ack,->inform$confirm_okay->request$query.arrival_place,[],{},{},0,0,0,0,0,0,0,0,<place> hill <place>,0,1,6,0,0,0,1,6,0,0,0
20090916_002,011.raw,south hills junction,south hills junction,58.26,59.36,FALSE,expl-conf,->explicit_confirm$query.arrival_place,[],{u'query.arrival_place': u'SOUTH'},{u'to.desc': u'south hills junction'},0,0,0,0,0,0,0,0,<place>,0,2,6,0,0,0,2,6,0,0,0
20090916_004,002.raw,swissvale,swissvale,19.237,20.057,FALSE,ack,->inform$confirm_okay->request$query.departure_place,[],{},{u'from.neighborhood': u'swissvale'},0,1,0,0,0,0,0,0,<place>,1,0,1,0,0,0,0,1,0,0,0
20090916_004,003.raw,north braddock,north braddock,24.659,25.459,FALSE,impl-conf,->implicit_confirm$query.departure_place->request$query.arrival_place,[],{u'query.departure_place': u'SWISSVALE'},{u'to.neighborhood': u'north braddock'},0,1,0,0,0,0,0,0,<place> <place>,1,0,2,0,0,0,0,2,0,0,0
20090916_004,004.raw,nine thirty p m,nine thirty p m,30.281,31.801,FALSE,impl-conf,->implicit_confirm$query.arrival_place->request$query.travel_time,[],{u'query.arrival_place': u'NORTH BRADDOCK'},{},0,1,0,0,0,0,0,0,<time> thirty p m,0,1,2,0,0,0,1,2,0,0,0
20090916_006,004.raw,homestead,homestead,30.683,31.683,FALSE,ack,->inform$confirm_okay->request$query.departure_place,[],{},{u'from.neighborhood': u'homestead'},0,0,0,0,0,0,0,0,<neighborhood>,1,0,1,0,0,0,0,1,0,0,0
20090916_006,005.raw,oakland,oakland,37.285,37.985,FALSE,impl-conf,->implicit_confirm$query.departure_place->request$query.arrival_place,[],{u'query.departure_place': u'HOMESTEAD'},{u'to.neighborhood': u'oakland'},0,0,0,0,0,0,0,0,<place>,1,0,2,0,0,0,0,2,0,0,0
20090916_006,006.raw,seven o'clock p m,seven o'clock p m,44.151,45.871,FALSE,impl-conf,->implicit_confirm$query.arrival_place->request$query.travel_time,[],{u'query.arrival_place': u'OAKLAND'},{},0,0,0,0,0,0,0,0,<time> o'clock p m,0,1,2,0,0,0,1,2,0,0,0
20090916_006,007.raw,next bus,next bus,70.723,71.913,FALSE,impl-conf,->implicit_confirm$query.travel_time.time->inform$looking_up_database_first->inform$result->request$next_query,[],"{u'query.travel_time.time': u'Leaving at 7 p.m.', u'result': u'61C'}",{},1,1,0,0,0,0,0,0,next bus,3,1,2,0,1,0,1,2,0,1,0
20090916_010,002.raw,fifth and oakland avenue,fifth and oakland avenue,21.382,22.472,FALSE,ack,->inform$confirm_okay->request$query.departure_place,[],{},{u'from.desc': u'fifth and oakland avenue'},0,0,0,0,0,0,0,0,<place> and <place> avenue,1,0,1,0,0,0,0,1,0,0,0
20090916_010,003.raw,yes,yes,27.166,27.476,FALSE,expl-conf,->explicit_confirm$query.departure_place,[],{u'query.departure_place': u'OAKLAND AVENUE'},{},0,0,0,0,0,0,0,0,yes,1,0,2,0,0,0,0,2,0,0,0
20090916_010,004.raw,t five tree,t five tree,31.764,32.674,FALSE,ack,->inform$confirm_okay->request$query.arrival_place,[],{},{},0,0,0,0,0,0,0,0,t <time> tree,0,1,2,0,0,0,1,2,0,0,0
20090916_010,006.raw,north side,north side,40.862,41.452,FALSE,example,->request$query.arrival_place,[],{},"{u'to.neighborhood': u'north side', u'to.desc': u'cedar at north'}",0,0,0,0,0,0,0,0,<place> side,0,2,2,0,0,0,2,2,0,0,0
20090916_010,007.raw,seven thirty,seven thirty,47.786,48.576,FALSE,impl-conf,->implicit_confirm$query.arrival_place->request$query.travel_time,[],{u'query.arrival_place': u'NORTH SIDE'},{},0,0,0,0,0,0,0,0,<time> thirty,0,3,2,0,0,0,3,2,0,0,0
20090916_012,002.raw,south side,south side,20.563,21.163,FALSE,impl-conf,->implicit_confirm$query.departure_place->request$query.arrival_place,[],{u'query.departure_place': u'BLOOMFIELD'},{u'to.neighborhood': u'south side'},0,0,0,0,0,0,0,0,<place> side,1,0,1,0,0,0,0,1,0,0,0
20090916_012,003.raw,next bus,next bus,25.461,26.221,FALSE,impl-conf,->implicit_confirm$query.arrival_place->request$query.travel_time,[],{u'query.arrival_place': u'SOUTH SIDE'},{},0,0,0,0,0,0,0,0,next bus,0,1,1,0,0,0,1,1,0,0,0
20090916_013,002.raw,south side,south side,20.032,20.562,FALSE,impl-conf,->implicit_confirm$query.departure_place->request$query.arrival_place,[],{u'query.departure_place': u'BLOOMFIELD'},{u'to.neighborhood': u'south side'},0,0,0,0,0,0,0,0,<place> side,1,0,1,0,0,0,0,1,0,0,0
20090916_013,004.raw,next bus,next bus,28.948,31.408,FALSE,request,->request$query.travel_time,[],{},{},0,0,0,0,0,0,0,0,next bus,2,0,1,1,0,0,0,1,1,0,0
20090916_018,002.raw,braddock,braddock,20.435,20.895,FALSE,ack,->inform$confirm_okay->request$query.departure_place,[],{},{u'from.neighborhood': u'braddock'},0,1,0,0,0,0,0,0,<place>,1,0,1,0,0,0,0,1,0,0,0
20090916_018,003.raw,swissvale,swissvale,25.397,25.977,FALSE,impl-conf,->implicit_confirm$query.departure_place->request$query.arrival_place,[],{u'query.departure_place': u'BRADDOCK'},{u'to.neighborhood': u'swissvale'},0,1,0,0,0,0,0,0,<place>,1,0,2,0,0,0,0,2,0,0,0
20090916_018,004.raw,next bus,next bus,30.847,31.647,FALSE,impl-conf,->implicit_confirm$query.arrival_place->request$query.travel_time,[],{u'query.arrival_place': u'SWISSVALE'},{},0,1,0,0,0,0,0,0,next bus,0,1,2,0,0,0,1,2,0,0,0
20090916_018,010.raw,braddock,braddock,83.745,84.295,FALSE,ack,->inform$confirm_okay->request$query.departure_place,[],{},{u'from.neighborhood': u'braddock'},0,4,0,0,0,0,0,0,<place>,1,1,3,0,0,0,1,3,0,0,0
20090916_018,011.raw,swissvale,swissvale,88.451,89.091,FALSE,impl-conf,->implicit_confirm$query.departure_place->request$query.arrival_place,[],{u'query.departure_place': u'BRADDOCK'},{u'to.neighborhood': u'swissvale'},0,4,0,0,0,0,0,0,<place>,1,1,4,0,0,0,1,4,0,0,0
20090916_018,012.raw,the next bus,the next bus,94.365,95.075,FALSE,impl-conf,->implicit_confirm$query.arrival_place->request$query.travel_time,[],{u'query.arrival_place': u'SWISSVALE'},{},0,4,0,0,0,0,0,0,the next bus,0,2,4,0,0,0,2,4,0,0,0
20090916_019,009.raw,mount oliver,mount oliver,51.24,52.01,FALSE,ack,->inform$confirm_okay->request$query.departure_place,[],{},{u'from.neighborhood': u'mount oliver'},0,3,0,0,0,0,0,0,mount <place>,1,0,1,0,0,0,0,1,0,0,0
20090916_019,010.raw,yes,yes,55.976,56.416,FALSE,expl-conf,->explicit_confirm$query.departure_place,[],{u'query.departure_place': u'MOUNT OLIVER'},{},1,4,0,0,0,0,0,0,yes,1,0,2,0,0,0,0,2,0,0,0
20090916_019,011.raw,station square,station square,59.342,60.202,FALSE,ack,->inform$confirm_okay->request$query.arrival_place,[],{},{u'to.desc': u'station square'},0,4,0,0,0,0,0,0,<uncovered_place>,0,1,2,0,0,0,1,2,0,0,0
20090916_021,002.raw,east pittsburgh,east pittsburgh,20.529,21.279,FALSE,impl-conf,->implicit_confirm$query.departure_place->request$query.arrival_place,[],{u'query.departure_place': u'SWISSVALE'},{u'to.neighborhood': u'east pittsburgh'},0,0,0,0,0,0,0,0,east <place>sburgh,1,0,1,0,0,0,0,1,0,0,0
20090916_021,003.raw,eight thirty p m,eight thirty p m,26.687,27.627,FALSE,impl-conf,->implicit_confirm$query.arrival_place->request$query.travel_time,[],{u'query.arrival_place': u'EAST PITTSBURGH'},{},0,0,0,0,0,0,0,0,<time> thirty p m,0,1,1,0,0,0,1,1,0,0,0
20090916_021,004.raw,when is the previous bus,when is the previous bus,48.885,50.235,FALSE,impl-conf,->implicit_confirm$query.travel_time.time->inform$looking_up_database_first->inform$result->request$next_query,[],"{u'query.travel_time.time': u'Leaving at 8 30 p.m.', u'result': u'61A'}",{},1,1,0,0,0,0,0,0,when is the previous bus,3,1,1,0,1,0,1,1,0,1,0
20090916_023,002.raw,east liberty,east liberty,19.623,20.393,FALSE,ack,->inform$confirm_okay->request$query.departure_place,[],{},{u'from.neighborhood': u'east liberty'},0,0,0,0,0,0,0,0,<place>,1,0,1,0,0,0,0,1,0,0,0
20090916_023,003.raw,waterfront,waterfront,25.067,25.767,FALSE,impl-conf,->implicit_confirm$query.departure_place->request$query.arrival_place,[],{u'query.departure_place': u'EAST LIBERTY'},{u'to.desc': u'waterfront'},0,0,0,0,0,0,0,0,<place>,1,0,2,0,0,0,0,2,0,0,0
20090916_023,004.raw,next bus,next bus,30.567,31.357,FALSE,impl-conf,->implicit_confirm$query.arrival_place->request$query.travel_time,[],{u'query.arrival_place': u'WATERFRONT'},{},0,0,0,0,0,0,0,0,next bus,0,1,2,0,0,0,1,2,0,0,0
20090916_024,002.raw,no,no,20.661,21.051,FALSE,expl-conf,->explicit_confirm$query.departure_place,[],{u'query.departure_place': u'FORBES'},{},1,1,0,0,0,0,0,0,no,1,0,1,0,0,0,0,1,0,0,0
20090916_024,003.raw,wall airport,wall airport,23.861,24.641,FALSE,request,->request$query.departure_place,[],{},{},0,1,0,0,0,0,0,0,<uncovered_place> <place>,1,0,2,0,0,0,0,2,0,0,0
20090916_024,004.raw,no,no,28.607,29.307,FALSE,expl-conf,->explicit_confirm$query.departure_place,[],{u'query.departure_place': u'AIRPORT'},{},1,2,0,0,0,0,0,0,no,1,0,3,0,0,0,0,3,0,0,0
20090916_024,006.raw,waterfront,waterfront,35.849,36.749,FALSE,request,->request$query.departure_place,[],{},{u'from.desc': u'waterfront'},1,4,0,0,0,0,0,0,<place>,1,0,4,0,0,0,0,4,0,0,0
20090916_024,007.raw,shaler,squirrel hill,41.233,41.803,FALSE,impl-conf,->implicit_confirm$query.departure_place->request$query.arrival_place,[],{u'query.departure_place': u'WATERFRONT'},{u'to.neighborhood': u'squirrel hill'},0,4,0,0,0,0,0,0,<uncovered_place>,1,0,5,0,0,0,0,5,0,0,0
20090916_024,009.raw,squirrel hill,squirrel hill,47.811,48.791,FALSE,request,->request$query.arrival_place,[],{},{u'to.neighborhood': u'squirrel hill'},1,6,0,0,0,0,0,0,<neighborhood>,0,1,5,0,0,0,1,5,0,0,0
20090916_024,010.raw,after eight p m,after eight p m,54.197,55.657,FALSE,impl-conf,->implicit_confirm$query.arrival_place->request$query.travel_time,[],{u'query.arrival_place': u'SQUIRREL HILL'},{},0,6,0,0,0,0,0,0,after <time>,0,2,5,0,0,0,2,5,0,0,0
20090916_025,002.raw,waterfront,waterfront,18.603,19.253,FALSE,ack,->inform$confirm_okay->request$query.departure_place,[],{},"{u'from.desc': u'waterfront', u'from.monument': u'the waterfront'}",0,0,0,0,0,0,0,0,<place>,1,0,1,0,0,0,0,1,0,0,0
20090916_025,003.raw,squirrel hill,squirrel hill,23.987,24.757,FALSE,impl-conf,->implicit_confirm$query.departure_place->request$query.arrival_place,[],{u'query.departure_place': u'WATERFRONT'},{u'to.neighborhood': u'squirrel hill'},0,0,0,0,0,0,0,0,<neighborhood>,1,0,2,0,0,0,0,2,0,0,0
20090916_025,004.raw,yes,yes,28.601,28.891,FALSE,expl-conf,->explicit_confirm$query.arrival_place,[],{u'query.arrival_place': u'SQUIRREL HILL'},{},1,1,0,0,0,0,0,0,yes,0,1,2,0,0,0,1,2,0,0,0
20090916_027,002.raw,mckeesport,mckeesport,20.664,21.434,FALSE,impl-conf,->implicit_confirm$query.departure_place->request$query.arrival_place,[],{u'query.departure_place': u'HOMESTEAD'},{u'to.neighborhood': u'mckeesport'},0,0,0,0,0,0,0,0,<neighborhood>,1,0,1,0,0,0,0,1,0,0,0
20090916_027,003.raw,next wallace,next bus,26.524,27.204,FALSE,impl-conf,->implicit_confirm$query.arrival_place->request$query.travel_time,[],{u'query.arrival_place': u'MCKEESPORT'},{u'time.rel': u'next'},0,0,0,0,0,0,0,0,next <uncovered_place>ace,0,1,1,0,0,0,1,1,0,0,0
20090916_027,004.raw,next bus,next bus,31.284,32.144,FALSE,request,->request$query.travel_time,[],{},{},0,0,0,0,0,0,0,0,next bus,2,1,1,1,0,0,1,1,1,0,0
20090916_027,006.raw,previous bus,previous bus,51.326,52.266,FALSE,impl-conf,->implicit_confirm$query.travel_time.time->inform$looking_up_database_first->inform$result->request$next_query,[],"{u'query.travel_time.time': u'The next bus', u'result': u'61C'}",{},1,1,0,0,0,0,0,0,previous bus,3,1,1,1,1,0,1,1,1,1,0
20090916_028,007.raw,the waterfront,the waterfront,40.417,41.287,FALSE,ack,->inform$confirm_okay->request$query.departure_place,[],{},{u'from.monument': u'the waterfront'},0,5,0,0,0,0,0,0,the <place>,1,0,1,0,0,0,0,1,0,0,0
20090916_028,008.raw,yes,yes,44.961,45.221,FALSE,expl-conf,->explicit_confirm$query.departure_place,[],{u'query.departure_place': u'THE WATERFRONT'},{},1,6,0,0,0,0,0,0,yes,1,0,2,0,0,0,0,2,0,0,0
20090916_028,009.raw,east liberty,east liberty,48.329,49.249,FALSE,ack,->inform$confirm_okay->request$query.arrival_place,[],{},{u'to.neighborhood': u'east liberty'},0,6,0,0,0,0,0,0,<place>,0,1,2,0,0,0,1,2,0,0,0
20090916_028,010.raw,yes,yes,53.355,53.635,FALSE,expl-conf,->explicit_confirm$query.arrival_place,[],{u'query.arrival_place': u'EAST LIBERTY'},{},0,6,0,0,0,0,0,0,yes,0,2,2,0,0,0,2,2,0,0,0
20090916_031,002.raw,kennywood park,kennywood park,15.133,16.183,FALSE,ack,->inform$confirm_okay->request$query.departure_place,[],{},{u'from.monument': u'kennywood park'},0,2,0,0,0,0,0,0,<place>,1,0,1,0,0,0,0,1,0,0,0
20090916_031,003.raw,mckeesport transportation,mckeesport transportation,20.725,22.585,FALSE,impl-conf,->implicit_confirm$query.departure_place->request$query.arrival_place,[],{u'query.departure_place': u'KENNYWOOD PARK'},{u'to.desc': u'mckeesport transportation'},0,2,0,0,0,0,0,0,<neighborhood> transportation,1,0,2,0,0,0,0,2,0,0,0
20090916_031,004.raw,yes,yes,27.317,27.727,FALSE,expl-conf,->explicit_confirm$query.arrival_place,[],{u'query.arrival_place': u'MCKEESPORT'},{},1,3,0,0,0,0,0,0,yes,0,1,2,0,0,0,1,2,0,0,0
20090916_031,006.raw,next,next,44.395,44.975,FALSE,impl-conf,->implicit_confirm$query.travel_time.time->inform$looking_up_database_first->inform$result,[],"{u'query.travel_time.time': u'Leaving at 9 30 p.m.', u'result': u'61C'}",{},1,4,0,0,0,0,0,0,next,3,1,2,0,1,0,1,2,0,1,0
20090916_031,009.raw,next,next,72.171,72.711,FALSE,hold-on,->inform$looking_up_database_subsequent->inform$result->request$next_query,[],{u'result': u'61C'},{},1,7,0,0,0,0,0,0,next,3,1,2,0,2,0,1,2,0,2,0
20090916_035,001.raw,yes,yes,17.862,18.192,FALSE,expl-conf,->explicit_confirm$query.departure_place,[],{u'query.departure_place': u'CMU'},{},0,0,0,0,0,0,0,0,yes,1,0,1,0,0,0,0,1,0,0,0
20090916_035,003.raw,yes,yes,27.088,27.358,FALSE,ack,->inform$confirm_okay->explicit_confirm$query.travel_time.time,[],{u'query.travel_time.time': u'the next bus'},{},1,1,0,0,0,0,0,0,yes,2,0,1,1,0,0,0,1,1,0,0
20090916_037,007.raw,craig,craig,54.858,55.368,FALSE,ack,->inform$confirm_okay->request$query.departure_place,[],{},{u'from.desc': u'craig'},0,3,0,1,0,0,0,0,<place>,1,0,1,0,0,0,0,1,0,0,0
20090916_037,008.raw,herron,%,59.412,60.002,FALSE,expl-conf,->explicit_confirm$query.departure_place,[],{u'query.departure_place': u'CRAIG'},{},0,3,0,1,0,0,0,0,<place>,1,0,2,0,0,0,0,2,0,0,0
20090916_037,009.raw,yes,%,63.734,64.194,FALSE,expl-conf,->explicit_confirm$query.departure_place,[],{u'query.departure_place': u'CRAIG'},{},0,3,0,1,0,0,0,0,yes,1,0,3,0,0,0,0,3,0,0,0
20090916_037,011.raw,mckeesport,mckeesport,69.77,70.55,FALSE,example,->request$query.arrival_place,[],{},{u'to.neighborhood': u'mckeesport'},1,5,0,1,0,0,0,0,<neighborhood>,0,1,3,0,0,0,1,3,0,0,0
20090916_037,012.raw,yes,yes,74.27,74.68,FALSE,expl-conf,->explicit_confirm$query.arrival_place,[],{u'query.arrival_place': u'MCKEESPORT'},{},1,6,0,1,0,0,0,0,yes,0,2,3,0,0,0,2,3,0,0,0
20090916_039,002.raw,to north to braddock,to north to braddock,24.891,26.501,FALSE,ack,->inform$confirm_okay->request$query.arrival_place,[],{},{},0,0,0,0,0,0,0,0,to <place> to <place>,0,1,0,0,0,0,1,0,0,0,0
20090916_039,003.raw,yes,yes,30.263,30.503,FALSE,expl-conf,->explicit_confirm$query.arrival_place,[],{u'query.arrival_place': u'BRADDOCK'},{},0,0,0,0,0,0,0,0,yes,0,2,0,0,0,0,2,0,0,0,0
20090916_039,005.raw,eleven,eleven,41.123,41.533,FALSE,request,->request$query.travel_time,[],{},{},0,0,0,0,0,0,0,0,<time>,2,2,0,1,0,0,2,0,1,0,0
20090916_040,002.raw,amanda at charles,amanda at charles,20.619,22.079,FALSE,ack,->inform$confirm_okay->request$query.departure_place,[],{},{u'from.desc': u'amanda at charles'},0,0,0,0,0,0,0,0,<place>,1,0,1,0,0,0,0,1,0,0,0
20090916_040,003.raw,yes,yes,26.935,27.355,FALSE,expl-conf,->explicit_confirm$query.departure_place,[],{u'query.departure_place': u'AMANDA AT CHARLES'},{},0,0,0,0,0,0,0,0,yes,1,0,2,0,0,0,0,2,0,0,0
20090916_040,004.raw,oakland,oakland,31.239,31.859,FALSE,ack,->inform$confirm_okay->request$query.arrival_place,[],{},{u'to.neighborhood': u'oakland'},0,0,0,0,0,0,0,0,<place>,0,1,2,0,0,0,1,2,0,0,0
20090916_040,005.raw,out in the morning,morning,37.907,39.417,FALSE,impl-conf,->implicit_confirm$query.arrival_place->request$query.travel_time,[],{u'query.arrival_place': u'OAKLAND'},{},0,0,0,0,0,0,0,0,out in the morning,0,2,2,0,0,0,2,2,0,0,0
20090916_040,006.raw,ten o'clock,ten o'clock,43.949,44.839,FALSE,request,->request$exact_travel_time,[],{},{u'time.hour': 10},0,0,0,0,0,0,0,0,<time> o'clock,2,2,2,1,0,0,2,2,1,0,0
20090917_000,005.raw,yes,yes,27.71,27.99,FALSE,expl-conf,->explicit_confirm$query.arrival_place,[],{u'query.arrival_place': u'OAKLAND'},{},1,4,0,0,0,0,0,0,yes,0,1,0,0,0,0,1,0,0,0,0
20090917_002,004.raw,eight kennedy hill homestead,eighth % and homestead,24.298,26.638,FALSE,request,->request$query.departure_place,[],{},{},0,3,0,0,0,0,0,0,<time> <uncovered_place> hill <neighborhood>,1,0,1,0,0,0,0,1,0,0,0
20090917_002,006.raw,yes,yes,35.754,36.194,FALSE,expl-conf,->explicit_confirm$query.departure_place,[],{u'query.departure_place': u'HOMESTEAD'},{},1,4,0,0,0,0,0,0,yes,1,0,2,0,0,0,0,2,0,0,0
20090917_002,007.raw,downtown,downtown,39.51,40.29,FALSE,ack,->inform$confirm_okay->request$query.arrival_place,[],{},{u'to.neighborhood': u'downtown'},0,4,0,0,0,0,0,0,<neighborhood>,0,1,2,0,0,0,1,2,0,0,0
20090917_002,008.raw,now,now,44.936,45.416,FALSE,impl-conf,->implicit_confirm$query.arrival_place->request$query.travel_time,[],{u'query.arrival_place': u'DOWNTOWN'},{u'time.rel': u'next'},0,4,0,0,0,0,0,0,now,0,2,2,0,0,0,2,2,0,0,0
20090917_002,009.raw,yes,yes,48.022,48.312,FALSE,impl-conf,->implicit_confirm$query.travel_time.time->inform$looking_up_database_first,[],{u'query.travel_time.time': u'The next bus'},{},1,5,0,0,0,0,0,0,yes,2,2,2,1,0,0,2,2,1,0,0
20090917_003,002.raw,mckeesport transportation center,mckeesport transportation center,19.605,21.345,FALSE,ack,->inform$confirm_okay->request$query.departure_place,[],{},{u'from.desc': u'mckeesport transportation center'},0,1,0,0,0,0,0,0,<neighborhood> <place>,1,0,1,0,0,0,0,1,0,0,0
20090917_003,004.raw,yes,yes,30.539,30.849,FALSE,expl-conf,->explicit_confirm$query.departure_place,[],{u'query.departure_place': u'MCKEESPORT TRANSPORTATION CENTER'},{},0,2,0,0,0,0,0,0,yes,1,0,2,0,0,0,0,2,0,0,0
20090917_003,006.raw,wal-mart,wal-mart,39.253,40.083,FALSE,request,->request$query.arrival_place,[],{},{u'to.desc': u'walmart'},0,2,0,0,0,0,0,0,<place>,0,1,2,0,0,0,1,2,0,0,0
20090917_005,003.raw,yes,yes,29.339,30.419,FALSE,expl-conf,->explicit_confirm$query.departure_place,[],{u'query.departure_place': u'SHADYSIDE'},{},1,2,0,0,0,0,0,0,yes,1,0,1,0,0,0,0,1,0,0,0
20090917_005,004.raw,fifth and craig,fifth and craig,34.357,35.307,FALSE,ack,->inform$confirm_okay->request$query.arrival_place,[],{},{u'to.desc': u'fifth and craig'},0,2,0,0,0,0,0,0,<place>,0,1,1,0,0,0,1,1,0,0,0
20090917_005,005.raw,yes,yes,39.495,39.775,FALSE,expl-conf,->explicit_confirm$query.arrival_place,[],{u'query.arrival_place': u'FIFTH AND CRAIG'},{},1,3,0,0,0,0,0,0,yes,0,2,1,0,0,0,2,1,0,0,0
20090917_005,007.raw,when is the previous bus,when is the previous bus,69.053,70.483,FALSE,impl-conf,->implicit_confirm$query.travel_time.time->inform$looking_up_database_first->inform$result->request$next_query,[],"{u'query.travel_time.time': u'The next bus', u'result': u'71C'}",{},1,4,0,0,0,0,0,0,when is the previous bus,3,2,1,0,1,0,2,1,0,1,0
20090917_005,008.raw,when is the next bus,when is the next bus,80.681,81.571,FALSE,hold-on,->inform$looking_up_database_subsequent->inform$result,[],{u'result': u'500'},{},1,5,0,0,0,0,0,0,when is the next bus,3,2,1,0,2,0,2,1,0,2,0
20090917_005,009.raw,when is the next bus,when is the next bus,90.001,90.821,FALSE,hold-on,->inform$looking_up_database_subsequent->inform$result,[],{u'result': u'71C'},{},1,6,0,0,0,0,0,0,when is the next bus,3,2,1,0,3,0,2,1,0,3,0
20090917_015,007.raw,yes,yes,25.417,25.677,FALSE,expl-conf,->explicit_confirm$query.departure_place,[],{u'query.departure_place': u'MCKEESPORT'},{},1,4,0,0,0,0,0,0,yes,1,0,1,0,0,0,0,1,0,0,0
20090917_015,008.raw,downtown,downtown,29.365,30.085,FALSE,ack,->inform$confirm_okay->request$query.arrival_place,[],{},{u'to.neighborhood': u'downtown'},0,4,0,0,0,0,0,0,<neighborhood>,0,1,1,0,0,0,1,1,0,0,0
20090917_015,009.raw,five seven a m tomorrow morning,seven am tomorrow morning,34.933,36.973,FALSE,impl-conf,->implicit_confirm$query.arrival_place->request$query.travel_time,[],{u'query.arrival_place': u'DOWNTOWN'},{u'date.day': u'tomorrow'},0,4,0,0,0,0,0,0,<time> <time> tomorrow morning,0,2,1,0,0,0,2,1,0,0,0
20090917_015,010.raw,yes,yes,41.245,41.495,FALSE,expl-conf,->explicit_confirm$query.travel_time.time,[],{u'query.travel_time.time': u'Leaving at 7 a.m.'},{},0,4,0,0,0,0,0,0,yes,2,2,1,1,0,0,2,1,1,0,0
20090917_015,011.raw,next bus,next bus,65.107,65.677,FALSE,ack,->inform$confirm_okay->inform$looking_up_database_first->inform$result->request$next_query,[],{u'result': u'58P'},{},1,5,0,0,0,0,0,0,next bus,3,2,1,1,1,0,2,1,1,1,0
20090917_015,012.raw,next bus,next bus,86.621,87.211,FALSE,hold-on,->inform$looking_up_database_subsequent->inform$result->request$next_query,[],{u'result': u'56C'},{},1,6,0,0,0,0,0,0,next bus,3,2,1,1,2,0,2,1,1,2,0
20090917_015,013.raw,next bus,next bus,105.117,105.877,FALSE,hold-on,->inform$looking_up_database_subsequent->inform$result->request$next_query,[],{u'result': u'58C'},{},1,7,0,0,0,0,0,0,next bus,3,2,1,1,3,0,2,1,1,3,0
20090917_015,014.raw,next bus,next bus,126.035,126.735,FALSE,hold-on,->inform$looking_up_database_subsequent->inform$result->request$next_query,[],{u'result': u'58V'},{},1,8,0,0,0,0,0,0,next bus,3,2,1,1,4,0,2,1,1,4,0
20090917_015,015.raw,36b,fifty six c,127.113,128.053,FALSE,hold-on,->inform$looking_up_database_subsequent->inform$result,[],{u'result': u'61C'},{},0,8,0,0,0,0,0,0,3<uncovered_route>,3,2,1,1,5,0,2,1,1,5,0
20090917_015,017.raw,thank you,thank you,155.425,155.875,FALSE,hold-on,->inform$looking_up_database_subsequent->inform$result->request$next_query,[],{u'result': u'61C'},{},1,10,0,0,0,0,0,0,thank you,3,2,1,1,6,0,2,1,1,6,0
20090917_016,005.raw,no,no,57.407,57.937,FALSE,expl-conf,->explicit_confirm$query.departure_place,[],{u'query.departure_place': u'WIGHTMAN'},{},1,3,0,1,0,0,0,0,no,1,0,1,0,0,0,0,1,0,0,0
20090917_016,008.raw,murray,murray,66.987,67.567,FALSE,request,->request$query.departure_place,[],{},{u'from.desc': u'murray'},1,5,0,1,0,0,0,0,<place>,1,0,2,0,0,0,0,2,0,0,0
20090917_016,009.raw,mckeesport,mckeesport,71.785,72.405,FALSE,impl-conf,->implicit_confirm$query.departure_place->request$query.arrival_place,[],{u'query.departure_place': u'MURRAY'},{u'to.neighborhood': u'mckeesport'},0,5,0,1,0,0,0,0,<neighborhood>,1,0,3,0,0,0,0,3,0,0,0
20090917_016,010.raw,next bus,next bus,77.247,77.917,FALSE,impl-conf,->implicit_confirm$query.arrival_place->request$query.travel_time,[],{u'query.arrival_place': u'MCKEESPORT'},{},0,5,0,1,0,0,0,0,next bus,0,1,3,0,0,0,1,3,0,0,0
20090917_017,001.raw,91a,91a,22.842,23.942,FALSE,expl-conf,->explicit_confirm$query.departure_place,[],{u'query.departure_place': u'DUQUESNE'},{u'route': u'91a'},0,0,0,0,0,0,0,0,<uncovered_route>,1,0,1,0,0,0,0,1,0,0,0
20090917_017,002.raw,no,no,28.066,28.586,FALSE,expl-conf,->explicit_confirm$query.departure_place,[],{u'query.departure_place': u'DUQUESNE'},{},1,1,0,0,0,0,0,0,no,1,0,2,0,0,0,0,2,0,0,0
20090917_017,003.raw,no,no,32.928,33.488,FALSE,expl-conf,->explicit_confirm$query.departure_place,[],{u'query.departure_place': u'GRANT AT SECOND'},{},1,2,0,0,0,0,0,0,no,1,0,3,0,0,0,0,3,0,0,0
20090917_018,004.raw,61a shady,sixty one c,18.845,20.435,FALSE,expl-conf,->explicit_confirm$query.departure_place,[],{u'query.departure_place': u'ELM STREET'},{u'route': u'61c'},0,4,0,1,0,0,0,0,<route> <place>,1,0,1,0,0,0,0,1,0,0,0
20090917_018,005.raw,no,no,23.339,23.809,FALSE,expl-conf,->explicit_confirm$query.departure_place,[],{u'query.departure_place': u'SHADY'},{},1,5,0,1,0,0,0,0,no,1,0,2,0,0,0,0,2,0,0,0
20090917_018,011.raw,no,no,46.399,46.809,FALSE,impl-conf,->implicit_confirm$query.arrival_place,[],{u'query.arrival_place': u'OLIVER'},{},0,7,0,1,0,0,0,0,no,0,1,2,0,0,0,1,2,0,0,0
20090917_018,012.raw,now,no,49.525,49.905,FALSE,request,->request$query.travel_time,[],{},{},0,7,0,1,0,0,0,0,now,2,1,2,1,0,0,1,2,1,0,0
20090917_018,013.raw,ross,no,52.277,52.697,FALSE,impl-conf,->implicit_confirm$query.travel_time.time->request$query.departure_place,[],{u'query.travel_time.time': u'The next bus'},{},1,8,0,1,0,0,0,0,<uncovered_place>,1,1,3,1,0,0,1,3,1,0,0
20090917_018,016.raw,no perrysville,no perrysville,64.137,65.147,FALSE,expl-conf,->explicit_confirm$query.departure_place,[],{u'query.departure_place': u'SPRING'},{u'from.desc': u'perrysville'},0,9,0,1,0,0,0,0,no <uncovered_place>,1,1,4,1,0,0,1,4,1,0,0
20090917_019,003.raw,alger,alger,22.765,23.325,FALSE,impl-conf,->implicit_confirm$query.departure_place->request$query.arrival_place,[],{u'query.departure_place': u'GREENFIELD'},{u'to.desc': u'alger'},0,2,0,1,0,0,0,0,<place>,1,0,1,0,0,0,0,1,0,0,0
20090917_019,004.raw,no,no,27.595,28.195,FALSE,impl-conf,->implicit_confirm$query.arrival_place->request$query.travel_time,[],{u'query.arrival_place': u'ALGER'},{},1,3,0,1,0,0,0,0,no,0,1,1,0,0,0,1,1,0,0,0
20090917_019,005.raw,no,no,30.913,31.413,FALSE,request,->request$query.travel_time,[],{},{},0,3,0,1,0,0,0,0,no,2,1,1,1,0,0,1,1,1,0,0
20090917_019,006.raw,now,no,33.587,33.797,FALSE,request,->request$query.travel_time,[],{},{},1,4,0,1,0,0,0,0,now,2,1,1,2,0,0,1,1,2,0,0
20090917_019,007.raw,braddock,no,36.205,36.755,FALSE,impl-conf,->implicit_confirm$query.travel_time.time->request$query.arrival_place,[],{u'query.travel_time.time': u'The next bus'},{},1,5,0,1,0,0,0,0,<place>,0,2,1,2,0,0,2,1,2,0,0
20090917_019,008.raw,u,no,39.577,40.157,FALSE,expl-conf,->explicit_confirm$query.arrival_place,[],{u'query.arrival_place': u'BRADDOCK'},{},1,6,0,1,0,0,0,0,u,0,3,1,2,0,0,3,1,2,0,0
20090917_019,009.raw,no,no,43.609,44.279,FALSE,expl-conf,->explicit_confirm$query.arrival_place,[],{u'query.arrival_place': u'BRADDOCK'},{},1,7,0,1,0,0,0,0,no,0,4,1,2,0,0,4,1,2,0,0
20090917_019,010.raw,homestead hills,homestead,47.297,48.387,FALSE,request,->request$query.arrival_place,[],{},{u'to.neighborhood': u'homestead'},0,7,0,1,0,0,0,0,<neighborhood> hills,0,5,1,2,0,0,5,1,2,0,0
20090917_019,011.raw,yes,yes,52.511,53.071,FALSE,expl-conf,->explicit_confirm$query.arrival_place,[],{u'query.arrival_place': u'HOMESTEAD'},{},0,7,0,1,0,0,0,0,yes,0,6,1,2,0,0,6,1,2,0,0
20090917_021,003.raw,yes,yes,30.362,30.592,FALSE,expl-conf,->explicit_confirm$query.departure_place,[],{u'query.departure_place': u'HIGHLAND AVENUE AND PENN AVENUE'},{},0,0,0,0,0,0,0,0,yes,1,0,1,0,0,0,0,1,0,0,0
20090917_021,005.raw,yes,yes,37.692,37.862,FALSE,ack,->inform$confirm_okay->explicit_confirm$query.travel_time.time,[],{u'query.travel_time.time': u'the next bus'},{},1,2,0,0,0,0,0,0,yes,2,0,1,1,0,0,0,1,1,0,0
20090917_021,006.raw,when is the previous bus,when is the previous bus,47.666,48.976,FALSE,ack,->inform$confirm_okay->inform$looking_up_database_first->inform$result,[],{u'result': u'64A'},{},1,3,0,0,0,0,0,0,when is the previous bus,3,0,1,1,1,0,0,1,1,1,0
20090917_022,002.raw,eighth ann,eighth ann,18.354,19.144,FALSE,request,->request$query.departure_place,[],{},{},0,2,0,0,0,0,0,0,<place> <place>,1,0,1,0,0,0,0,1,0,0,0
20090917_022,003.raw,yes,yes,22.616,23.326,FALSE,expl-conf,->explicit_confirm$query.departure_place,[],{u'query.departure_place': u'EIGHTH'},{},1,3,0,0,0,0,0,0,yes,1,0,2,0,0,0,0,2,0,0,0
20090917_022,004.raw,mckeesport,mckeesport,25.082,25.702,FALSE,ack,->inform$confirm_okay->request$query.arrival_place,[],{},{u'to.neighborhood': u'mckeesport'},1,4,0,0,0,0,0,0,<neighborhood>,0,1,2,0,0,0,1,2,0,0,0
20090917_022,005.raw,yes,yes,27.934,29.904,FALSE,impl-conf,->implicit_confirm$query.arrival_place,[],{u'query.arrival_place': u'MCKEESPORT'},{},1,5,0,0,0,0,0,0,yes,0,2,2,0,0,0,2,2,0,0,0
20090917_022,006.raw,next bus,next bus,32.084,36.084,FALSE,request,->request$query.travel_time,[],{},{},1,6,0,0,0,0,0,0,next bus,2,2,2,1,0,0,2,2,1,0,0
20090917_027,003.raw,west penn hospital,west penn hospital,33.929,35.519,FALSE,ack,->inform$confirm_okay->request$query.departure_place,[],{},{u'from.monument': u'west penn hospital'},0,0,0,0,0,0,0,0,<place> hospital,1,0,1,0,0,0,0,1,0,0,0
20090917_027,004.raw,yes,yes,39.635,40.035,FALSE,expl-conf,->explicit_confirm$query.departure_place,[],{u'query.departure_place': u'WEST PENN HOSPITAL'},{},0,0,0,0,0,0,0,0,yes,1,0,2,0,0,0,0,2,0,0,0
20090917_027,005.raw,south hills junction,south hills junction,44.341,45.641,FALSE,ack,->inform$confirm_okay->request$query.arrival_place,[],{},{u'to.desc': u'south hills junction'},0,0,0,0,0,0,0,0,<place>,0,1,2,0,0,0,1,2,0,0,0
20090917_027,006.raw,yes,yes,49.589,49.949,FALSE,expl-conf,->explicit_confirm$query.arrival_place,[],{u'query.arrival_place': u'SOUTH HILLS JUNCTION'},{},0,0,0,0,0,0,0,0,yes,0,2,2,0,0,0,2,2,0,0,0
20090917_027,008.raw,next,next bus,85.543,85.893,FALSE,impl-conf,->implicit_confirm$query.travel_time.time->inform$looking_up_database_first->inform$result->request$next_query,[],"{u'query.travel_time.time': u'The next bus', u'result': u'54C'}",{},0,0,0,0,0,0,0,0,next,3,2,2,0,1,0,2,2,0,1,0
20090917_029,003.raw,oakland,oakland,24.136,24.656,FALSE,impl-conf,->implicit_confirm$query.departure_place->request$query.arrival_place,[],{u'query.departure_place': u'HOMESTEAD'},{u'to.neighborhood': u'oakland'},0,2,0,1,0,0,0,0,<place>,1,0,1,0,0,0,0,1,0,0,0
20090917_029,004.raw,next bus,next bus,29.394,30.104,FALSE,impl-conf,->implicit_confirm$query.arrival_place->request$query.travel_time,[],{u'query.arrival_place': u'OAKLAND'},{},0,2,0,1,0,0,0,0,next bus,0,1,1,0,0,0,1,1,0,0,0
20090917_030,002.raw,yes,yes,23.763,24.313,FALSE,ack,->inform$confirm_okay->explicit_confirm$query.travel_time.time,[],{u'query.travel_time.time': u'the next bus'},{},0,0,0,0,0,0,0,0,yes,2,0,0,1,0,0,0,0,1,0,0
20090917_030,003.raw,east liberty,east liberty,28.661,29.441,FALSE,ack,->inform$confirm_okay->request$query.departure_place,[],{},{u'from.neighborhood': u'east liberty'},0,0,0,0,0,0,0,0,<place>,1,0,1,1,0,0,0,1,1,0,0
20090917_030,004.raw,north,waterfront,34.593,35.073,FALSE,impl-conf,->implicit_confirm$query.departure_place->request$query.arrival_place,[],{u'query.departure_place': u'EAST LIBERTY'},"{u'to.monument': u'the waterfront', u'to.desc': u'waterfront'}",0,0,0,0,0,0,0,0,<place>,1,0,2,1,0,0,0,2,1,0,0
20090917_030,008.raw,yes,yes,69.079,69.889,FALSE,ack,->inform$confirm_okay->explicit_confirm$query.travel_time.time,[],{u'query.travel_time.time': u'the next bus'},{},0,1,0,0,0,0,0,0,yes,2,0,2,2,0,0,0,2,2,0,0
20090917_030,009.raw,east liberty,east liberty,74.235,74.975,FALSE,ack,->inform$confirm_okay->request$query.departure_place,[],{},{u'from.neighborhood': u'east liberty'},0,1,0,0,0,0,0,0,<place>,1,0,3,2,0,0,0,3,2,0,0
20090917_030,010.raw,waterfront,waterfront,79.847,80.547,FALSE,impl-conf,->implicit_confirm$query.departure_place->request$query.arrival_place,[],{u'query.departure_place': u'EAST LIBERTY'},{u'to.desc': u'waterfront'},0,1,0,0,0,0,0,0,<place>,1,0,4,2,0,0,0,4,2,0,0
20090917_032,002.raw,no,no,25.717,25.927,FALSE,ack,->inform$confirm_okay->explicit_confirm$query.departure_place,[],{u'query.departure_place': u'MURRAY AVENUE'},{},0,0,0,0,0,0,0,0,no,1,0,1,0,0,0,0,1,0,0,0
20090917_032,003.raw,no,no,30.281,30.541,FALSE,expl-conf,->explicit_confirm$query.departure_place,[],{u'query.departure_place': u'FORWARD AVENUE'},{},0,0,0,0,0,0,0,0,no,1,0,2,0,0,0,0,2,0,0,0
20090917_032,004.raw,yes,yes,34.535,34.755,FALSE,expl-conf,->explicit_confirm$query.arrival_place,[],{u'query.arrival_place': u'MCKEESPORT'},{},0,0,0,0,0,0,0,0,yes,0,1,2,0,0,0,1,2,0,0,0
20090917_032,005.raw,r murray,start over,40.309,40.969,FALSE,ack,->inform$confirm_okay->explicit_confirm$query.travel_time.time,[],{u'query.travel_time.time': u'the next bus'},{},0,0,0,0,0,0,0,0,r <place>,2,1,2,1,0,0,1,2,1,0,0
20090917_032,006.raw,start over,start over,45.257,45.967,FALSE,expl-conf,->explicit_confirm$query.travel_time.time,[],{u'query.travel_time.time': u'the next bus'},{},0,0,0,0,0,0,1,1,start over,2,1,2,2,0,0,1,2,2,0,0
20090917_032,011.raw,yes,yes,73.407,73.617,FALSE,ack,->inform$confirm_okay->explicit_confirm$query.departure_place,[],{u'query.departure_place': u'MURRAY'},{},0,0,0,0,0,0,0,1,yes,1,1,3,2,0,0,1,3,2,0,0
20090917_032,013.raw,yes,yes,83.563,83.913,FALSE,ack,->inform$confirm_okay->explicit_confirm$query.travel_time.time,[],{u'query.travel_time.time': u'the next bus'},{},0,0,0,0,0,0,0,1,yes,2,1,3,3,0,0,1,3,3,0,0
20090917_038,002.raw,downtown,downtown,18.249,18.949,FALSE,ack,->inform$confirm_okay->request$query.arrival_place,[],{},{u'to.neighborhood': u'downtown'},1,2,0,1,0,0,0,0,<neighborhood>,0,1,0,0,0,0,1,0,0,0,0
20090917_038,003.raw,seven a m tomorrow,seven a m tomorrow,23.889,25.039,FALSE,impl-conf,->implicit_confirm$query.arrival_place->request$query.travel_time,[],{u'query.arrival_place': u'DOWNTOWN'},{u'date.day': u'tomorrow'},0,2,0,1,0,0,0,0,<time> tomorrow,0,2,0,0,0,0,2,0,0,0,0
20090917_038,004.raw,next bus,next bus,36.075,36.805,FALSE,impl-conf,->implicit_confirm$query.travel_time.time->inform$looking_up_database_first->inform$result,[],"{u'query.travel_time.time': u'Leaving at 7 a.m.', u'result': u'67H'}",{},1,3,0,1,0,0,0,0,next bus,3,2,0,0,1,0,2,0,0,1,0
20090917_040,002.raw,oakland,oakland,20.05,20.43,FALSE,impl-conf,->implicit_confirm$query.departure_place->request$query.arrival_place,[],{u'query.departure_place': u'SOUTH SIDE'},{u'to.neighborhood': u'oakland'},0,0,0,0,0,0,0,0,<place>,1,0,1,0,0,0,0,1,0,0,0
20090917_040,003.raw,next bus,next bus,24.786,25.276,FALSE,impl-conf,->implicit_confirm$query.arrival_place->request$query.travel_time,[],{u'query.arrival_place': u'OAKLAND'},{},0,0,0,0,0,0,0,0,next bus,0,1,1,0,0,0,1,1,0,0,0
20090918_002,008.raw,them,them,70.571,70.971,FALSE,ack,->inform$confirm_okay->explicit_confirm$query.departure_place,[],{u'query.departure_place': u'KENNYWOOD'},{},0,1,0,0,0,0,0,0,them,1,0,1,0,0,0,0,1,0,0,0
20090918_002,009.raw,yes,yes,78.999,79.449,FALSE,expl-conf,->explicit_confirm$query.departure_place,[],{u'query.departure_place': u'KENNYWOOD'},{},0,1,0,0,0,0,0,0,yes,1,0,2,0,0,0,0,2,0,0,0
20090918_002,010.raw,squirrel hill,squirrel hill,83.673,84.413,FALSE,ack,->inform$confirm_okay->request$query.arrival_place,[],{},{u'to.neighborhood': u'squirrel hill'},0,1,0,0,0,0,0,0,<neighborhood>,0,1,2,0,0,0,1,2,0,0,0
20090918_002,011.raw,61c,61c,90.757,91.477,FALSE,impl-conf,->implicit_confirm$query.arrival_place->request$query.travel_time,[],{u'query.arrival_place': u'SQUIRREL HILL'},{u'route': u'61c'},0,1,0,0,0,0,0,0,<route>,0,2,2,0,0,0,2,2,0,0,0
20090918_002,012.raw,five o'clock,five o'clock,96.013,96.763,FALSE,request,->request$query.travel_time,[],{},{u'time.hour': 5},0,1,0,0,0,0,0,0,<time> o'clock,2,2,2,1,0,0,2,2,1,0,0
20090918_002,013.raw,when is the previous bus,when is the previous bus,130.529,132.099,FALSE,impl-conf,->implicit_confirm$query.travel_time.time->inform$looking_up_database_first->inform$result->request$next_query,[],"{u'query.travel_time.time': u'Leaving at 5 a.m.', u'result': u'61C'}",{},0,1,0,0,0,0,0,0,when is the previous bus,3,2,2,1,1,0,2,2,1,1,0
20090918_006,002.raw,swissvale,swissvale,20.696,21.266,FALSE,impl-conf,->implicit_confirm$query.departure_place->request$query.arrival_place,[],{u'query.departure_place': u'EAST PITTSBURGH'},{u'to.neighborhood': u'swissvale'},0,0,0,0,0,0,0,0,<place>,1,0,1,0,0,0,0,1,0,0,0
20090918_006,004.raw,eight thirty p m reserve,eight thirty pm,26.93,28.68,FALSE,request,->request$query.travel_time,[],{},"{u'time.minute': 30, u'time.hour': 8, u'time.ampm': u'pm'}",0,1,0,0,0,0,0,0,<time> thirty p m <uncovered_place>,2,0,1,1,0,0,0,1,1,0,0
20090918_006,005.raw,yes,yes,33.556,33.836,FALSE,expl-conf,->explicit_confirm$query.travel_time.time,[],{u'query.travel_time.time': u'Leaving at 8 30 p.m.'},{},0,1,0,0,0,0,0,0,yes,2,0,1,2,0,0,0,1,2,0,0
20090918_007,002.raw,hello,swissvale,18.929,19.569,FALSE,ack,->inform$confirm_okay->request$query.departure_place,[],{},{u'from.neighborhood': u'swissvale'},0,0,0,0,0,0,0,0,hello,1,0,1,0,0,0,0,1,0,0,0
20090918_007,003.raw,north braddock,swissvale,24.927,25.427,FALSE,example,->request$query.departure_place,[],{},{u'from.neighborhood': u'swissvale'},1,1,0,0,0,0,0,0,<place> <place>,1,0,2,0,0,0,0,2,0,0,0
20090918_007,005.raw,swissvale,swissvale,33.421,34.221,FALSE,request,->request$query.departure_place,[],{},{u'from.neighborhood': u'swissvale'},0,1,0,1,0,0,0,0,<place>,1,0,3,0,0,0,0,3,0,0,0
20090918_007,006.raw,east pittsburgh,east pittsburgh,38.799,39.759,FALSE,impl-conf,->implicit_confirm$query.departure_place->request$query.arrival_place,[],{u'query.departure_place': u'SWISSVALE'},{u'to.neighborhood': u'east pittsburgh'},0,1,0,1,0,0,0,0,east <place>sburgh,1,0,4,0,0,0,0,4,0,0,0
20090918_007,007.raw,eight thirty p m,eight thirty p m,44.987,46.107,FALSE,impl-conf,->implicit_confirm$query.arrival_place->request$query.travel_time,[],{u'query.arrival_place': u'EAST PITTSBURGH'},{},0,1,0,1,0,0,0,0,<time> thirty p m,0,1,4,0,0,0,1,4,0,0,0
20090918_007,008.raw,when is the previous bus,when is the previous bus,67.885,69.085,FALSE,impl-conf,->implicit_confirm$query.travel_time.time->inform$looking_up_database_first->inform$result->request$next_query,[],"{u'query.travel_time.time': u'Leaving at 8 30 p.m.', u'result': u'61A'}",{},1,2,0,1,0,0,0,0,when is the previous bus,3,1,4,0,1,0,1,4,0,1,0
20090918_011,008.raw,lawrenceville,lawrenceville,79.625,80.385,FALSE,ack,->inform$confirm_okay->request$query.departure_place,[],{},{u'from.neighborhood': u'lawrenceville'},0,0,0,0,0,0,0,0,<place>,1,0,1,0,0,0,0,1,0,0,0
20090918_011,009.raw,south side,south side,85.925,86.605,FALSE,impl-conf,->implicit_confirm$query.departure_place->request$query.arrival_place,[],{u'query.departure_place': u'LAWRENCEVILLE'},{u'to.neighborhood': u'south side'},0,0,0,0,0,0,0,0,<place> side,1,0,2,0,0,0,0,2,0,0,0
20090918_011,010.raw,as soon as possible,as soon as possible,92.469,93.629,FALSE,impl-conf,->implicit_confirm$query.arrival_place->request$query.travel_time,[],{u'query.arrival_place': u'SOUTH SIDE'},{},0,0,0,0,0,0,0,0,as soon as possible,0,1,2,0,0,0,1,2,0,0,0
20090918_011,011.raw,yes,yes,98.175,98.445,FALSE,expl-conf,->explicit_confirm$query.travel_time.time,[],{u'query.travel_time.time': u'the next bus'},{},0,0,0,0,0,0,0,0,yes,2,1,2,1,0,0,1,2,1,0,0
20090918_012,001.raw,hello,you know,15.203,15.753,FALSE,expl-conf,->explicit_confirm$query.departure_place,[],{u'query.departure_place': u'FIFTH AT OAKLAND'},{},1,1,0,0,0,0,0,0,hello,1,0,1,0,0,0,0,1,0,0,0
20090918_012,003.raw,no,no,20.507,21.117,FALSE,expl-conf,->explicit_confirm$query.departure_place,[],{u'query.departure_place': u'FIFTH AT OAKLAND'},{},1,2,0,0,0,0,0,0,no,1,0,2,0,0,0,0,2,0,0,0
20090918_012,010.raw,yes,yes,46.633,46.983,FALSE,expl-conf,->explicit_confirm$query.departure_place,[],{u'query.departure_place': u'EIGHTH AND RAVINE'},{},0,3,0,0,0,0,0,0,yes,1,0,3,0,0,0,0,3,0,0,0
20090918_012,011.raw,hello,hello,51.969,52.609,FALSE,ack,->inform$confirm_okay->request$query.arrival_place,[],{},{},0,3,0,0,0,0,0,0,hello,0,1,3,0,0,0,1,3,0,0,0
20090918_012,012.raw,murray at hazelwood,murray at hazelwood,60.551,61.751,FALSE,example,->request$query.arrival_place,[],{},{u'to.desc': u'murray at hazelwood'},0,3,0,0,0,0,0,0,<place> at hazel<place>,0,2,3,0,0,0,2,3,0,0,0
20090918_012,014.raw,yes,yes,66.419,66.929,FALSE,expl-conf,->explicit_confirm$query.arrival_place,[],{u'query.arrival_place': u'MURRAY AT HAZELWOOD'},{},1,4,0,0,0,0,0,0,yes,0,3,3,0,0,0,3,3,0,0,0
20090918_012,016.raw,seven thirty,seven thirty,74.737,75.917,FALSE,request,->request$query.travel_time,[],{},{},0,4,0,0,0,0,0,0,<time> thirty,2,3,3,1,0,0,3,3,1,0,0
20090918_017,011.raw,eighth and ann,eighth and ann,48.541,49.351,FALSE,ack,->inform$confirm_okay->request$query.departure_place,[],{},{u'from.desc': u'eighth and ann'},0,4,0,0,0,0,0,0,<place>,1,0,1,0,0,0,0,1,0,0,0
20090918_017,012.raw,yes,yes,53.159,53.589,FALSE,expl-conf,->explicit_confirm$query.departure_place,[],{u'query.departure_place': u'EIGHTH AND ANN'},{},1,5,0,0,0,0,0,0,yes,1,0,2,0,0,0,0,2,0,0,0
20090918_017,013.raw,mckeesport,mckeesport,57.117,57.807,FALSE,ack,->inform$confirm_okay->request$query.arrival_place,[],{},{u'to.neighborhood': u'mckeesport'},0,5,0,0,0,0,0,0,<neighborhood>,0,1,2,0,0,0,1,2,0,0,0
20090918_017,014.raw,yes,yes,62.065,62.505,FALSE,expl-conf,->explicit_confirm$query.arrival_place,[],{u'query.arrival_place': u'MCKEESPORT'},{},0,5,0,0,0,0,0,0,yes,0,2,2,0,0,0,2,2,0,0,0
20090918_017,016.raw,next bus,next bus,69.723,70.313,FALSE,request,->request$query.travel_time,[],{},{},0,5,0,0,0,0,0,0,next bus,2,2,2,1,0,0,2,2,1,0,0
20090918_026,003.raw,no,no,26.768,27.148,FALSE,expl-conf,->explicit_confirm$query.departure_place,[],{u'query.departure_place': u'DOWNTOWN'},{},0,1,0,0,0,0,0,0,no,1,0,1,0,0,0,0,1,0,0,0
20090918_026,005.raw,duquesne,duquesne,32.878,33.398,FALSE,ack,->inform$confirm_okay->request$query.departure_place,[],{},{u'from.neighborhood': u'duquesne'},1,3,0,0,0,0,0,0,<neighborhood>,1,0,2,0,0,0,0,2,0,0,0
20090918_026,006.raw,mckeesport,mckeesport,39.434,40.114,FALSE,impl-conf,->implicit_confirm$query.departure_place->request$query.arrival_place,[],{u'query.departure_place': u'DUQUESNE'},{u'to.neighborhood': u'mckeesport'},0,3,0,0,0,0,0,0,<neighborhood>,1,0,3,0,0,0,0,3,0,0,0
20090918_026,007.raw,four o'clock a m,four o'clock a m,47.224,48.534,FALSE,impl-conf,->implicit_confirm$query.arrival_place->request$query.travel_time,[],{u'query.arrival_place': u'MCKEESPORT'},{},0,3,0,0,0,0,0,0,<time> o'clock a m,0,1,3,0,0,0,1,3,0,0,0
20090918_026,009.raw,when is the next bus,when is the next bus,71.888,72.858,FALSE,impl-conf,->implicit_confirm$query.travel_time.time->inform$looking_up_database_first->inform$result->request$next_query,[],"{u'query.travel_time.time': u'Leaving at 4 a.m.', u'result': u'61C'}",{},1,4,0,0,0,0,0,0,when is the next bus,3,1,3,0,1,0,1,3,0,1,0
20090918_027,002.raw,oakland,oakland,19.795,20.485,FALSE,ack,->inform$confirm_okay->request$query.departure_place,[],{},{u'from.neighborhood': u'oakland'},0,0,0,0,0,0,0,0,<place>,1,0,1,0,0,0,0,1,0,0,0
20090918_027,003.raw,penn and main,penn and main,25.317,26.277,FALSE,impl-conf,->implicit_confirm$query.departure_place->request$query.arrival_place,[],{u'query.departure_place': u'OAKLAND'},{u'to.desc': u'penn and main'},0,0,0,0,0,0,0,0,<place>,1,0,2,0,0,0,0,2,0,0,0
20090918_027,004.raw,yes,yes,30.557,30.867,FALSE,expl-conf,->explicit_confirm$query.arrival_place,[],{u'query.arrival_place': u'PENN AND MAIN'},{},0,0,0,0,0,0,0,0,yes,0,1,2,0,0,0,1,2,0,0,0
20090918_029,001.raw,yeah,yeah,18.56,18.85,FALSE,expl-conf,->explicit_confirm$query.departure_place,[],{u'query.departure_place': u'OAKLAND'},{},0,0,0,0,0,0,0,0,yeah,1,0,1,0,0,0,0,1,0,0,0
20090918_029,002.raw,downtown,downtown,22.292,23.272,FALSE,ack,->inform$confirm_okay->request$query.arrival_place,[],{},{u'to.neighborhood': u'downtown'},0,0,0,0,0,0,0,0,<neighborhood>,0,1,1,0,0,0,1,1,0,0,0
20090918_029,003.raw,eleven thirty,eleven thirty,28.026,29.546,FALSE,impl-conf,->implicit_confirm$query.arrival_place->request$query.travel_time,[],{u'query.arrival_place': u'DOWNTOWN'},{},0,0,0,0,0,0,0,0,<time> thirty,0,2,1,0,0,0,2,1,0,0,0
20090918_029,004.raw,the 12a,thirty twelve,29.564,30.224,FALSE,impl-conf,->implicit_confirm$query.travel_time.time,[],{u'query.travel_time.time': u'Leaving at 11 30 p.m.'},{},0,0,0,0,0,0,0,0,the <uncovered_route>,2,2,1,1,0,0,2,1,1,0,0
20090918_029,005.raw,when is the next,when is the next bus,62.326,63.176,FALSE,hold-on,->inform$looking_up_database_first->inform$result->request$next_query,[],{u'result': u'71C'},{},0,0,0,0,0,0,0,0,when is the next,3,2,1,1,1,0,2,1,1,1,0
20090918_029,006.raw,when is next bus,when is next bus,93.942,94.942,FALSE,hold-on,->inform$looking_up_database_subsequent->inform$result->request$next_query,[],{u'result': u'61A'},{},0,0,0,0,0,0,0,0,when is next bus,3,2,1,1,2,0,2,1,1,2,0
20090918_029,008.raw,when next bus,when next bus,125.268,126.178,FALSE,hold-on,->inform$looking_up_database_subsequent->inform$result->request$next_query,[],{u'result': u'71D'},{},0,0,0,0,0,0,0,0,when next bus,3,2,1,1,3,0,2,1,1,3,0
20090918_029,009.raw,when is the previous bus,when is the previous bus,155.264,156.634,FALSE,hold-on,->inform$looking_up_database_subsequent->inform$result->request$next_query,[],{u'result': u'71A'},{},0,0,0,0,0,0,0,0,when is the previous bus,3,2,1,1,4,0,2,1,1,4,0
20090918_032,004.raw,dravosburg,east pittsburgh,28.984,29.764,FALSE,request,->request$query.departure_place,[],{},{},0,0,0,0,0,0,0,0,<uncovered_place>,1,0,1,0,0,0,0,1,0,0,0
20090918_033,001.raw,no,no,16.332,16.782,FALSE,impl-conf,->implicit_confirm$query.route_number->explicit_confirm$query.departure_place,[],"{u'query.route_number': u'61A', u'query.departure_place': u'PITT'}",{},0,0,0,0,0,0,0,0,no,1,0,1,0,0,0,0,1,0,0,0
20090918_033,002.raw,east pittsburgh,east pittsburgh,19.468,20.258,FALSE,request,->request$query.departure_place,[],{},{u'from.neighborhood': u'east pittsburgh'},0,0,0,0,0,0,0,0,east <place>sburgh,1,0,2,0,0,0,0,2,0,0,0
20090918_033,003.raw,bell help,bell help,24.982,25.652,FALSE,impl-conf,->implicit_confirm$query.departure_place->request$query.arrival_place,[],{u'query.departure_place': u'EAST PITTSBURGH'},{u'to.desc': u'bell'},0,0,0,0,0,0,0,0,<place> help,1,0,3,0,0,0,0,3,0,0,0
20090918_033,004.raw,hello,hello,28.734,29.414,FALSE,request,->request$query.arrival_place,[],{},{},0,0,0,0,0,0,0,0,hello,0,1,3,0,0,0,1,3,0,0,0
20090918_033,006.raw,no,no,40.79,41.35,FALSE,expl-conf,->explicit_confirm$query.arrival_place,[],{u'query.arrival_place': u'SOUTH'},{},0,0,0,0,0,0,0,0,no,0,2,3,0,0,0,2,3,0,0,0
20090918_033,007.raw,mount oliver,mount oliver,44.384,45.084,FALSE,request,->request$query.arrival_place,[],{},{u'to.neighborhood': u'mount oliver'},0,0,0,0,0,0,0,0,mount <place>,0,3,3,0,0,0,3,3,0,0,0
20090918_033,008.raw,no,no,49.504,49.994,FALSE,expl-conf,->explicit_confirm$query.arrival_place,[],{u'query.arrival_place': u'MOUNT OLIVER'},{},0,0,0,0,0,0,0,0,no,0,4,3,0,0,0,4,3,0,0,0
20090918_033,010.raw,south,south,61.354,61.664,FALSE,example,->request$query.arrival_place,[],{},{u'to.desc': u'south'},0,0,0,0,0,0,0,0,<place>,0,5,3,0,0,0,5,3,0,0,0
20090918_033,011.raw,no,no,66.036,66.526,FALSE,expl-conf,->explicit_confirm$query.arrival_place,[],{u'query.arrival_place': u'SOUTH'},{},0,0,0,0,0,0,0,0,no,0,6,3,0,0,0,6,3,0,0,0
20090918_034,003.raw,yes,yes,22.11,22.44,FALSE,ack,->inform$confirm_okay->explicit_confirm$query.departure_place,[],{u'query.departure_place': u'SQUIRREL HILL'},{},0,1,0,0,0,0,0,0,yes,1,0,1,0,0,0,0,1,0,0,0
20090918_034,005.raw,yes,yes,27.526,27.946,FALSE,ack,->inform$confirm_okay->explicit_confirm$query.travel_time.time,[],{u'query.travel_time.time': u'the next bus'},{},0,1,0,0,0,0,0,0,yes,2,0,1,1,0,0,0,1,1,0,0
20090918_034,006.raw,east liberty,east liberty,31.848,32.718,FALSE,ack,->inform$confirm_okay->request$query.arrival_place,[],{},{u'to.neighborhood': u'east liberty'},0,1,0,0,0,0,0,0,<place>,0,1,1,1,0,0,1,1,1,0,0
20090918_035,002.raw,east,downtown,15.532,15.852,FALSE,request,->inform$nonunderstanding_moveon->request$query.departure_place,[],{},{},0,1,0,0,0,0,0,0,east,1,0,1,0,0,0,0,1,0,0,0
20090918_035,004.raw,downtown pittsburgh,downtown pittsburgh,22.68,23.96,FALSE,request,->inform$nonunderstanding_moveon->inform$neighborhood_strategy->request$departure_neighborhood,[],{},{u'from.neighborhood': u'downtown pittsburgh'},0,1,0,0,0,0,0,0,<neighborhood> <place>sburgh,1,0,2,0,0,0,0,2,0,0,0
20090918_035,006.raw,g station,g station,36.342,37.012,FALSE,ack,->inform$confirm_okay->request$departure_stop_in_neighborhood,[],{u'departure_stop_in_neighborhood': u'DOWNTOWN PITTSBURGH'},{u'route': u'g'},0,1,0,0,0,0,0,0,g station,1,0,3,0,0,0,0,3,0,0,0
20090918_035,007.raw,downtown,downtown,49.024,49.704,FALSE,request,->request$departure_stop_in_neighborhood,[],{},{u'from.neighborhood': u'downtown'},0,1,0,0,0,0,0,0,<neighborhood>,1,0,4,0,0,0,0,4,0,0,0
20090918_035,008.raw,yes,yes,53.932,54.582,FALSE,expl-conf,->explicit_confirm$query.departure_place,[],{u'query.departure_place': u'DOWNTOWN'},{},0,1,0,0,0,0,0,0,yes,1,0,5,0,0,0,0,5,0,0,0
20090918_035,009.raw,west moreland,west %,59.402,60.052,FALSE,ack,->inform$confirm_okay->request$query.arrival_place,[],{},{},0,1,0,0,0,0,0,0,<place> moreland,0,1,5,0,0,0,1,5,0,0,0
20090918_035,010.raw,no,no,64.256,64.646,FALSE,expl-conf,->explicit_confirm$query.arrival_place,[],{u'query.arrival_place': u'WEST'},{},0,1,0,0,0,0,0,0,no,0,2,5,0,0,0,2,5,0,0,0
20090918_035,011.raw,westpark,westpark,68.042,68.762,FALSE,request,->request$query.arrival_place,[],{},{u'to.desc': u'westpark'},0,1,0,0,0,0,0,0,<place>park,0,3,5,0,0,0,3,5,0,0,0
20090918_035,012.raw,west,west,79.7,80.12,FALSE,example,->request$query.arrival_place,[],{},{u'to.desc': u'west'},0,1,0,0,0,0,0,0,<place>,0,4,5,0,0,0,4,5,0,0,0
20090918_035,013.raw,westpark,westpark,84.746,85.446,FALSE,expl-conf,->explicit_confirm$query.arrival_place,[],{u'query.arrival_place': u'WEST'},{u'to.desc': u'westpark'},0,1,0,0,0,0,0,0,<place>park,0,5,5,0,0,0,5,5,0,0,0
20090918_037,007.raw,fifth and craft,fifth and craft,37.287,38.197,FALSE,expl-conf,->explicit_confirm$query.departure_place,[],{u'query.departure_place': u'BELL'},{u'from.desc': u'fifth and craft'},1,4,0,0,0,0,0,0,<place>,1,0,1,0,0,0,0,1,0,0,0
20090918_037,010.raw,sheraden shady craft,fifth and craft,48.013,49.613,FALSE,expl-conf,->inform$nonunderstanding_moveon->explicit_confirm$query.departure_place,[],{u'query.departure_place': u'FIFTH AND CRAFT'},{},0,5,0,0,0,0,0,0,<place> <place> <place>,1,0,2,0,0,0,0,2,0,0,0
20090918_037,011.raw,no,no,53.877,54.297,FALSE,expl-conf,->explicit_confirm$query.departure_place,[],{u'query.departure_place': u'SHADY'},{},0,5,0,0,0,0,0,0,no,1,0,3,0,0,0,0,3,0,0,0
20090918_037,012.raw,no,no,58.431,58.871,FALSE,expl-conf,->explicit_confirm$query.departure_place,[],{u'query.departure_place': u'SHERADEN'},{},1,6,0,0,0,0,0,0,no,1,0,4,0,0,0,0,4,0,0,0
20090918_037,013.raw,yes,yes,63.207,63.537,FALSE,expl-conf,->explicit_confirm$query.departure_place,[],{u'query.departure_place': u'FIFTH AND CRAFT'},{},1,7,0,0,0,0,0,0,yes,1,0,5,0,0,0,0,5,0,0,0
20090918_037,014.raw,south side,south side,70.721,71.321,FALSE,ack,->inform$confirm_okay->request$query.arrival_place,[],{},{u'to.neighborhood': u'south side'},0,7,0,0,0,0,0,0,<place> side,0,1,5,0,0,0,1,5,0,0,0
20090918_037,015.raw,the south side,the south side,78.985,79.875,FALSE,example,->request$query.arrival_place,[],{},{u'to.neighborhood': u'the south side'},0,7,0,0,0,0,0,0,<place>,0,2,5,0,0,0,2,5,0,0,0
20090918_037,017.raw,yes,yes,86.257,86.547,FALSE,expl-conf,->explicit_confirm$query.arrival_place,[],{u'query.arrival_place': u'THE SOUTH SIDE'},{},1,8,0,0,0,0,0,0,yes,0,3,5,0,0,0,3,5,0,0,0
20090918_037,019.raw,ten p m,ten p m,107.781,108.571,FALSE,request,->request$query.travel_time,[],{},{},0,8,0,0,0,0,0,0,<time>,2,3,5,1,0,0,3,5,1,0,0
20090918_037,020.raw,yes,yes,113.875,114.165,FALSE,expl-conf,->explicit_confirm$query.travel_time.time,[],{u'query.travel_time.time': u'Leaving at 10 p.m.'},{},0,8,0,0,0,0,0,0,yes,2,3,5,2,0,0,3,5,2,0,0
20090918_041,002.raw,bigelow,fifth and bigelow,19.317,20.187,FALSE,ack,->inform$confirm_okay->request$query.departure_place,[],{},{},0,1,0,0,0,0,0,0,<place>,1,0,1,0,0,0,0,1,0,0,0
20090918_041,003.raw,yes,yes,24.157,24.827,FALSE,expl-conf,->explicit_confirm$query.departure_place,[],{u'query.departure_place': u'BIGELOW'},{},0,1,0,0,0,0,0,0,yes,1,0,2,0,0,0,0,2,0,0,0
20090918_041,004.raw,from the north side,brownsville and boston,30.103,31.243,FALSE,ack,->inform$confirm_okay->request$query.arrival_place,[],{},{},0,1,0,0,0,0,0,0,from <place>,0,1,2,0,0,0,1,2,0,0,0
20090918_041,007.raw,yes,yes,42.687,43.157,FALSE,expl-conf,->explicit_confirm$query.arrival_place,[],"{u'query.arrival_place': u""KAUFMANN'S""}",{},1,3,0,0,0,0,0,0,yes,0,2,2,0,0,0,2,2,0,0,0
20090918_041,014.raw,tesla and bigelow,fifth and bigelow,81.717,82.897,FALSE,request,->request$query.departure_place,[],{},{u'from.desc': u'fifth and bigelow'},0,6,0,0,0,0,0,0,tesla and <place>,1,2,3,0,0,0,2,3,0,0,0
20090918_041,015.raw,no,no,86.227,86.797,FALSE,expl-conf,->explicit_confirm$query.departure_place,[],{u'query.departure_place': u'TESLA AND BIGELOW'},{},1,7,0,0,0,0,0,0,no,1,2,4,0,0,0,2,4,0,0,0
20090918_043,006.raw,squirrel hill,squirrel hill,58.363,59.293,FALSE,ack,->inform$confirm_okay->request$query.departure_place,[],{},{u'from.neighborhood': u'squirrel hill'},0,0,0,0,0,0,0,0,<neighborhood>,1,0,1,0,0,0,0,1,0,0,0
20090918_043,007.raw,yes,yes,64.027,64.597,FALSE,expl-conf,->explicit_confirm$query.departure_place,[],{u'query.departure_place': u'SQUIRREL HILL'},{},0,0,0,0,0,0,0,0,yes,1,0,2,0,0,0,0,2,0,0,0
20090918_043,008.raw,swissvale,swissvale,69.283,70.063,FALSE,ack,->inform$confirm_okay->request$query.arrival_place,[],{},{u'to.neighborhood': u'swissvale'},0,0,0,0,0,0,0,0,<place>,0,1,2,0,0,0,1,2,0,0,0
20090918_043,009.raw,eleven o'clock,eleven o'clock,75.493,76.393,FALSE,impl-conf,->implicit_confirm$query.arrival_place->request$query.travel_time,[],{u'query.arrival_place': u'SWISSVALE'},{u'time.hour': 11},0,0,0,0,0,0,0,0,<time> o'clock,0,2,2,0,0,0,2,2,0,0,0
20090918_043,010.raw,when is the next bus,when is the next bus,99.935,101.065,FALSE,impl-conf,->implicit_confirm$query.travel_time.time->inform$looking_up_database_first->inform$result->request$next_query,[],"{u'query.travel_time.time': u'Leaving at 11 p.m.', u'result': u'61A'}",{},1,1,0,0,0,0,0,0,when is the next bus,3,2,2,0,1,0,2,2,0,1,0
20090919_000,002.raw,yes,yes,33.689,34.069,FALSE,expl-conf,->explicit_confirm$query.departure_place,[],{u'query.departure_place': u'HOMESTEAD'},{},0,0,0,0,0,0,0,0,yes,1,0,1,0,0,0,0,1,0,0,0
20090919_000,004.raw,yes,yes,43.545,43.955,FALSE,expl-conf,->explicit_confirm$query.arrival_place,[],{u'query.arrival_place': u'PITTSBURGH'},{},1,1,0,0,0,0,0,0,yes,0,1,1,0,0,0,1,1,0,0,0
20090919_000,005.raw,yes,yes,50.019,50.419,FALSE,ack,->inform$confirm_okay->explicit_confirm$query.travel_time.time,[],{u'query.travel_time.time': u'Arriving by 5 31 a.m.'},{},0,1,0,0,0,0,0,0,yes,2,1,1,1,0,0,1,1,1,0,0
20090919_000,006.raw,what the next bus,what the next bus,70.863,72.163,FALSE,ack,->inform$confirm_okay->inform$looking_up_database_first->inform$result->request$next_query,[],{u'result': u'61C'},{},1,2,0,0,0,0,0,0,what the next bus,3,1,1,1,1,0,1,1,1,1,0
20090919_000,007.raw,when is the next bus,when is the next bus,90.167,91.377,FALSE,hold-on,->inform$looking_up_database_subsequent->inform$result->request$next_query,[],{u'result': u'61C'},{},1,3,0,0,0,0,0,0,when is the next bus,3,1,1,1,2,0,1,1,1,2,0
20090919_002,003.raw,the oakland,the oakland,31.34,31.9,FALSE,expl-conf,->explicit_confirm$query.departure_place,[],{u'query.departure_place': u'OAKLAND'},{u'from.neighborhood': u'oakland'},0,2,0,0,0,0,0,0,the <place>,1,0,1,0,0,0,0,1,0,0,0
20090919_002,004.raw,yes,yes,33.706,34.026,FALSE,impl-conf,->implicit_confirm$query.departure_place,[],{u'query.departure_place': u'OAKLAND'},{},0,2,0,0,0,0,0,0,yes,1,0,2,0,0,0,0,2,0,0,0
20090919_002,006.raw,hill marshall,hill marshall,48.644,49.694,FALSE,example,->request$query.arrival_place,[],{},{},0,2,0,0,0,0,0,0,hill <uncovered_place>,0,1,2,0,0,0,1,2,0,0,0
20090919_003,006.raw,south side,south side,64.892,65.912,FALSE,impl-conf,->implicit_confirm$query.departure_place->request$query.arrival_place,[],{u'query.departure_place': u'BIGELOW'},{u'to.neighborhood': u'south side'},0,0,0,0,0,0,0,0,<place> side,1,0,1,0,0,0,0,1,0,0,0
20090919_003,007.raw,the first bus,east carson,66.76,67.55,FALSE,impl-conf,->implicit_confirm$query.arrival_place,[],{u'query.arrival_place': u'SOUTH SIDE'},{u'to.desc': u'east carson'},1,1,0,0,0,0,0,0,the first bus,0,1,1,0,0,0,1,1,0,0,0
20090919_003,008.raw,now,now,71.846,72.396,FALSE,request,->request$query.travel_time,[],{},{u'time.rel': u'next'},0,1,0,0,0,0,0,0,now,2,1,1,1,0,0,1,1,1,0,0
20090919_004,007.raw,downtown,downtown,52.008,52.828,FALSE,ack,->inform$confirm_okay->request$query.departure_place,[],{},{u'from.neighborhood': u'downtown'},0,3,0,0,0,0,0,0,<neighborhood>,1,0,1,0,0,0,0,1,0,0,0
20090919_004,008.raw,sixth avenue wood street,sixth avenue wood street,63.508,65.138,FALSE,impl-conf,->implicit_confirm$query.departure_place->request$query.arrival_place,[],{u'query.departure_place': u'DOWNTOWN'},{u'to.desc': u'sixth and elm street'},0,3,0,0,0,0,0,0,<place> avenue <place>,1,0,2,0,0,0,0,2,0,0,0
20090919_004,009.raw,no,no,67.678,68.188,FALSE,expl-conf,->explicit_confirm$query.arrival_place,[],{u'query.arrival_place': u'SIXTH AVENUE'},{},1,4,0,0,0,0,0,0,no,0,1,2,0,0,0,1,2,0,0,0
20090919_004,010.raw,duquesne,duquesne,70.69,71.57,FALSE,request,->request$query.arrival_place,[],{},{u'to.neighborhood': u'duquesne'},0,4,0,0,0,0,0,0,<neighborhood>,0,2,2,0,0,0,2,2,0,0,0
20090919_004,011.raw,now,now,76.958,77.478,FALSE,impl-conf,->implicit_confirm$query.arrival_place->request$query.travel_time,[],{u'query.arrival_place': u'DUQUESNE'},{u'time.rel': u'next'},0,4,0,0,0,0,0,0,now,0,3,2,0,0,0,3,2,0,0,0
20090919_005,002.raw,mckeesport transportation center,mckeesport transportation center,17.356,19.616,FALSE,ack,->inform$confirm_okay->request$query.departure_place,[],{},{u'from.desc': u'mckeesport transportation center'},0,2,0,0,0,0,0,0,<neighborhood> <place>,1,0,1,0,0,0,0,1,0,0,0
20090919_005,003.raw,no,yes,24.5,24.71,FALSE,expl-conf,->explicit_confirm$query.departure_place,[],{u'query.departure_place': u'MCKEESPORT TRANSPORTATION CENTER'},{},1,3,0,0,0,0,0,0,no,1,0,2,0,0,0,0,2,0,0,0
20090919_005,004.raw,moon out of,now,29.418,30.098,FALSE,request,->request$query.departure_place,[],{},{},0,3,0,0,0,0,0,0,<uncovered_place> out of,1,0,3,0,0,0,0,3,0,0,0
20090919_005,005.raw,no,no,33.952,34.612,FALSE,example,->request$query.departure_place,[],{},{},1,4,0,0,0,0,0,0,no,1,0,4,0,0,0,0,4,0,0,0
20090919_005,006.raw,mckeesport,mckeesport,42.73,43.73,FALSE,request,->inform$nonunderstanding_subsequent_moveon->inform$neighborhood_strategy->request$departure_neighborhood,[],{},{u'from.neighborhood': u'mckeesport'},0,4,0,0,0,0,0,0,<neighborhood>,1,0,5,0,0,0,0,5,0,0,0
20090919_005,008.raw,mckeesport transportation center,mckeesport transportation center,52.698,54.808,FALSE,ack,->inform$confirm_okay->request$departure_stop_in_neighborhood,[],{u'departure_stop_in_neighborhood': u'MCKEESPORT'},{u'from.desc': u'mckeesport transportation center'},0,4,0,0,0,0,0,0,<neighborhood> <place>,1,0,6,0,0,0,0,6,0,0,0
20090919_005,009.raw,yes,yes,59.916,60.376,FALSE,expl-conf,->explicit_confirm$query.departure_place,[],{u'query.departure_place': u'MCKEESPORT TRANSPORTATION CENTER'},{},1,5,0,0,0,0,0,0,yes,1,0,7,0,0,0,0,7,0,0,0
20090919_005,010.raw,homestead,homestead,63.39,64.44,FALSE,ack,->inform$confirm_okay->request$query.arrival_place,[],{},{u'to.neighborhood': u'homestead'},0,5,0,0,0,0,0,0,<neighborhood>,0,1,7,0,0,0,1,7,0,0,0
20090919_005,011.raw,yes,yes,68.276,68.726,FALSE,expl-conf,->explicit_confirm$query.arrival_place,[],{u'query.arrival_place': u'HOMESTEAD'},{},0,5,0,0,0,0,0,0,yes,0,2,7,0,0,0,2,7,0,0,0
20090919_006,002.raw,yes,yes,22.308,22.688,FALSE,expl-conf,->explicit_confirm$query.departure_place,[],{u'query.departure_place': u'DOWNTOWN'},{},0,0,0,0,0,0,0,0,yes,1,0,1,0,0,0,0,1,0,0,0
20090919_006,003.raw,mckeesport,mckeesport,26.866,27.546,FALSE,ack,->inform$confirm_okay->request$query.arrival_place,[],{},{u'to.neighborhood': u'mckeesport'},0,0,0,0,0,0,0,0,<neighborhood>,0,1,1,0,0,0,1,1,0,0,0
20090919_006,004.raw,first bus,first bus,32.542,33.752,FALSE,impl-conf,->implicit_confirm$query.arrival_place->request$query.travel_time,[],{u'query.arrival_place': u'MCKEESPORT'},{},0,0,0,0,0,0,0,0,first bus,0,2,1,0,0,0,2,1,0,0,0
20090919_006,005.raw,next bus,next bus,36.674,37.394,FALSE,request,->request$query.travel_time,[],{},{},0,0,0,0,0,0,0,0,next bus,2,2,1,1,0,0,2,1,1,0,0
20090919_008,004.raw,yeah,no,62.164,62.544,FALSE,ack,->inform$confirm_okay->explicit_confirm$query.departure_place,[],{u'query.departure_place': u'HALKET AND FIFTH'},{},1,3,0,1,0,0,0,0,yeah,1,0,1,0,0,0,0,1,0,0,0
20090919_008,006.raw,mckeesport,mckeesport,69.796,70.696,FALSE,example,->request$query.arrival_place,[],{},{u'to.neighborhood': u'mckeesport'},1,5,0,1,0,0,0,0,<neighborhood>,0,1,1,0,0,0,1,1,0,0,0
20090919_008,007.raw,correct,correct,72.998,73.618,FALSE,expl-conf,->explicit_confirm$query.arrival_place,[],{u'query.arrival_place': u'MCKEESPORT'},{},1,6,0,1,0,0,0,0,correct,0,2,1,0,0,0,2,1,0,0,0
20090919_008,011.raw,correct,correct,108.966,109.526,FALSE,expl-conf,->explicit_confirm$query.departure_place,[],{u'query.departure_place': u'DUQUESNE'},{},1,8,0,1,0,0,0,0,correct,1,2,2,0,0,0,2,2,0,0,0
20090919_008,014.raw,correct,correct,122.628,123.088,FALSE,expl-conf,->explicit_confirm$query.travel_time.time,[],{u'query.travel_time.time': u'the next bus'},{},1,10,0,1,0,0,0,0,correct,2,2,2,1,0,0,2,2,1,0,0
20090919_008,016.raw,the next bus,the next bus,140.954,141.884,FALSE,schedule,->inform$result->request$next_query,[],{u'result': u'61C'},{},1,12,0,1,0,0,0,0,the next bus,3,2,2,1,1,0,2,2,1,1,0
20090919_010,002.raw,east pittsburgh,east pittsburgh,20.907,21.657,FALSE,impl-conf,->implicit_confirm$query.departure_place->request$query.arrival_place,[],{u'query.departure_place': u'DOWNTOWN'},{u'to.neighborhood': u'east pittsburgh'},0,0,0,0,0,0,0,0,east <place>sburgh,1,0,1,0,0,0,0,1,0,0,0
20090919_010,003.raw,now,now,26.943,27.303,FALSE,impl-conf,->implicit_confirm$query.arrival_place->request$query.travel_time,[],{u'query.arrival_place': u'EAST PITTSBURGH'},{u'time.rel': u'next'},0,0,0,0,0,0,0,0,now,0,1,1,0,0,0,1,1,0,0,0
20090919_010,004.raw,when is previous bus,when is previous bus,51.987,53.057,FALSE,impl-conf,->implicit_confirm$query.travel_time.time->inform$looking_up_database_first->inform$result->request$next_query,[],"{u'query.travel_time.time': u'The next bus', u'result': u'61A'}",{},1,1,0,0,0,0,0,0,when is previous bus,3,1,1,0,1,0,1,1,0,1,0
20090919_012,011.raw,downtown,downtown,44.772,45.432,FALSE,ack,->inform$confirm_okay->request$query.departure_place,[],{},{u'from.neighborhood': u'downtown'},0,2,0,0,0,0,0,0,<neighborhood>,1,0,1,0,0,0,0,1,0,0,0
20090919_012,012.raw,mckeesport,mckeesport,50.89,51.6,FALSE,impl-conf,->implicit_confirm$query.departure_place->request$query.arrival_place,[],{u'query.departure_place': u'DOWNTOWN'},{u'to.neighborhood': u'mckeesport'},0,2,0,0,0,0,0,0,<neighborhood>,1,0,2,0,0,0,0,2,0,0,0
20090919_012,013.raw,next bus,next bus,56.39,57.2,FALSE,impl-conf,->implicit_confirm$query.arrival_place->request$query.travel_time,[],{u'query.arrival_place': u'MCKEESPORT'},{},0,2,0,0,0,0,0,0,next bus,0,1,2,0,0,0,1,2,0,0,0
20090919_013,003.raw,yes,yes,22.877,23.407,FALSE,expl-conf,->explicit_confirm$query.departure_place,[],{u'query.departure_place': u'SECOND AND GRANT'},{},0,0,0,0,0,0,0,0,yes,1,0,1,0,0,0,0,1,0,0,0
20090919_013,004.raw,squirrel hill,squirrel hill,28.393,29.223,FALSE,ack,->inform$confirm_okay->request$query.arrival_place,[],{},{u'to.neighborhood': u'squirrel hill'},0,0,0,0,0,0,0,0,<neighborhood>,0,1,1,0,0,0,1,1,0,0,0
20090919_013,005.raw,six o'clock want a m,six oclock am,34.659,36.449,FALSE,impl-conf,->implicit_confirm$query.arrival_place->request$query.travel_time,[],{u'query.arrival_place': u'SQUIRREL HILL'},"{u'time.hour': 6, u'time.ampm': u'am'}",0,0,0,0,0,0,0,0,<time> o'clock want a m,0,2,1,0,0,0,2,1,0,0,0
20090919_013,007.raw,60m coal,six am,43.871,45.531,FALSE,request,->request$query.travel_time,[],{},"{u'time.hour': 6, u'time.ampm': u'am'}",0,1,0,0,0,0,0,0,<uncovered_route> <place>,2,2,1,1,0,0,2,1,1,0,0
20090919_013,008.raw,six o'clock,six o'clock,49.793,51.153,FALSE,request,->request$query.travel_time,[],{},{u'time.hour': 6},0,1,0,0,0,0,0,0,<time> o'clock,2,2,1,2,0,0,2,1,2,0,0
20090919_017,003.raw,yes,yes,25.003,25.263,FALSE,expl-conf,->explicit_confirm$query.departure_place,[],{u'query.departure_place': u'SWISSVALE'},{},0,0,0,0,0,0,0,0,yes,1,0,1,0,0,0,0,1,0,0,0
20090919_017,004.raw,east pittsburgh,east pittsburgh,28.553,29.193,FALSE,ack,->inform$confirm_okay->request$query.arrival_place,[],{},{u'to.neighborhood': u'east pittsburgh'},0,0,0,0,0,0,0,0,east <place>sburgh,0,1,1,0,0,0,1,1,0,0,0
20090919_017,005.raw,now,now,33.683,33.993,FALSE,impl-conf,->implicit_confirm$query.arrival_place->request$query.travel_time,[],{u'query.arrival_place': u'EAST PITTSBURGH'},{u'time.rel': u'next'},0,0,0,0,0,0,0,0,now,0,2,1,0,0,0,2,1,0,0,0
20090919_019,003.raw,no,no,23.595,23.875,FALSE,ack,->inform$confirm_okay->explicit_confirm$query.travel_time.time,[],{u'query.travel_time.time': u'the next bus'},{},0,2,0,0,0,0,0,0,no,2,0,0,1,0,0,0,0,1,0,0
20090919_019,004.raw,no,no,27.785,28.075,FALSE,expl-conf,->explicit_confirm$query.departure_place,[],{u'query.departure_place': u'NEGLEY'},{},1,3,0,0,0,0,0,0,no,1,0,1,1,0,0,0,1,1,0,0
20090919_019,006.raw,centre and negley,centre and negley,34.445,35.795,FALSE,request,->request$query.departure_place,[],{},{},0,4,0,0,0,0,0,0,<place>,1,0,2,1,0,0,0,2,1,0,0
20090919_019,007.raw,yes,yes,40.629,40.889,FALSE,expl-conf,->explicit_confirm$query.departure_place,[],{u'query.departure_place': u'CENTRE AND NEGLEY'},{},0,4,0,0,0,0,0,0,yes,1,0,3,1,0,0,0,3,1,0,0
20090919_019,008.raw,murray and forbes,murray and forbes,45.075,46.435,FALSE,ack,->inform$confirm_okay->request$query.arrival_place,[],{},{u'to.desc': u'murray and forbes'},0,4,0,0,0,0,0,0,<place>,0,1,3,1,0,0,1,3,1,0,0
20090919_019,009.raw,yes,yes,50.411,50.851,FALSE,expl-conf,->explicit_confirm$query.arrival_place,[],{u'query.arrival_place': u'MURRAY AND FORBES'},{},1,5,0,0,0,0,0,0,yes,0,2,3,1,0,0,2,3,1,0,0
20090919_019,010.raw,next bus,next bus,55.285,56.055,FALSE,ack,->inform$confirm_okay->request$exact_travel_time,[],{},{},0,5,0,0,0,0,0,0,next bus,2,2,3,2,0,0,2,3,2,0,0
20090919_021,001.raw,hello,no,13.596,13.986,FALSE,expl-conf,->explicit_confirm$query.departure_place,[],{u'query.departure_place': u'OLIVER'},{},0,1,0,0,0,0,0,0,hello,1,0,1,0,0,0,0,1,0,0,0
20090919_021,004.raw,61c,61c,26.294,27.474,FALSE,request,->request$query.arrival_place,[],{},{u'route': u'61c'},0,2,0,0,0,0,0,0,<route>,0,1,1,0,0,0,1,1,0,0,0
20090919_021,005.raw,mckeesport,mckeesport,34.602,35.572,FALSE,example,->request$query.arrival_place,[],{},{u'to.neighborhood': u'mckeesport'},0,2,0,0,0,0,0,0,<neighborhood>,0,2,1,0,0,0,2,1,0,0,0
20090919_021,006.raw,no leaving from mckeesport,no leaving from mckeesport,39.79,42.53,FALSE,expl-conf,->explicit_confirm$query.arrival_place,[],{u'query.arrival_place': u'MCKEESPORT'},{},0,2,0,0,0,0,0,0,no leaving from <neighborhood>,0,3,1,0,0,0,3,1,0,0,0
20090919_021,007.raw,downtown,downtown,45.404,46.234,FALSE,request,->request$query.arrival_place,[],{},{u'to.neighborhood': u'downtown'},0,2,0,0,0,0,0,0,<neighborhood>,0,4,1,0,0,0,4,1,0,0,0
20090919_021,008.raw,yes,yes,50.534,50.904,FALSE,expl-conf,->explicit_confirm$query.arrival_place,[],{u'query.arrival_place': u'DOWNTOWN'},{},0,2,0,0,0,0,0,0,yes,0,5,1,0,0,0,5,1,0,0,0
20090919_021,010.raw,start a new query,start a new query,85.782,87.112,FALSE,impl-conf,->implicit_confirm$query.travel_time.time->inform$looking_up_database_first->inform$result->request$next_query,[],"{u'query.travel_time.time': u'The next bus', u'result': u'55B'}",{},1,3,0,0,0,0,0,0,start a new query,3,5,1,0,1,0,5,1,0,1,0
20090919_021,013.raw,yes,yes,110.064,110.754,FALSE,ack,->inform$confirm_okay->explicit_confirm$query.departure_place,[],{u'query.departure_place': u'KENNYWOOD BOULEVARD AND HOFFMAN'},{},1,4,0,0,0,0,0,0,yes,1,5,2,0,1,0,5,2,0,1,0
20090919_021,014.raw,yes going to downtown,yes going to downtown,116.286,118.296,FALSE,ack,->inform$confirm_okay->explicit_confirm$query.travel_time.time,[],{u'query.travel_time.time': u'the next bus'},{},0,4,0,0,0,0,0,0,yes going to <neighborhood>,2,5,2,1,1,0,5,2,1,1,0
20090919_027,002.raw,yes,yes,23.154,23.514,FALSE,expl-conf,->explicit_confirm$query.departure_place,[],{u'query.departure_place': u'FORBES AT MARGARET MORRISON'},{},1,1,0,0,0,0,0,0,yes,1,0,1,0,0,0,0,1,0,0,0
20090919_027,003.raw,waterfront,waterfront,27.408,28.038,FALSE,ack,->inform$confirm_okay->request$query.arrival_place,[],{},{u'to.desc': u'waterfront'},0,1,0,0,0,0,0,0,<place>,0,1,1,0,0,0,1,1,0,0,0
20090919_027,004.raw,now,now,32.822,33.372,FALSE,impl-conf,->implicit_confirm$query.arrival_place->request$query.travel_time,[],{u'query.arrival_place': u'WATERFRONT'},{u'time.rel': u'next'},0,1,0,0,0,0,0,0,now,0,2,1,0,0,0,2,1,0,0,0
20090919_027,006.raw,very,very,50.336,50.836,FALSE,impl-conf,->implicit_confirm$query.travel_time.time->inform$looking_up_database_first->inform$result->request$next_query,[],"{u'query.travel_time.time': u'The next bus', u'result': u'59U'}",{},1,2,0,0,0,0,0,0,very,3,2,1,0,1,0,2,1,0,1,0
20090919_030,003.raw,carnegie mellon,carnegie mellon,18.492,19.322,FALSE,ack,->inform$confirm_okay->request$query.departure_place,[],{},{u'from.desc': u'carnegie mellon'},0,2,0,0,0,0,0,0,<place>,1,0,1,0,0,0,0,1,0,0,0
20090919_030,004.raw,right,right,23.598,24.078,FALSE,expl-conf,->explicit_confirm$query.departure_place,[],{u'query.departure_place': u'CARNEGIE MELLON'},{},0,2,0,0,0,0,0,0,right,1,0,2,0,0,0,0,2,0,0,0
20090919_030,005.raw,murray and forbes,murray and forbes,31.686,32.786,FALSE,ack,->inform$confirm_okay->request$query.arrival_place,[],{},{u'to.desc': u'murray and forbes'},0,2,0,0,0,0,0,0,<place>,0,1,2,0,0,0,1,2,0,0,0
20090919_030,006.raw,right,right,36.954,37.434,FALSE,expl-conf,->explicit_confirm$query.arrival_place,[],{u'query.arrival_place': u'MURRAY AND FORBES'},{},1,3,0,0,0,0,0,0,right,0,2,2,0,0,0,2,2,0,0,0
20090919_030,011.raw,when carrick,thank you,83.95,84.49,FALSE,hold-on,->inform$looking_up_database_subsequent->inform$result->request$next_query,[],{u'result': u'59U'},{},1,7,0,0,0,0,0,0,when <uncovered_place>,3,2,2,0,1,0,2,2,0,1,0
20090919_034,002.raw,yes,yes,22.815,23.035,FALSE,expl-conf,->explicit_confirm$query.departure_place,[],{u'query.departure_place': u'FIFTH AND SMITHFIELD'},{},0,0,0,0,0,0,0,0,yes,1,0,1,0,0,0,0,1,0,0,0
20090919_034,003.raw,rebecca at coal,rebecca at coal,27.265,28.125,FALSE,ack,->inform$confirm_okay->request$query.arrival_place,[],{},{u'to.desc': u'rebecca and coal'},0,0,0,0,0,0,0,0,<place> at <place>,0,1,1,0,0,0,1,1,0,0,0
20090919_034,004.raw,yes,yes,32.577,32.787,FALSE,expl-conf,->explicit_confirm$query.arrival_place,[],{u'query.arrival_place': u'REBECCA AT COAL'},{},0,0,0,0,0,0,0,0,yes,0,2,1,0,0,0,2,1,0,0,0
20090919_034,006.raw,previous bus,previous bus,61.215,61.895,FALSE,impl-conf,->implicit_confirm$query.travel_time.time->inform$looking_up_database_first->inform$result->request$next_query,[],"{u'query.travel_time.time': u'The next bus', u'result': u'61A'}",{},1,1,0,0,0,0,0,0,previous bus,3,2,1,0,1,0,2,1,0,1,0
20090919_038,002.raw,strip district,strip district,18.85,19.6,FALSE,ack,->inform$confirm_okay->request$query.departure_place,[],{},{u'from.neighborhood': u'strip district'},0,0,0,0,0,0,0,0,<place> district,1,0,1,0,0,0,0,1,0,0,0
20090919_038,004.raw,south side,south side,24.328,25.138,FALSE,impl-conf,->implicit_confirm$query.departure_place->request$query.arrival_place,[],{u'query.departure_place': u'STRIP DISTRICT'},{u'to.neighborhood': u'south side'},0,0,0,0,0,0,0,0,<place> side,1,0,2,0,0,0,0,2,0,0,0
20090919_038,005.raw,now,now,29.77,30.52,FALSE,impl-conf,->implicit_confirm$query.arrival_place->request$query.travel_time,[],{u'query.arrival_place': u'SOUTH SIDE'},{u'time.rel': u'next'},0,0,0,0,0,0,0,0,now,0,1,2,0,0,0,1,2,0,0,0
20090919_038,006.raw,repeat,repeat,47.69,48.31,FALSE,impl-conf,->implicit_confirm$query.travel_time.time->inform$looking_up_database_first->inform$result->request$next_query,[],"{u'query.travel_time.time': u'The next bus', u'result': u'54C'}",{},1,1,0,0,1,1,0,0,repeat,3,1,2,0,1,0,1,2,0,1,0
20090919_045,002.raw,yes,yes,22.976,23.246,FALSE,ack,->inform$confirm_okay->explicit_confirm$query.departure_place,[],{u'query.departure_place': u'EAST PITTSBURGH'},{},1,2,0,0,0,0,0,0,yes,1,0,1,0,0,0,0,1,0,0,0
20090919_045,005.raw,next bus,next bus,34.206,34.746,FALSE,impl-conf,->implicit_confirm$query.travel_time.time->inform$looking_up_database_first,[],{u'query.travel_time.time': u'The next bus'},{},1,4,0,0,0,0,0,0,next bus,2,0,1,1,0,0,0,1,1,0,0
20090919_045,006.raw,the was the from wilkingsburg please,the was the from wilkingsburg please,45.996,47.686,FALSE,schedule,->inform$result->request$next_query,[],{u'result': u'61A'},{},1,5,0,0,0,0,0,0,the was the from wilkingsburg please,3,0,1,1,1,0,0,1,1,1,0
20090919_045,008.raw,thank you,thank you,64.522,64.912,FALSE,hold-on,->inform$looking_up_database_subsequent->inform$result->request$next_query,[],{u'result': u'61A'},{},1,7,0,0,0,0,0,0,thank you,3,0,1,1,2,0,0,1,1,2,0
20090919_057,002.raw,no,no,25.285,25.675,FALSE,expl-conf,->explicit_confirm$query.departure_place,[],{u'query.departure_place': u'FORBES AND MOREWOOD AVENUE'},{},0,0,0,0,0,0,0,0,no,1,0,1,0,0,0,0,1,0,0,0
20090919_057,003.raw,north avenue,north avenue,28.849,29.729,FALSE,request,->request$query.departure_place,[],{},{u'from.desc': u'north avenue'},0,0,0,0,0,0,0,0,<place> avenue,1,0,2,0,0,0,0,2,0,0,0
20090919_057,004.raw,south side,south side,34.137,34.737,FALSE,impl-conf,->implicit_confirm$query.departure_place->request$query.arrival_place,[],{u'query.departure_place': u'NORTH AVENUE'},{u'to.neighborhood': u'south side'},0,0,0,0,0,0,0,0,<place> side,1,0,3,0,0,0,0,3,0,0,0
20090919_057,005.raw,next two buses,next two buses,39.429,40.279,FALSE,impl-conf,->implicit_confirm$query.arrival_place->request$query.travel_time,[],{u'query.arrival_place': u'SOUTH SIDE'},{},0,0,0,0,0,0,0,0,next <time> buses,0,1,3,0,0,0,1,3,0,0,0
20090919_057,006.raw,next bus,next bus,55.981,56.521,FALSE,impl-conf,->implicit_confirm$query.travel_time.time->inform$looking_up_database_first->inform$result->request$next_query,[],"{u'query.travel_time.time': u'The next bus', u'result': u'54C'}",{},1,1,0,0,0,0,0,0,next bus,3,1,3,0,1,0,1,3,0,1,0
20090919_057,007.raw,thank,thank,66.831,67.031,FALSE,hold-on,->inform$looking_up_database_subsequent->inform$result,[],{u'result': u'54C'},{},1,2,0,0,0,0,0,0,thank,3,1,3,0,2,0,1,3,0,2,0
20090919_058,005.raw,north avenue and federal street,north avenue and federal street,55.616,57.996,FALSE,ack,->inform$confirm_okay->request$query.departure_place,[],{},{u'from.desc': u'north avenue and federal street'},0,1,0,0,0,0,0,0,<place> avenue and <place> street,1,0,1,0,0,0,0,1,0,0,0
20090919_058,006.raw,yes,yes,63.798,64.468,FALSE,expl-conf,->explicit_confirm$query.departure_place,[],{u'query.departure_place': u'NORTH AVENUE AND FEDERAL STREET'},{},0,1,0,0,0,0,0,0,yes,1,0,2,0,0,0,0,2,0,0,0
20090919_058,007.raw,oakland,oakland,68.042,68.722,FALSE,ack,->inform$confirm_okay->request$query.arrival_place,[],{},{u'to.neighborhood': u'oakland'},0,1,0,0,0,0,0,0,<place>,0,1,2,0,0,0,1,2,0,0,0
20090919_058,008.raw,the u herron the e,now,76.762,78.232,FALSE,impl-conf,->implicit_confirm$query.arrival_place->request$query.travel_time,[],{u'query.arrival_place': u'OAKLAND'},{},0,1,0,0,0,0,0,0,the u <place> the e,0,2,2,0,0,0,2,2,0,0,0
20090919_058,010.raw,six thirty,six thirty,86.038,87.198,FALSE,request,->request$query.travel_time,[],{},{},0,1,0,0,0,0,0,0,<time> thirty,2,2,2,1,0,0,2,2,1,0,0
20090919_063,002.raw,mckeesport,mckeesport,19.07,19.92,FALSE,ack,->inform$confirm_okay->request$query.departure_place,[],{},{u'from.neighborhood': u'mckeesport'},0,0,0,0,0,0,0,0,<neighborhood>,1,0,1,0,0,0,0,1,0,0,0
20090919_063,003.raw,downtown,downtown,24.77,25.56,FALSE,impl-conf,->implicit_confirm$query.departure_place->request$query.arrival_place,[],{u'query.departure_place': u'MCKEESPORT'},{u'to.neighborhood': u'downtown'},0,0,0,0,0,0,0,0,<neighborhood>,1,0,2,0,0,0,0,2,0,0,0
20090919_063,004.raw,now,now,30.048,30.448,FALSE,impl-conf,->implicit_confirm$query.arrival_place->request$query.travel_time,[],{u'query.arrival_place': u'DOWNTOWN'},{u'time.rel': u'next'},0,0,0,0,0,0,0,0,now,0,1,2,0,0,0,1,2,0,0,0
20090919_064,002.raw,mckeesport,mckeesport,20.446,21.346,FALSE,ack,->inform$confirm_okay->request$query.departure_place,[],{},{u'from.neighborhood': u'mckeesport'},0,0,0,0,0,0,0,0,<neighborhood>,1,0,1,0,0,0,0,1,0,0,0
20090919_064,003.raw,downtown,downtown,26.142,27.112,FALSE,impl-conf,->implicit_confirm$query.departure_place->request$query.arrival_place,[],{u'query.departure_place': u'MCKEESPORT'},{u'to.neighborhood': u'downtown'},0,0,0,0,0,0,0,0,<neighborhood>,1,0,2,0,0,0,0,2,0,0,0
20090919_064,004.raw,after seven p m,after seven p m,32.158,33.578,FALSE,impl-conf,->implicit_confirm$query.arrival_place->request$query.travel_time,[],{u'query.arrival_place': u'DOWNTOWN'},{},0,0,0,0,0,0,0,0,after <time>,0,1,2,0,0,0,1,2,0,0,0
20090919_066,002.raw,no mckeesport,no mckeesport,24.937,26.627,FALSE,expl-conf,->explicit_confirm$query.departure_place,[],{u'query.departure_place': u'PITTSBURGH'},{u'from.neighborhood': u'mckeesport'},0,0,0,0,0,0,0,0,no <neighborhood>,1,0,1,0,0,0,0,1,0,0,0
20090919_066,003.raw,yes,yes,30.827,31.147,FALSE,expl-conf,->explicit_confirm$query.departure_place,[],{u'query.departure_place': u'MCKEESPORT'},{},0,0,0,0,0,0,0,0,yes,1,0,2,0,0,0,0,2,0,0,0
20090919_066,005.raw,from downtown pittsburgh,from downtown pittsburgh,41.207,43.227,FALSE,ack,->inform$confirm_okay->request$query.arrival_place,[],{},{},0,0,0,0,0,0,0,0,from <neighborhood> <place>sburgh,0,1,2,0,0,0,1,2,0,0,0
20090919_066,006.raw,downtown,downtown,50.315,51.105,FALSE,example,->request$query.arrival_place,[],{},{u'to.neighborhood': u'downtown'},0,0,0,0,0,0,0,0,<neighborhood>,0,2,2,0,0,0,2,2,0,0,0
20090919_066,007.raw,yes,yes,55.455,55.805,FALSE,expl-conf,->explicit_confirm$query.arrival_place,[],{u'query.arrival_place': u'DOWNTOWN'},{},0,0,0,0,0,0,0,0,yes,0,3,2,0,0,0,3,2,0,0,0
20090919_066,009.raw,when's the previous bus,when's the previous bus,86.903,88.013,FALSE,impl-conf,->implicit_confirm$query.travel_time.time->inform$looking_up_database_first->inform$result->request$next_query,[],"{u'query.travel_time.time': u'The next bus', u'result': u'61C'}",{},1,1,0,0,0,0,0,0,when's the previous bus,3,3,2,0,1,0,3,2,0,1,0
20090919_072,002.raw,south hills junction,south hills junction,19.377,20.667,FALSE,expl-conf,->explicit_confirm$query.departure_place,[],{u'query.departure_place': u'SOUTH'},{u'from.desc': u'south hills junction'},0,1,0,0,0,0,0,0,<place>,1,0,1,0,0,0,0,1,0,0,0
20090919_072,003.raw,to south hills junction,to south hills junction,24.119,25.559,FALSE,expl-conf,->explicit_confirm$query.departure_place,[],{u'query.departure_place': u'SOUTH'},{},1,2,0,0,0,0,0,0,to <place>,1,0,2,0,0,0,0,2,0,0,0
20090919_072,004.raw,south hills junction,south hills junction,33.655,35.085,FALSE,bebrief,->inform$nonunderstanding_askshortanswer->explicit_confirm$query.departure_place,[],{u'query.departure_place': u'SOUTH'},{u'from.desc': u'south hills junction'},0,2,0,0,0,0,0,0,<place>,1,0,3,0,0,0,0,3,0,0,0
20090919_072,005.raw,yes,yes,38.263,38.613,FALSE,impl-conf,->implicit_confirm$query.departure_place->request$query.arrival_place,[],{u'query.departure_place': u'SOUTH HILLS JUNCTION'},{},1,3,0,0,0,0,0,0,yes,1,0,4,0,0,0,0,4,0,0,0
20090919_072,006.raw,penn and main,penn and main,42.251,42.811,FALSE,request,->request$query.arrival_place,[],{},{u'to.desc': u'penn and main'},0,3,0,0,0,0,0,0,<place>,0,1,4,0,0,0,1,4,0,0,0
20090919_072,007.raw,yes,yes,46.795,47.055,FALSE,expl-conf,->explicit_confirm$query.arrival_place,[],{u'query.arrival_place': u'PENN AND MAIN'},{},0,3,0,0,0,0,0,0,yes,0,2,4,0,0,0,2,4,0,0,0
20090919_072,009.raw,no,no,53.667,54.067,FALSE,request,->request$query.travel_time,[],{},{},0,3,0,0,0,0,0,0,no,2,2,4,1,0,0,2,4,1,0,0
20090919_072,010.raw,now,now,56.823,57.383,FALSE,request,->request$query.travel_time,[],{},{u'time.rel': u'next'},0,3,0,0,0,0,0,0,now,2,2,4,2,0,0,2,4,2,0,0
20090919_072,011.raw,previous,previous,73.617,74.217,FALSE,impl-conf,->implicit_confirm$query.travel_time.time->inform$looking_up_database_first->inform$result->request$next_query,[],"{u'query.travel_time.time': u'The next bus', u'result': u'54C'}",{},1,4,0,0,0,0,0,0,previous,3,2,4,2,1,0,2,4,2,1,0
20090919_074,002.raw,fifth and bigelow,fifth and bigelow,19.265,20.325,FALSE,request,->request$query.departure_place,[],{},{u'from.desc': u'fifth and bigelow'},0,0,0,0,0,0,0,0,<place> and <place>,1,0,1,0,0,0,0,1,0,0,0
20090919_074,003.raw,yes,yes,24.425,24.655,FALSE,expl-conf,->explicit_confirm$query.departure_place,[],{u'query.departure_place': u'FIFTH AND BIGELOW'},{},1,1,0,0,0,0,0,0,yes,1,0,2,0,0,0,0,2,0,0,0
20090919_074,004.raw,brownsville in mall moon,brownsville and boston,27.777,28.987,FALSE,ack,->inform$confirm_okay->request$query.arrival_place,[],{},{u'to.desc': u'brownsville'},0,1,0,0,0,0,0,0,<place> in <place> <uncovered_place>,0,1,2,0,0,0,1,2,0,0,0
20090919_074,005.raw,no,no,33.345,33.695,FALSE,expl-conf,->explicit_confirm$query.arrival_place,[],{u'query.arrival_place': u'BROWNSVILLE'},{},0,1,0,0,0,0,0,0,no,0,2,2,0,0,0,2,2,0,0,0
20090919_074,007.raw,brownsville and boggs,brownsville and boston,39.681,40.761,FALSE,request,->request$query.arrival_place,[],{},{u'to.desc': u'brownsville'},0,1,0,0,0,0,0,0,<place> and boggs,0,3,2,0,0,0,3,2,0,0,0
20090919_074,008.raw,yes,yes,44.491,44.751,FALSE,expl-conf,->explicit_confirm$query.arrival_place,[],{u'query.arrival_place': u'BROWNSVILLE'},{},1,2,0,0,0,0,0,0,yes,0,4,2,0,0,0,4,2,0,0,0
20090919_077,002.raw,mckeesport,mckeesport,22.455,23.255,FALSE,impl-conf,->implicit_confirm$query.departure_place->request$query.arrival_place,[],{u'query.departure_place': u'DUQUESNE'},{u'to.neighborhood': u'mckeesport'},0,0,0,0,0,0,0,0,<neighborhood>,1,0,1,0,0,0,0,1,0,0,0
20090919_077,003.raw,now,now,28.397,28.857,FALSE,impl-conf,->implicit_confirm$query.arrival_place->request$query.travel_time,[],{u'query.arrival_place': u'MCKEESPORT'},{u'time.rel': u'next'},0,0,0,0,0,0,0,0,now,0,1,1,0,0,0,1,1,0,0,0
20090919_077,004.raw,5a new query,start new query,59.157,60.257,FALSE,impl-conf,->implicit_confirm$query.travel_time.time->inform$looking_up_database_first->inform$result->request$next_query,[],"{u'query.travel_time.time': u'The next bus', u'result': u'61C'}",{},1,1,0,0,0,0,0,0,<uncovered_route> new query,3,1,1,0,1,0,1,1,0,1,0
20090919_077,008.raw,mckeesport,mckeesport,79.917,80.737,FALSE,ack,->inform$confirm_okay->request$query.departure_place,[],{},{u'from.neighborhood': u'mckeesport'},0,2,0,0,0,0,0,0,<neighborhood>,1,1,2,0,1,0,1,2,0,1,0
20090919_077,009.raw,to homestead,to homestead,85.587,86.507,FALSE,impl-conf,->implicit_confirm$query.departure_place->request$query.arrival_place,[],{u'query.departure_place': u'MCKEESPORT'},{},0,2,0,0,0,0,0,0,to <neighborhood>,1,1,3,0,1,0,1,3,0,1,0
20090919_077,010.raw,now,now,90.955,91.385,FALSE,impl-conf,->implicit_confirm$query.arrival_place->request$query.travel_time,[],{u'query.arrival_place': u'HOMESTEAD'},{u'time.rel': u'next'},0,2,0,0,0,0,0,0,now,0,2,3,0,1,0,2,3,0,1,0
20090919_078,003.raw,yes,yes,20.086,20.486,FALSE,ack,->inform$confirm_okay->explicit_confirm$query.departure_place,[],{u'query.departure_place': u'FIFTH AND BIGELOW'},{},1,4,0,0,0,0,0,0,yes,1,0,1,0,0,0,0,1,0,0,0
20090919_078,004.raw,brownsville and bausman,brownsville and bausman,23.936,25.266,FALSE,ack,->inform$confirm_okay->request$query.arrival_place,[],{},{u'to.desc': u'brownsville and bausman'},0,4,0,0,0,0,0,0,<place> and <place>,0,1,1,0,0,0,1,1,0,0,0
20090919_078,005.raw,yes,yes,29.942,30.492,FALSE,expl-conf,->explicit_confirm$query.arrival_place,[],{u'query.arrival_place': u'BROWNSVILLE AND BAUSMAN'},{},1,5,0,0,0,0,0,0,yes,0,2,1,0,0,0,2,1,0,0,0
20090919_078,007.raw,when is the next bus,when is the next bus,55.892,56.912,FALSE,impl-conf,->implicit_confirm$query.travel_time.time->inform$looking_up_database_first->inform$result->request$next_query,[],"{u'query.travel_time.time': u'The next bus', u'result': u'54C'}",{},1,6,0,0,0,0,0,0,when is the next bus,3,2,1,0,1,0,2,1,0,1,0
20090919_078,008.raw,when is the next fourth,when is the next bus,75.678,77.068,FALSE,hold-on,->inform$looking_up_database_subsequent->inform$result->request$next_query,[],{u'result': u'54C'},{},1,7,0,0,0,0,0,0,when is the next <place>,3,2,1,0,2,0,2,1,0,2,0
20090919_078,009.raw,when is the previous bus,when is the previous bus,79.636,81.666,FALSE,hold-on,->inform$looking_up_database_subsequent->inform$result,[],{u'result': u'54C'},{},1,8,0,0,0,0,0,0,when is the previous bus,3,2,1,0,3,0,2,1,0,3,0
20090919_078,010.raw,when is the previous bus,when is the previous bus,84.264,85.644,FALSE,hold-on,->inform$looking_up_database_subsequent->inform$result,[],{u'result': u'54C'},{},1,9,0,0,0,0,0,0,when is the previous bus,3,2,1,0,4,0,2,1,0,4,0
20090919_078,011.raw,when is the previous bus,when is the previous bus,93.244,94.554,FALSE,hold-on,->inform$looking_up_database_subsequent->inform$result,[],{u'result': u'54C'},{},1,10,0,0,0,0,0,0,when is the previous bus,3,2,1,0,5,0,2,1,0,5,0
20090919_078,012.raw,lincoln road large,thank you very much,108.338,109.238,FALSE,hold-on,->inform$looking_up_database_subsequent->inform$result->request$next_query,[],{u'result': u'54C'},{},1,11,0,0,0,0,0,0,<uncovered_place> road <uncovered_place>,3,2,1,0,6,0,2,1,0,6,0
20090919_087,004.raw,yes,yes,53.9,54.43,FALSE,expl-conf,->explicit_confirm$query.departure_place,[],{u'query.departure_place': u'FORBES AND CRAIG'},{},1,2,0,0,0,0,0,0,yes,1,0,1,0,0,0,0,1,0,0,0
20090919_087,005.raw,next bus,next bus,57.858,58.698,FALSE,ack,->inform$confirm_okay->request$query.arrival_place,[],{},{},0,2,0,0,0,0,0,0,next bus,0,1,1,0,0,0,1,1,0,0,0
20090919_087,009.raw,yes,yes,88.81,89.19,FALSE,expl-conf,->explicit_confirm$query.departure_place,[],{u'query.departure_place': u'FORBES AND CRAIG'},{},0,3,0,0,0,0,0,0,yes,1,1,2,0,0,0,1,2,0,0,0
20090919_087,010.raw,mckeesport transportation center,mckeesport transportation center,93.296,95.576,FALSE,ack,->inform$confirm_okay->request$query.arrival_place,[],{},{u'to.desc': u'the mckeesport transportation center'},0,3,0,0,0,0,0,0,<neighborhood> <place>,0,2,2,0,0,0,2,2,0,0,0
20090919_087,011.raw,yes,yes,101.354,101.684,FALSE,expl-conf,->explicit_confirm$query.arrival_place,[],{u'query.arrival_place': u'MCKEESPORT TRANSPORTATION CENTER'},{},0,3,0,0,0,0,0,0,yes,0,3,2,0,0,0,3,2,0,0,0
20090919_088,002.raw,kennywood,kennywood,18.788,19.488,FALSE,ack,->inform$confirm_okay->request$query.departure_place,[],{},{u'from.desc': u'kennywood'},0,1,0,0,0,0,0,0,<place>,1,0,1,0,0,0,0,1,0,0,0
20090919_088,003.raw,mckeesport,mckeesport,23.746,24.666,FALSE,impl-conf,->implicit_confirm$query.departure_place->request$query.arrival_place,[],{u'query.departure_place': u'KENNYWOOD'},{u'to.neighborhood': u'mckeesport'},1,2,0,0,0,0,0,0,<neighborhood>,1,0,2,0,0,0,0,2,0,0,0
20090919_088,004.raw,ten o'clock,ten o'clock,29.634,30.464,FALSE,impl-conf,->implicit_confirm$query.arrival_place->request$query.travel_time,[],{u'query.arrival_place': u'MCKEESPORT'},{u'time.hour': 10},0,2,0,0,0,0,0,0,<time> o'clock,0,1,2,0,0,0,1,2,0,0,0
20090919_088,005.raw,when is the next bus,when is the next bus,54.376,55.606,FALSE,impl-conf,->implicit_confirm$query.travel_time.time->inform$looking_up_database_first->inform$result->request$next_query,[],"{u'query.travel_time.time': u'Leaving at 10 p.m.', u'result': u'61C'}",{},1,3,0,0,0,0,0,0,when is the next bus,3,1,2,0,1,0,1,2,0,1,0
20090919_088,006.raw,when is the next bus,when is the next bus,75.932,77.272,FALSE,hold-on,->inform$looking_up_database_subsequent->inform$result->request$next_query,[],{u'result': u'61C'},{},1,4,0,0,0,0,0,0,when is the next bus,3,1,2,0,2,0,1,2,0,2,0
20090919_091,005.raw,no,no,22.924,23.134,FALSE,ack,->inform$confirm_okay->explicit_confirm$query.departure_place,[],{u'query.departure_place': u'EIGHTH'},{},0,1,0,0,0,0,0,0,no,1,0,1,0,0,0,0,1,0,0,0
20090919_091,006.raw,murray,murray,29.858,30.148,FALSE,request,->request$query.departure_place,[],{},{u'from.desc': u'murray'},0,1,0,0,0,0,0,0,<place>,1,0,2,0,0,0,0,2,0,0,0
20090919_091,007.raw,east liberty,east liberty,33.898,34.708,FALSE,impl-conf,->implicit_confirm$query.departure_place->request$query.arrival_place,[],{u'query.departure_place': u'MURRAY'},{},0,1,0,0,0,0,0,0,<place>,1,0,3,0,0,0,0,3,0,0,0
20090919_091,008.raw,now,now,40.514,41.144,FALSE,impl-conf,->implicit_confirm$query.arrival_place->request$query.travel_time,[],{u'query.arrival_place': u'EAST LIBERTY'},{u'time.rel': u'next'},0,1,0,0,0,0,0,0,now,0,1,3,0,0,0,1,3,0,0,0
20090919_092,007.raw,sixth one of murray,no sixty one c,36.372,38.522,FALSE,expl-conf,->explicit_confirm$query.departure_place,[],{u'query.departure_place': u'HOMESTEAD'},{},0,2,0,0,0,0,0,0,<place> <time> of <place>,1,0,1,0,0,0,0,1,0,0,0
20090919_092,008.raw,yes,yes,42.206,42.616,FALSE,expl-conf,->explicit_confirm$query.departure_place,[],{u'query.departure_place': u'HOMESTEAD'},{},1,3,0,0,0,0,0,0,yes,1,0,2,0,0,0,0,2,0,0,0
20090919_092,009.raw,pittsburgh,pittsburgh,45.676,46.316,FALSE,ack,->inform$confirm_okay->request$query.arrival_place,[],{},{u'to.neighborhood': u'pittsburgh'},0,3,0,0,0,0,0,0,<place>sburgh,0,1,2,0,0,0,1,2,0,0,0
20090919_092,010.raw,eleven p m,eleven p m,51.614,52.514,FALSE,impl-conf,->implicit_confirm$query.arrival_place->request$query.travel_time,[],{u'query.arrival_place': u'PITTSBURGH'},{},0,3,0,0,0,0,0,0,<time>,0,2,2,0,0,0,2,2,0,0,0
20090919_092,011.raw,yes,yes,56.492,56.922,FALSE,expl-conf,->explicit_confirm$query.travel_time.time,[],{u'query.travel_time.time': u'Leaving at 11 p.m.'},{},0,3,0,0,0,0,0,0,yes,2,2,2,1,0,0,2,2,1,0,0
20090919_092,012.raw,when is the previous bus,when is the previous bus,79.414,80.594,FALSE,ack,->inform$confirm_okay->inform$looking_up_database_first->inform$result->request$next_query,[],{u'result': u'61C'},{},1,4,0,0,0,0,0,0,when is the previous bus,3,2,2,1,1,0,2,2,1,1,0
20090919_094,002.raw,swissvale,swissvale,23.707,24.307,FALSE,impl-conf,->implicit_confirm$query.departure_place->request$query.arrival_place,[],{u'query.departure_place': u'FOURTH AVENUE'},{u'to.neighborhood': u'swissvale'},0,0,0,0,0,0,0,0,<place>,1,0,1,0,0,0,0,1,0,0,0
20090919_094,003.raw,now,now,29.507,29.957,FALSE,impl-conf,->implicit_confirm$query.arrival_place->request$query.travel_time,[],{u'query.arrival_place': u'SWISSVALE'},{u'time.rel': u'next'},0,0,0,0,0,0,0,0,now,0,1,1,0,0,0,1,1,0,0,0
20090919_094,004.raw,next bus,next bus,62.003,62.913,FALSE,impl-conf,->implicit_confirm$query.travel_time.time->inform$looking_up_database_first->inform$result->request$next_query,[],"{u'query.travel_time.time': u'The next bus', u'result': u'61A'}",{},0,0,0,0,0,0,0,0,next bus,3,1,1,0,1,0,1,1,0,1,0
20090919_094,009.raw,fourth avenue,fourth avenue,96.149,97.069,FALSE,ack,->inform$confirm_okay->request$query.departure_place,[],{},{u'from.desc': u'fourth avenue'},0,1,0,0,0,0,0,0,<place>,1,1,2,0,1,0,1,2,0,1,0
20090919_094,010.raw,swissvale,swissvale,102.797,103.357,FALSE,impl-conf,->implicit_confirm$query.departure_place->request$query.arrival_place,[],{u'query.departure_place': u'FOURTH AVENUE'},{u'to.neighborhood': u'swissvale'},0,1,0,0,0,0,0,0,<place>,1,1,3,0,1,0,1,3,0,1,0
20090919_094,011.raw,now,now,109.063,109.473,FALSE,impl-conf,->implicit_confirm$query.arrival_place->request$query.travel_time,[],{u'query.arrival_place': u'SWISSVALE'},{u'time.rel': u'next'},0,1,0,0,0,0,0,0,now,0,2,3,0,1,0,2,3,0,1,0
20090919_094,013.raw,when is the previous bus,when is the previous bus,141.797,143.297,FALSE,impl-conf,->implicit_confirm$query.travel_time.time->inform$looking_up_database_first->inform$result->request$next_query,[],"{u'query.travel_time.time': u'The next bus', u'result': u'61A'}",{},0,1,0,0,0,0,0,0,when is the previous bus,3,2,3,0,2,0,2,3,0,2,0
20090919_097,002.raw,yeah,yeah,23.509,23.679,FALSE,expl-conf,->explicit_confirm$query.departure_place,[],{u'query.departure_place': u'FORBES AND GRANT'},{},0,0,0,0,0,0,0,0,yeah,1,0,1,0,0,0,0,1,0,0,0
20090919_097,003.raw,ralph elm,squirrel hill,27.757,28.557,FALSE,ack,->inform$confirm_okay->request$query.arrival_place,[],{},{u'to.neighborhood': u'squirrel hill'},0,0,0,0,0,0,0,0,ralph <place>,0,1,1,0,0,0,1,1,0,0,0
20090919_097,004.raw,now,no,32.789,33.259,FALSE,expl-conf,->explicit_confirm$query.arrival_place,[],{u'query.arrival_place': u'ELM'},{},0,0,0,0,0,0,0,0,now,0,2,1,0,0,0,2,1,0,0,0
20090919_097,006.raw,forbes and murray,forbes and murray,46.145,46.975,FALSE,request,->request$query.arrival_place,[],{},{u'to.desc': u'forbes at murray'},0,0,0,1,0,0,0,0,<place>,0,3,1,0,0,0,3,1,0,0,0
20090919_097,007.raw,yeah,yeah,51.427,51.707,FALSE,expl-conf,->explicit_confirm$query.arrival_place,[],{u'query.arrival_place': u'FORBES AND MURRAY'},{},0,0,0,1,0,0,0,0,yeah,0,4,1,0,0,0,4,1,0,0,0
20090919_097,012.raw,forbes and braddock,forbes and braddock,94.795,95.815,FALSE,ack,->inform$confirm_okay->request$query.departure_place,[],{},{u'from.desc': u'forbes and braddock'},0,0,0,1,0,0,0,0,<place> and <place>,1,4,2,0,0,0,4,2,0,0,0
20090919_097,013.raw,yeah,yeah,100.343,100.583,FALSE,expl-conf,->explicit_confirm$query.departure_place,[],{u'query.departure_place': u'FORBES AND BRADDOCK'},{},0,0,0,1,0,0,0,0,yeah,1,4,3,0,0,0,4,3,0,0,0
20090919_097,014.raw,forbes and murray zoo,forbes and murray,105.409,106.699,FALSE,ack,->inform$confirm_okay->request$query.arrival_place,[],{},{u'to.desc': u'forbes and murray'},0,0,0,1,0,0,0,0,<place> <place>,0,5,3,0,0,0,5,3,0,0,0
20090919_100,002.raw,yes,yes,23.765,24.015,FALSE,ack,->inform$confirm_okay->explicit_confirm$query.departure_place,[],{u'query.departure_place': u'CENTRE AND NEGLEY'},{},0,0,0,0,0,0,0,0,yes,1,0,1,0,0,0,0,1,0,0,0
20090919_100,004.raw,yes,yes,33.271,33.551,FALSE,ack,->inform$confirm_okay->explicit_confirm$query.travel_time.time,[],{u'query.travel_time.time': u'the next bus'},{},0,0,0,0,0,0,0,0,yes,2,0,1,1,0,0,0,1,1,0,0
20090919_101,007.raw,airport,airport,58.154,58.724,FALSE,ack,->inform$confirm_okay->request$query.departure_place,[],{},{u'from.monument': u'airport'},0,2,0,0,0,0,0,0,<place>,1,0,1,0,0,0,0,1,0,0,0
20090919_101,008.raw,oak,oak,64.576,64.816,FALSE,impl-conf,->implicit_confirm$query.departure_place->request$query.arrival_place,[],{u'query.departure_place': u'AIRPORT'},{u'to.desc': u'oak'},0,2,0,0,0,0,0,0,oak,1,0,2,0,0,0,0,2,0,0,0
20090919_101,009.raw,oakland,oakland,67.286,67.816,FALSE,request,->request$query.arrival_place,[],{},{u'to.neighborhood': u'oakland'},0,2,0,0,0,0,0,0,<place>,0,1,2,0,0,0,1,2,0,0,0
20090919_101,010.raw,yes,yes,71.938,72.248,FALSE,expl-conf,->explicit_confirm$query.arrival_place,[],{u'query.arrival_place': u'OAKLAND'},{},0,2,0,0,0,0,0,0,yes,0,2,2,0,0,0,2,2,0,0,0
20090920_000,005.raw,yes,yes,42.991,43.351,FALSE,ack,->inform$confirm_okay->explicit_confirm$query.departure_place,[],{u'query.departure_place': u'OAKLAND'},{},0,0,0,0,0,0,0,0,yes,1,0,1,0,0,0,0,1,0,0,0
20090920_000,006.raw,east pittsburgh,east pittsburgh,47.413,48.233,FALSE,ack,->inform$confirm_okay->request$query.arrival_place,[],{},{u'to.neighborhood': u'east pittsburgh'},0,0,0,0,0,0,0,0,east <place>sburgh,0,1,1,0,0,0,1,1,0,0,0
20090920_000,007.raw,now,now,53.813,54.363,FALSE,impl-conf,->implicit_confirm$query.arrival_place->request$query.travel_time,[],{u'query.arrival_place': u'EAST PITTSBURGH'},{u'time.rel': u'next'},0,0,0,0,0,0,0,0,now,0,2,1,0,0,0,2,1,0,0,0
20090920_001,006.raw,pittsburgh,pittsburgh,58.154,58.814,FALSE,request,->request$query.departure_place,[],{},{u'from.neighborhood': u'pittsburgh'},0,1,0,0,0,0,0,0,<place>sburgh,1,0,1,0,0,0,0,1,0,0,0
20090920_001,007.raw,mckeesport,mckeesport,63.422,64.302,FALSE,impl-conf,->implicit_confirm$query.departure_place->request$query.arrival_place,[],{u'query.departure_place': u'PITTSBURGH'},{u'to.neighborhood': u'mckeesport'},0,1,0,0,0,0,0,0,<neighborhood>,1,0,2,0,0,0,0,2,0,0,0
20090920_001,008.raw,help,help,83.09,83.46,FALSE,impl-conf,->implicit_confirm$query.arrival_place->request$query.travel_time->request$query.travel_time,[],{u'query.arrival_place': u'MCKEESPORT'},{},0,1,0,0,0,0,0,0,help,0,1,2,0,0,0,1,2,0,0,0
20090920_001,010.raw,help fifth,help,110.792,111.842,FALSE,impl-conf,->establish_context$get_query_specs->request$query.travel_time->request$query.travel_time,[],{u'get_query_specs': u'54C'},{},0,2,0,1,0,0,0,0,help <place>,2,1,2,1,0,0,1,2,1,0,0
20090920_002,002.raw,yes,yes,25.784,26.204,FALSE,ack,->inform$confirm_okay->explicit_confirm$query.departure_place,[],{u'query.departure_place': u'MCKEE'},{},0,0,0,0,0,0,0,0,yes,1,0,1,0,0,0,0,1,0,0,0
20090920_002,003.raw,mckeesport,mckeesport,29.624,30.364,FALSE,ack,->inform$confirm_okay->request$query.arrival_place,[],{},{u'to.neighborhood': u'mckeesport'},0,0,0,0,0,0,0,0,<neighborhood>,0,1,1,0,0,0,1,1,0,0,0
20090920_002,004.raw,the next bus,the next bus,36.624,37.514,FALSE,impl-conf,->implicit_confirm$query.arrival_place->request$query.travel_time,[],{u'query.arrival_place': u'MCKEESPORT'},{},0,0,0,0,0,0,0,0,the next bus,0,2,1,0,0,0,2,1,0,0,0
20090920_002,005.raw,yes,yes,41.764,42.114,FALSE,expl-conf,->explicit_confirm$query.travel_time.time,[],{u'query.travel_time.time': u'the next bus'},{},0,0,0,0,0,0,0,0,yes,2,2,1,1,0,0,2,1,1,0,0
20090920_004,003.raw,no,no,24.255,24.825,FALSE,expl-conf,->explicit_confirm$query.departure_place,[],{u'query.departure_place': u'FORBES AVENUE'},{},0,0,0,0,0,0,0,0,no,1,0,1,0,0,0,0,1,0,0,0
20090920_004,004.raw,no,no,29.321,30.021,FALSE,expl-conf,->explicit_confirm$query.departure_place,[],{u'query.departure_place': u'DOWNTOWN'},{},0,0,0,0,0,0,0,0,no,1,0,2,0,0,0,0,2,0,0,0
20090920_004,007.raw,now,no,43.145,43.665,FALSE,expl-conf,->explicit_confirm$query.departure_place,[],{u'query.departure_place': u'FORBES AVENUE'},{},0,1,0,0,0,0,0,0,now,1,0,3,0,0,0,0,3,0,0,0
20090920_004,009.raw,now,now,58.037,58.557,FALSE,expl-conf,->explicit_confirm$query.departure_place,[],{u'query.departure_place': u'DOWNTOWN'},{u'time.rel': u'next'},0,1,0,1,0,0,0,0,now,1,0,4,0,0,0,0,4,0,0,0
20090920_006,003.raw,no,no,21.916,22.336,FALSE,expl-conf,->explicit_confirm$query.arrival_place,[],{u'query.arrival_place': u'ZOO'},{},0,1,0,0,0,0,0,0,no,0,1,0,0,0,0,1,0,0,0,0
20090920_006,004.raw,mckeesport,mckeesport,24.604,25.314,FALSE,request,->request$query.arrival_place,[],{},{u'to.neighborhood': u'mckeesport'},0,1,0,0,0,0,0,0,<neighborhood>,0,2,0,0,0,0,2,0,0,0,0
20090920_006,005.raw,next bus,next bus,30.172,30.842,FALSE,impl-conf,->implicit_confirm$query.arrival_place->request$query.travel_time,[],{u'query.arrival_place': u'MCKEESPORT'},{},0,1,0,0,0,0,0,0,next bus,0,3,0,0,0,0,3,0,0,0,0
20090920_010,003.raw,no going to town,no going to town,21.69,22.95,FALSE,ack,->inform$confirm_okay->explicit_confirm$query.departure_place,[],{u'query.departure_place': u'PITT'},{},0,0,0,0,0,0,0,0,no going to town,1,0,1,0,0,0,0,1,0,0,0
20090920_010,004.raw,swissvale,swissvale,26.586,27.356,FALSE,request,->request$query.departure_place,[],{},{u'from.neighborhood': u'swissvale'},0,0,0,0,0,0,0,0,<place>,1,0,2,0,0,0,0,2,0,0,0
20090920_010,005.raw,downtown,downtown,33.156,34.186,FALSE,impl-conf,->implicit_confirm$query.departure_place->request$query.arrival_place,[],{u'query.departure_place': u'SWISSVALE'},{u'to.neighborhood': u'downtown'},0,0,0,0,0,0,0,0,<neighborhood>,1,0,3,0,0,0,0,3,0,0,0
20090920_010,007.raw,yes,yes,57.426,57.856,FALSE,expl-conf,->explicit_confirm$query.arrival_place,[],{u'query.arrival_place': u'DOWNTOWN'},{},0,0,0,0,0,0,0,0,yes,0,1,3,0,0,0,1,3,0,0,0
20090920_010,009.raw,hello,two am,72.082,72.432,FALSE,request,->request$query.travel_time,[],{},{u'time.hour': 2},0,0,0,0,0,0,0,0,hello,2,1,3,1,0,0,1,3,1,0,0
20090920_010,010.raw,hello,hello,76.364,76.794,FALSE,request,->request$query.travel_time,[],{},{},0,0,0,0,0,0,0,0,hello,2,1,3,2,0,0,1,3,2,0,0
20090920_010,011.raw,o'clock,o'clock,77.458,78.038,FALSE,example,->request$query.travel_time,[],{},{},0,0,0,0,0,0,0,0,o'clock,2,1,3,3,0,0,1,3,3,0,0
20090920_010,012.raw,two o'clock,two o'clock,84.124,84.754,FALSE,request,->request$query.travel_time,[],{},{u'time.hour': 2},0,0,0,0,0,0,0,0,<time> o'clock,2,1,3,4,0,0,1,3,4,0,0
20090920_012,002.raw,mckeesport,mckeesport,20.248,21.028,FALSE,ack,->inform$confirm_okay->request$query.departure_place,[],{},{u'from.neighborhood': u'mckeesport'},0,0,0,0,0,0,0,0,<neighborhood>,1,0,1,0,0,0,0,1,0,0,0
20090920_012,003.raw,squirrel hill,squirrel hill,25.854,26.644,FALSE,impl-conf,->implicit_confirm$query.departure_place->request$query.arrival_place,[],{u'query.departure_place': u'MCKEESPORT'},{u'to.neighborhood': u'squirrel hill'},0,0,0,0,0,0,0,0,<neighborhood>,1,0,2,0,0,0,0,2,0,0,0
20090920_012,004.raw,yes,yes,31.02,31.43,FALSE,expl-conf,->explicit_confirm$query.arrival_place,[],{u'query.arrival_place': u'SQUIRREL HILL'},{},0,0,0,0,0,0,0,0,yes,0,1,2,0,0,0,1,2,0,0,0
20090920_012,006.raw,next bus,next bus,69.622,70.382,FALSE,impl-conf,->implicit_confirm$query.travel_time.time->inform$looking_up_database_first->inform$result->request$next_query,[],"{u'query.travel_time.time': u'The next bus', u'result': u'61C'}",{},0,0,0,0,0,0,0,0,next bus,3,1,2,0,1,0,1,2,0,1,0
20090920_012,007.raw,next bus,next bus,94.71,95.46,FALSE,hold-on,->inform$looking_up_database_subsequent->inform$result->request$next_query,[],{u'result': u'61C'},{},1,1,0,0,0,0,0,0,next bus,3,1,2,0,2,0,1,2,0,2,0
20090920_013,010.raw,wall,wall,66.323,67.133,FALSE,expl-conf,->explicit_confirm$query.travel_time.time,[],{u'query.travel_time.time': u'Leaving at 9 a.m.'},{u'from.neighborhood': u'wall'},0,3,0,1,0,0,0,0,<uncovered_place>,2,0,0,1,0,0,0,0,1,0,0
20090920_013,011.raw,yes,yes,71.867,72.337,FALSE,expl-conf,->explicit_confirm$query.travel_time.time,[],{u'query.travel_time.time': u'Leaving at 9 a.m.'},{},0,3,0,1,0,0,0,0,yes,2,0,0,2,0,0,0,0,2,0,0
20090920_013,012.raw,no,no,74.717,74.957,FALSE,ack,->inform$confirm_okay->explicit_confirm$query.departure_place,[],{u'query.departure_place': u'SIXTH'},{},1,4,0,1,0,0,0,0,no,1,0,1,2,0,0,0,1,2,0,0
20090920_013,013.raw,large,large,79.187,79.727,FALSE,expl-conf,->explicit_confirm$query.departure_place,[],{u'query.departure_place': u'BEACON'},{u'from.neighborhood': u'large'},0,4,0,1,0,0,0,0,<uncovered_place>,1,0,2,2,0,0,0,2,2,0,0
20090920_013,014.raw,leaving from downtown,leaving from downtown,84.303,85.673,FALSE,expl-conf,->explicit_confirm$query.departure_place,[],{u'query.departure_place': u'BEACON'},{},0,4,0,1,0,0,0,0,leaving from <neighborhood>,1,0,3,2,0,0,0,3,2,0,0
20090920_013,015.raw,correct,correct,90.219,90.809,FALSE,expl-conf,->explicit_confirm$query.departure_place,[],{u'query.departure_place': u'DOWNTOWN'},{},0,4,0,1,0,0,0,0,correct,1,0,4,2,0,0,0,4,2,0,0
20090920_015,003.raw,downtown,downtown,24.804,25.384,FALSE,request,->request$query.arrival_place,[],{},{u'to.neighborhood': u'downtown'},0,0,0,0,0,0,0,0,<neighborhood>,0,1,0,0,0,0,1,0,0,0,0
20090920_015,004.raw,yes,yes,29.648,30.048,FALSE,expl-conf,->explicit_confirm$query.arrival_place,[],{u'query.arrival_place': u'DOWNTOWN'},{},0,0,0,0,0,0,0,0,yes,0,2,0,0,0,0,2,0,0,0,0
20090920_015,006.raw,next bus,next bus,52.88,53.51,FALSE,impl-conf,->implicit_confirm$query.travel_time.time->inform$looking_up_database_first->inform$result->request$next_query,[],"{u'query.travel_time.time': u'The next bus', u'result': u'61C'}",{},1,1,0,0,0,0,0,0,next bus,3,2,0,0,1,0,2,0,0,1,0
20090920_016,003.raw,no,no,36.491,36.951,FALSE,expl-conf,->explicit_confirm$query.departure_place,[],{u'query.departure_place': u'POLISH HILL'},{},0,3,0,0,0,0,0,0,no,1,0,1,0,0,0,0,1,0,0,0
20090920_018,004.raw,second and grant,second and grant,27.691,28.941,FALSE,ack,->inform$confirm_okay->request$query.departure_place,[],{},{u'from.desc': u'second and grant'},0,0,0,0,0,0,0,0,<place>,1,0,1,0,0,0,0,1,0,0,0
20090920_018,005.raw,yes,yes,33.877,34.567,FALSE,expl-conf,->explicit_confirm$query.departure_place,[],{u'query.departure_place': u'SECOND AND GRANT'},{},0,0,0,0,0,0,0,0,yes,1,0,2,0,0,0,0,2,0,0,0
20090920_018,006.raw,forbes and murray,forbes and murray,40.169,41.069,FALSE,ack,->inform$confirm_okay->request$query.arrival_place,[],{},{u'to.desc': u'forbes and murray'},0,0,0,0,0,0,0,0,<place>,0,1,2,0,0,0,1,2,0,0,0
20090920_018,007.raw,yes,yes,45.555,46.015,FALSE,expl-conf,->explicit_confirm$query.arrival_place,[],{u'query.arrival_place': u'FORBES AND MURRAY'},{},0,0,0,0,0,0,0,0,yes,0,2,2,0,0,0,2,2,0,0,0
20090920_018,009.raw,no,no,56.175,56.645,FALSE,request,->request$query.travel_time,[],{},{},0,0,0,0,0,0,0,0,no,2,2,2,1,0,0,2,2,1,0,0
20090920_018,010.raw,next bus,next bus,60.507,61.117,FALSE,request,->request$query.travel_time,[],{},{},0,0,0,0,0,0,0,0,next bus,2,2,2,2,0,0,2,2,2,0,0
20090920_018,011.raw,square the next bus,when is the next bus,82.999,84.109,FALSE,impl-conf,->implicit_confirm$query.travel_time.time->inform$looking_up_database_first->inform$result->request$next_query,[],"{u'query.travel_time.time': u'The next bus', u'result': u'61C'}",{},1,1,0,0,0,0,0,0,square the next bus,3,2,2,2,1,0,2,2,2,1,0
20090920_019,003.raw,no,no,21.664,22.154,FALSE,ack,->inform$confirm_okay->explicit_confirm$query.departure_place,[],{u'query.departure_place': u'SMITHFIELD AT FIFTH'},{},0,1,0,0,0,0,0,0,no,1,0,1,0,0,0,0,1,0,0,0
20090920_019,004.raw,south hills junction,south hills junction,25.188,26.368,FALSE,request,->request$query.departure_place,[],{},{},0,1,0,0,0,0,0,0,<place>,1,0,2,0,0,0,0,2,0,0,0
20090920_019,005.raw,yes,yes,30.698,31.048,FALSE,expl-conf,->explicit_confirm$query.departure_place,[],{u'query.departure_place': u'SOUTH HILLS JUNCTION'},{},0,1,0,0,0,0,0,0,yes,1,0,3,0,0,0,0,3,0,0,0
20090920_019,006.raw,oakland,oakland,34.366,34.836,FALSE,ack,->inform$confirm_okay->request$query.arrival_place,[],{},{u'to.neighborhood': u'oakland'},0,1,0,0,0,0,0,0,<place>,0,1,3,0,0,0,1,3,0,0,0
20090920_019,007.raw,as soon as possible,as soon as possible,40.24,41.3,FALSE,impl-conf,->implicit_confirm$query.arrival_place->request$query.travel_time,[],{u'query.arrival_place': u'OAKLAND'},{},0,1,0,0,0,0,0,0,as soon as possible,0,2,3,0,0,0,2,3,0,0,0
20090920_019,008.raw,yes,yes,44.444,44.664,FALSE,expl-conf,->explicit_confirm$query.travel_time.time,[],{u'query.travel_time.time': u'the next bus'},{},1,2,0,0,0,0,0,0,yes,2,2,3,1,0,0,2,3,1,0,0
20090920_020,002.raw,downtown,downtown,20.182,21.112,FALSE,ack,->inform$confirm_okay->request$query.departure_place,[],{},{u'from.neighborhood': u'downtown'},0,0,0,0,0,0,0,0,<neighborhood>,1,0,1,0,0,0,0,1,0,0,0
20090920_020,003.raw,curry at hazelwood avenue,curry at hazelwood avenue,26.572,28.242,FALSE,impl-conf,->implicit_confirm$query.departure_place->request$query.arrival_place,[],{u'query.departure_place': u'DOWNTOWN'},{u'to.desc': u'curry at hazelwood avenue'},0,0,0,0,0,0,0,0,<place> at hazel<place> avenue,1,0,2,0,0,0,0,2,0,0,0
20090920_020,004.raw,no,no,33.258,33.628,FALSE,expl-conf,->explicit_confirm$query.arrival_place,[],{u'query.arrival_place': u'CURRY AT HAZELWOOD AVENUE'},{},0,0,0,0,0,0,0,0,no,0,1,2,0,0,0,1,2,0,0,0
20090920_020,005.raw,curry huey at shaw wood,murray at hazelwood,36.31,37.74,FALSE,request,->request$query.arrival_place,[],{},{u'to.desc': u'murray at hazelwood'},0,0,0,0,0,0,0,0,<place> <place> at shaw <place>,0,2,2,0,0,0,2,2,0,0,0
20090920_020,006.raw,no,no,41.834,42.304,FALSE,expl-conf,->explicit_confirm$query.arrival_place,[],{u'query.arrival_place': u'CURRY'},{},0,0,0,0,0,0,0,0,no,0,3,2,0,0,0,3,2,0,0,0
20090920_020,007.raw,greenfield,greenfield,44.812,45.672,FALSE,request,->request$query.arrival_place,[],{},{u'to.neighborhood': u'greenfield'},0,0,0,0,0,0,0,0,<place>,0,4,2,0,0,0,4,2,0,0,0
20090920_020,008.raw,seven thirty,seven thirty,52.162,53.022,FALSE,impl-conf,->implicit_confirm$query.arrival_place->request$query.travel_time,[],{u'query.arrival_place': u'GREENFIELD'},{},0,0,0,0,0,0,0,0,<time> thirty,0,5,2,0,0,0,5,2,0,0,0
20090920_020,009.raw,start new query,start new query,83.77,85.23,FALSE,impl-conf,->implicit_confirm$query.travel_time.time->inform$looking_up_database_first->inform$result->request$next_query,[],"{u'query.travel_time.time': u'Leaving at 7 30 p.m.', u'result': u'61C'}",{},1,1,0,0,0,0,0,0,start new query,3,5,2,0,1,0,5,2,0,1,0
20090920_020,012.raw,greenfield,greenfield,103.992,104.932,FALSE,impl-conf,->implicit_confirm$query.departure_place->request$query.arrival_place,[],{u'query.departure_place': u'DOWNTOWN'},{u'to.neighborhood': u'greenfield'},0,1,0,0,0,0,0,0,<place>,1,5,3,0,1,0,5,3,0,1,0
20090920_020,013.raw,seven thirty a m,seven thirty a m,109.814,111.324,FALSE,impl-conf,->implicit_confirm$query.arrival_place->request$query.travel_time,[],{u'query.arrival_place': u'GREENFIELD'},{},0,1,0,0,0,0,0,0,<time> thirty a m,0,6,3,0,1,0,6,3,0,1,0
20090920_020,014.raw,when is the next bus,when is the next bus,133.364,134.644,FALSE,impl-conf,->implicit_confirm$query.travel_time.time->inform$looking_up_database_first->inform$result->request$next_query,[],"{u'query.travel_time.time': u'Leaving at 7 30 a.m.', u'result': u'61C'}",{},1,2,0,0,0,0,0,0,when is the next bus,3,6,3,0,2,0,6,3,0,2,0
20090920_021,006.raw,homestead,homestead,29.759,30.549,FALSE,request,->request$query.departure_place,[],{},{u'from.neighborhood': u'homestead'},0,2,0,0,0,0,0,0,<neighborhood>,1,0,1,0,0,0,0,1,0,0,0
20090920_021,007.raw,downtown,downtown,35.273,35.893,FALSE,impl-conf,->implicit_confirm$query.departure_place->request$query.arrival_place,[],{u'query.departure_place': u'HOMESTEAD'},{u'to.neighborhood': u'downtown'},0,2,0,0,0,0,0,0,<neighborhood>,1,0,2,0,0,0,0,2,0,0,0
20090920_021,008.raw,next bus,next bus,40.635,41.275,FALSE,impl-conf,->implicit_confirm$query.arrival_place->request$query.travel_time,[],{u'query.arrival_place': u'DOWNTOWN'},{},0,2,0,0,0,0,0,0,next bus,0,1,2,0,0,0,1,2,0,0,0
20090920_022,006.raw,north braddock,north braddock,42.616,43.646,FALSE,ack,->inform$confirm_okay->request$query.departure_place,[],{},{u'from.neighborhood': u'north braddock'},0,3,0,0,0,0,0,0,<place> <place>,1,0,1,0,0,0,0,1,0,0,0
20090920_022,007.raw,yes,yes,47.662,47.962,FALSE,expl-conf,->explicit_confirm$query.departure_place,[],{u'query.departure_place': u'NORTH BRADDOCK'},{},1,4,0,0,0,0,0,0,yes,1,0,2,0,0,0,0,2,0,0,0
20090920_022,008.raw,swissvale,swissvale,51.692,52.362,FALSE,ack,->inform$confirm_okay->request$query.arrival_place,[],{},{u'to.neighborhood': u'swissvale'},0,4,0,0,0,0,0,0,<place>,0,1,2,0,0,0,1,2,0,0,0
20090920_022,009.raw,now,now,57.764,58.134,FALSE,impl-conf,->implicit_confirm$query.arrival_place->request$query.travel_time,[],{u'query.arrival_place': u'SWISSVALE'},{u'time.rel': u'next'},0,4,0,0,0,0,0,0,now,0,2,2,0,0,0,2,2,0,0,0
20090920_022,010.raw,the next bus,the next bus,60.526,61.236,FALSE,impl-conf,->implicit_confirm$query.travel_time.time->inform$looking_up_database_first,[],{u'query.travel_time.time': u'The next bus'},{},1,5,0,0,0,0,0,0,the next bus,2,2,2,1,0,0,2,2,1,0,0
20090920_033,002.raw,yes out at o'clock p m,yes around nine o clock pm,27.332,29.462,FALSE,ack,->inform$confirm_okay->explicit_confirm$query.departure_place,[],{u'query.departure_place': u'DOWNTOWN'},{},0,0,0,0,0,0,0,0,yes out at o'clock p m,1,0,1,0,0,0,0,1,0,0,0
20090920_033,006.raw,13d,thirty,50.176,50.656,FALSE,impl-conf,->implicit_confirm$query.travel_time.time,[],{u'query.travel_time.time': u'Leaving at 8 p.m.'},{},1,2,0,1,0,0,0,0,<uncovered_route>,2,0,1,1,0,0,0,1,1,0,0
20090920_033,007.raw,when is the previous trip,when is the previous trip,80.054,81.824,FALSE,hold-on,->inform$looking_up_database_first->inform$result->request$next_query,[],{u'result': u'61C'},{},1,3,0,1,0,0,0,0,when is the previous trip,3,0,1,1,1,0,0,1,1,1,0
20090920_033,008.raw,when is the next bus when is the next bus the route nine,when is the next bus when is the next bus the route nine,105.092,109.132,FALSE,hold-on,->inform$looking_up_database_subsequent->inform$result->request$next_query,[],{u'result': u'61C'},{},1,4,0,1,0,0,0,0,when is the next bus when is the next bus the route <time>,3,0,1,1,2,0,0,1,1,2,0
20090920_036,002.raw,craig street,craig street,17.034,17.814,FALSE,request,->request$query.departure_place,[],{},{u'from.desc': u'craig street'},0,0,0,0,0,0,0,0,<place>,1,0,1,0,0,0,0,1,0,0,0
20090920_036,003.raw,yes,yes,21.942,22.222,FALSE,expl-conf,->explicit_confirm$query.departure_place,[],{u'query.departure_place': u'CRAIG STREET'},{},0,0,0,0,0,0,0,0,yes,1,0,2,0,0,0,0,2,0,0,0
20090920_036,004.raw,penn and main,penn and main,26.642,27.692,FALSE,ack,->inform$confirm_okay->request$query.arrival_place,[],{},{u'to.desc': u'penn and main'},0,0,0,0,0,0,0,0,<place>,0,1,2,0,0,0,1,2,0,0,0
20090920_036,005.raw,yes,yes,31.72,31.95,FALSE,expl-conf,->explicit_confirm$query.arrival_place,[],{u'query.arrival_place': u'PENN AND MAIN'},{},0,0,0,0,0,0,0,0,yes,0,2,2,0,0,0,2,2,0,0,0
20090920_036,007.raw,when is the previous bus,when is the previous bus,65.428,66.758,FALSE,impl-conf,->implicit_confirm$query.travel_time.time->inform$looking_up_database_first->inform$result->request$next_query,[],"{u'query.travel_time.time': u'Leaving at 8 p.m.', u'result': u'54C'}",{},1,1,0,0,0,0,0,0,when is the previous bus,3,2,2,0,1,0,2,2,0,1,0
20090920_041,005.raw,brighton in north side where,brian at north sinclair,50.716,52.186,FALSE,ack,->inform$confirm_okay->request$query.departure_place,[],{},{},0,1,0,0,0,0,0,0,<place> in <place> side where,1,0,1,0,0,0,0,1,0,0,0
20090920_041,006.raw,no,no,56.466,56.856,FALSE,expl-conf,->explicit_confirm$query.departure_place,[],{u'query.departure_place': u'BRIGHTON'},{},0,1,0,0,0,0,0,0,no,1,0,2,0,0,0,0,2,0,0,0
20090920_041,008.raw,eight in north side where,eight in north side where,60.694,62.284,FALSE,expl-conf,->explicit_confirm$query.departure_place,[],{u'query.departure_place': u'BRIGHTON STREET'},{},0,1,0,0,0,0,0,0,<time> in <place> side where,1,0,3,0,0,0,0,3,0,0,0
20090920_041,009.raw,now,no,66.672,67.192,FALSE,expl-conf,->explicit_confirm$query.departure_place,[],{u'query.departure_place': u'BRIGHTON STREET'},{},0,1,0,0,0,0,0,0,now,1,0,4,0,0,0,0,4,0,0,0
20090920_041,010.raw,no,no,75.056,75.286,FALSE,expl-conf,->explicit_confirm$query.departure_place,[],{u'query.departure_place': u'BRIGHTON STREET'},{},1,2,0,0,0,0,0,0,no,1,0,5,0,0,0,0,5,0,0,0
20090920_041,011.raw,no,no,79.122,79.722,FALSE,expl-conf,->explicit_confirm$query.departure_place,[],{u'query.departure_place': u'NORTH SIDE'},{},0,2,0,0,0,0,0,0,no,1,0,6,0,0,0,0,6,0,0,0
20090920_041,012.raw,north saint clair,north saint clair,82.43,83.43,FALSE,request,->request$query.departure_place,[],{},{},0,2,0,0,0,0,0,0,<place> <uncovered_place>,1,0,7,0,0,0,0,7,0,0,0
20090920_042,003.raw,fifth and ross,fifth and ross,37.871,39.361,FALSE,ack,->inform$confirm_okay->request$query.departure_place,[],{},{u'from.desc': u'fifth and ross'},0,0,0,0,0,0,0,0,<place> and <uncovered_place>,1,0,1,0,0,0,0,1,0,0,0
20090920_042,004.raw,yes,yes,43.305,43.745,FALSE,expl-conf,->explicit_confirm$query.departure_place,[],{u'query.departure_place': u'FIFTH'},{},0,0,0,0,0,0,0,0,yes,1,0,2,0,0,0,0,2,0,0,0
20090920_042,007.raw,greenfield,greenfield,53.589,54.429,FALSE,request,->request$query.arrival_place,[],{},{u'to.neighborhood': u'greenfield'},0,0,0,0,0,0,0,0,<place>,0,1,2,0,0,0,1,2,0,0,0
20090920_042,008.raw,yes,yes,58.561,59.001,FALSE,expl-conf,->explicit_confirm$query.arrival_place,[],{u'query.arrival_place': u'GREENFIELD'},{},0,0,0,0,0,0,0,0,yes,0,2,2,0,0,0,2,2,0,0,0
20090920_042,010.raw,when is the next bus,when is the next bus,96.863,98.153,FALSE,impl-conf,->implicit_confirm$query.travel_time.time->inform$looking_up_database_first->inform$result->request$next_query,[],"{u'query.travel_time.time': u'Leaving at 10 p.m.', u'result': u'61C'}",{},0,0,0,0,0,0,0,0,when is the next bus,3,2,2,0,1,0,2,2,0,1,0
20090920_042,011.raw,when is the next bus,when is the next bus,114.247,115.577,FALSE,hold-on,->inform$looking_up_database_subsequent->inform$result->request$next_query,[],{u'result': u'61C'},{},1,1,0,0,0,0,0,0,when is the next bus,3,2,2,0,2,0,2,2,0,2,0
20090920_042,012.raw,when is the the next bus,when is the the next bus,129.567,131.537,FALSE,hold-on,->inform$looking_up_database_subsequent->inform$result->request$next_query,[],{u'result': u'61C'},{},1,2,0,0,0,0,0,0,when is the the next bus,3,2,2,0,3,0,2,2,0,3,0
20090920_042,013.raw,when is the next bus,when is the next bus,143.671,145.361,FALSE,hold-on,->inform$looking_up_database_subsequent->inform$result,[],{u'result': u'61C'},{},1,3,0,0,0,0,0,0,when is the next bus,3,2,2,0,4,0,2,2,0,4,0
20090920_047,003.raw,squirrel hill,squirrel hill,21.439,22.269,FALSE,example,->request$query.departure_place,[],{},{u'from.neighborhood': u'squirrel hill'},1,1,0,0,0,0,0,0,<neighborhood>,1,0,1,0,0,0,0,1,0,0,0
20090920_047,004.raw,yes,yes,27.531,28.081,FALSE,expl-conf,->explicit_confirm$query.departure_place,[],{u'query.departure_place': u'SQUIRREL HILL'},{},0,1,0,0,0,0,0,0,yes,1,0,2,0,0,0,0,2,0,0,0
20090920_047,005.raw,homestead,homestead,32.927,33.637,FALSE,ack,->inform$confirm_okay->request$query.arrival_place,[],{},{u'to.neighborhood': u'homestead'},0,1,0,0,0,0,0,0,<neighborhood>,0,1,2,0,0,0,1,2,0,0,0
20090920_047,006.raw,yes,yes,38.347,38.677,FALSE,expl-conf,->explicit_confirm$query.arrival_place,[],{u'query.arrival_place': u'HOMESTEAD'},{},0,1,0,0,0,0,0,0,yes,0,2,2,0,0,0,2,2,0,0,0
20090920_054,002.raw,penn hills eight,penn hills eight,25.526,26.296,FALSE,request,->request$query.departure_place,[],{},{},0,0,0,0,0,0,0,0,<place> hills <time>,1,0,1,0,0,0,0,1,0,0,0
20090920_054,004.raw,penn hills,penn hills,34.796,35.306,FALSE,request,->request$query.departure_place,[],{},{u'from.neighborhood': u'penn hills'},0,0,0,0,0,0,0,0,<place> hills,1,0,2,0,0,0,0,2,0,0,0
20090920_054,006.raw,smithfield street,smithfield street,43.096,44.116,FALSE,request,->request$query.departure_place,[],{},{u'from.desc': u'smithfield street'},0,0,0,0,0,0,0,0,<place> street,1,0,3,0,0,0,0,3,0,0,0
20090920_054,007.raw,mckeesport,mckeesport,49.864,50.664,FALSE,impl-conf,->implicit_confirm$query.departure_place->request$query.arrival_place,[],{u'query.departure_place': u'SMITHFIELD STREET'},{u'to.neighborhood': u'mckeesport'},0,0,0,0,0,0,0,0,<neighborhood>,1,0,4,0,0,0,0,4,0,0,0
20090920_054,008.raw,ten o'clock,ten o'clock,57.24,57.9,FALSE,impl-conf,->implicit_confirm$query.arrival_place->request$query.travel_time,[],{u'query.arrival_place': u'MCKEESPORT'},{u'time.hour': 10},0,0,0,0,0,0,0,0,<time> o'clock,0,1,4,0,0,0,1,4,0,0,0
20090920_054,009.raw,when's the next bus,when's the next bus,84.662,85.862,FALSE,impl-conf,->implicit_confirm$query.travel_time.time->inform$looking_up_database_first->inform$result->request$next_query,[],"{u'query.travel_time.time': u'Leaving at 10 p.m.', u'result': u'61C'}",{},1,1,0,0,0,0,0,0,when's the next bus,3,1,4,0,1,0,1,4,0,1,0
20090920_054,010.raw,when is the next bus,when is the next bus,106.742,107.772,FALSE,hold-on,->inform$looking_up_database_subsequent->inform$result->request$next_query,[],{u'result': u'61C'},{},1,2,0,0,0,0,0,0,when is the next bus,3,1,4,0,2,0,1,4,0,2,0
20090920_061,002.raw,yes,yes,24.469,24.679,FALSE,ack,->inform$confirm_okay->explicit_confirm$query.departure_place,[],{u'query.departure_place': u'MURRAY AVENUE'},{},0,0,0,0,0,0,0,0,yes,1,0,1,0,0,0,0,1,0,0,0
20090920_061,004.raw,yes,yes,34.271,34.521,FALSE,ack,->inform$confirm_okay->explicit_confirm$query.travel_time.time,[],{u'query.travel_time.time': u'the next bus'},{},0,0,0,0,0,0,0,0,yes,2,0,1,1,0,0,0,1,1,0,0
20090920_063,003.raw,yes,yes,23.861,24.391,FALSE,ack,->inform$confirm_okay->explicit_confirm$query.travel_time.time,[],{u'query.travel_time.time': u'the next bus'},{},0,1,0,0,0,0,0,0,yes,2,0,0,1,0,0,0,0,1,0,0
20090920_063,004.raw,yes you,yes,29.691,30.201,FALSE,ack,->inform$confirm_okay->explicit_confirm$query.departure_place,[],{u'query.departure_place': u'BLOOMFIELD'},{},0,1,0,0,0,0,0,0,yes you,1,0,1,1,0,0,0,1,1,0,0
20090920_063,006.raw,start a new query,start a new query,53.729,54.569,FALSE,ack,->inform$confirm_okay->inform$looking_up_database_first->inform$result->request$next_query,[],{u'result': u'54C'},{},1,3,0,0,0,0,0,0,start a new query,3,0,1,1,1,0,0,1,1,1,0
20090920_063,010.raw,yes,yes,74.707,75.207,FALSE,ack,->inform$confirm_okay->explicit_confirm$query.travel_time.time,[],{u'query.travel_time.time': u'the next bus'},{},1,5,0,0,0,0,0,0,yes,2,0,1,2,1,0,0,1,2,1,0
20090920_063,011.raw,no,no,80.009,80.399,FALSE,ack,->inform$confirm_okay->explicit_confirm$query.departure_place,[],{u'query.departure_place': u'SIXTH'},{},1,6,0,0,0,0,0,0,no,1,0,2,2,1,0,0,2,2,1,0
20090920_063,013.raw,yes,yes,87.507,88.037,FALSE,expl-conf,->explicit_confirm$query.departure_place,[],{u'query.departure_place': u'CENTRE AND NEGLEY'},{},1,7,0,0,0,0,0,0,yes,1,0,3,2,1,0,0,3,2,1,0
20090920_065,002.raw,yes,yes,21.507,21.717,FALSE,expl-conf,->explicit_confirm$query.departure_place,[],{u'query.departure_place': u'KELLY AND WEST'},{},0,0,0,0,0,0,0,0,yes,1,0,1,0,0,0,0,1,0,0,0
20090920_065,003.raw,rebecca at coal,rebecca and cole,25.947,26.907,FALSE,ack,->inform$confirm_okay->request$query.arrival_place,[],{},{u'to.desc': u'rebecca and coal'},0,0,0,0,0,0,0,0,<place> at <place>,0,1,1,0,0,0,1,1,0,0,0
20090920_065,004.raw,yes,yes,31.245,31.435,FALSE,expl-conf,->explicit_confirm$query.arrival_place,[],{u'query.arrival_place': u'REBECCA AT COAL'},{},0,0,0,0,0,0,0,0,yes,0,2,1,0,0,0,2,1,0,0,0
20090920_065,006.raw,next bus,next bus,38.871,39.501,FALSE,request,->request$query.travel_time,[],{},{},0,0,0,0,0,0,0,0,next bus,2,2,1,1,0,0,2,1,1,0,0
20090920_067,002.raw,avenue,bosnee,20.508,20.878,FALSE,ack,->inform$confirm_okay->request$query.departure_place,[],{},{},0,0,0,0,0,0,0,0,avenue,1,0,1,0,0,0,0,1,0,0,0
20090920_067,003.raw,carson street,carson street,23.842,24.732,FALSE,example,->request$query.departure_place,[],{},{u'from.desc': u'carson street'},1,1,0,0,0,0,0,0,<place> street,1,0,2,0,0,0,0,2,0,0,0
20090920_067,004.raw,no,no,29.44,29.71,FALSE,expl-conf,->explicit_confirm$query.departure_place,[],{u'query.departure_place': u'CARSON STREET'},{},0,1,0,0,0,0,0,0,no,1,0,3,0,0,0,0,3,0,0,0
20090920_067,005.raw,brighton avenue,brighton avenue,33.054,34.034,FALSE,request,->request$query.departure_place,[],{},{u'from.desc': u'brighton avenue'},0,1,0,0,0,0,0,0,<place> avenue,1,0,4,0,0,0,0,4,0,0,0
20090920_067,006.raw,no,no,38.572,39.092,FALSE,expl-conf,->explicit_confirm$query.departure_place,[],{u'query.departure_place': u'BRIGHTON AVENUE'},{},0,1,0,0,0,0,0,0,no,1,0,5,0,0,0,0,5,0,0,0
20090920_067,007.raw,carson,carson,43.318,43.898,FALSE,request,->request$query.departure_place,[],{},{u'from.desc': u'carson'},0,1,0,0,0,0,0,0,<place>,1,0,6,0,0,0,0,6,0,0,0
20090920_068,002.raw,cedar avenue,cedar avenue,22.695,23.665,FALSE,impl-conf,->implicit_confirm$query.departure_place->request$query.arrival_place,[],{u'query.departure_place': u'BROWNSVILLE ROAD'},{u'to.desc': u'cedar avenue'},0,0,0,0,0,0,0,0,<place>,1,0,1,0,0,0,0,1,0,0,0
20090920_068,003.raw,next bus,next bus,28.481,29.131,FALSE,impl-conf,->implicit_confirm$query.arrival_place->request$query.travel_time,[],{u'query.arrival_place': u'CEDAR AVENUE'},{},0,0,0,0,0,0,0,0,next bus,0,1,1,0,0,0,1,1,0,0,0
20090920_069,005.raw,yes,yes,29.376,29.586,FALSE,expl-conf,->explicit_confirm$query.departure_place,[],{u'query.departure_place': u'WEST PENN HOSPITAL'},{},0,2,0,0,0,0,0,0,yes,1,0,1,0,0,0,0,1,0,0,0
20090920_069,007.raw,south hills junction,south hills junction,36.498,37.708,FALSE,request,->request$query.arrival_place,[],{},{u'to.desc': u'south hills junction'},0,2,0,0,0,0,0,0,<place>,0,1,1,0,0,0,1,1,0,0,0
20090920_069,008.raw,yes,yes,42.042,42.432,FALSE,expl-conf,->explicit_confirm$query.arrival_place,[],{u'query.arrival_place': u'SOUTH HILLS JUNCTION'},{},0,2,0,0,0,0,0,0,yes,0,2,1,0,0,0,2,1,0,0,0
20090920_070,001.raw,no,no,10.457,10.897,FALSE,expl-conf,->explicit_confirm$query.departure_place,[],{u'query.departure_place': u'BUSWAY'},{},0,1,0,0,0,0,0,0,no,1,0,1,0,0,0,0,1,0,0,0
20090920_070,004.raw,west penn hospital,west penn hospital,23.445,24.435,FALSE,expl-conf,->explicit_confirm$query.departure_place,[],{u'query.departure_place': u'COAL'},{u'from.monument': u'west penn hospital'},0,1,0,0,0,0,0,0,<place> hospital,1,0,2,0,0,0,0,2,0,0,0
20090920_070,005.raw,yes,yes,29.161,29.661,FALSE,expl-conf,->explicit_confirm$query.departure_place,[],{u'query.departure_place': u'WEST PENN HOSPITAL'},{},0,1,0,0,0,0,0,0,yes,1,0,3,0,0,0,0,3,0,0,0
20090920_070,008.raw,south hill junction,south hill junction,43.137,44.197,FALSE,request,->request$query.arrival_place,[],{},{u'to.desc': u'south hills junction'},0,3,0,0,0,0,0,0,<place> hill <place>,0,1,3,0,0,0,1,3,0,0,0
20090920_070,009.raw,south hills junction,south hills junction,47.695,48.935,FALSE,expl-conf,->explicit_confirm$query.arrival_place,[],{u'query.arrival_place': u'SOUTH'},{u'to.desc': u'south hills junction'},0,3,0,0,0,0,0,0,<place>,0,2,3,0,0,0,2,3,0,0,0
20090920_070,010.raw,south hills junction,south hills junction,52.595,53.875,FALSE,expl-conf,->explicit_confirm$query.arrival_place,[],{u'query.arrival_place': u'SOUTH'},{u'to.desc': u'south hills junction'},0,3,0,0,0,0,0,0,<place>,0,3,3,0,0,0,3,3,0,0,0
20090920_070,011.raw,now,now,59.689,60.199,FALSE,impl-conf,->implicit_confirm$query.arrival_place->request$query.travel_time,[],{u'query.arrival_place': u'SOUTH HILLS JUNCTION'},{u'time.rel': u'next'},0,3,0,0,0,0,0,0,now,0,4,3,0,0,0,4,3,0,0,0
20090920_070,012.raw,next bus,next bus,71.583,72.163,FALSE,impl-conf,->implicit_confirm$query.travel_time.time->inform$looking_up_database_first->inform$result,[],"{u'query.travel_time.time': u'The next bus', u'result': u'54C'}",{},1,4,0,0,0,0,0,0,next bus,3,4,3,0,1,0,4,3,0,1,0
20090920_072,002.raw,yes,yes,20.818,21.138,FALSE,ack,->inform$confirm_okay->explicit_confirm$query.departure_place,[],{u'query.departure_place': u'SQUIRREL HILL'},{},1,2,0,0,0,0,0,0,yes,1,0,1,0,0,0,0,1,0,0,0
20090920_072,003.raw,yes,yes,25.48,25.75,FALSE,ack,->inform$confirm_okay->explicit_confirm$query.travel_time.time,[],{u'query.travel_time.time': u'the next bus'},{},1,3,0,0,0,0,0,0,yes,2,0,1,1,0,0,0,1,1,0,0
20090920_072,004.raw,east liberty,east liberty,28.474,29.264,FALSE,ack,->inform$confirm_okay->request$query.arrival_place,[],{},{u'to.neighborhood': u'east liberty'},0,3,0,0,0,0,0,0,<place>,0,1,1,1,0,0,1,1,1,0,0
20090920_072,005.raw,when is the previous bus,when is the previous bus,46.802,47.992,FALSE,impl-conf,->implicit_confirm$query.arrival_place->inform$looking_up_database_first->inform$result->request$next_query,[],"{u'result': u'64A', u'query.arrival_place': u'EAST LIBERTY'}",{},1,4,0,0,0,0,0,0,when is the previous bus,3,1,1,1,1,0,1,1,1,1,0
20090920_073,003.raw,homestead,homestead,20.415,21.115,FALSE,ack,->inform$confirm_okay->request$query.departure_place,[],{},{u'from.neighborhood': u'homestead'},0,1,0,0,0,0,0,0,<neighborhood>,1,0,1,0,0,0,0,1,0,0,0
20090920_073,004.raw,downtown,downtown,26.207,26.927,FALSE,impl-conf,->implicit_confirm$query.departure_place->request$query.arrival_place,[],{u'query.departure_place': u'HOMESTEAD'},{u'to.neighborhood': u'downtown'},0,1,0,0,0,0,0,0,<neighborhood>,1,0,2,0,0,0,0,2,0,0,0
20090920_073,005.raw,right now,right now,31.691,32.441,FALSE,impl-conf,->implicit_confirm$query.arrival_place->request$query.travel_time,[],{u'query.arrival_place': u'DOWNTOWN'},{u'time.rel': u'next'},0,1,0,0,0,0,0,0,right now,0,1,2,0,0,0,1,2,0,0,0
20090920_074,002.raw,no,no,23.805,24.305,FALSE,ack,->inform$confirm_okay->explicit_confirm$query.departure_place,[],{u'query.departure_place': u'HOMESTEAD'},{},0,0,0,0,0,0,0,0,no,1,0,1,0,0,0,0,1,0,0,0
20090920_074,003.raw,p yes,yes,28.407,29.397,FALSE,expl-conf,->explicit_confirm$query.departure_place,[],{u'query.departure_place': u'MCKEESPORT'},{},0,0,0,0,0,0,0,0,p yes,1,0,2,0,0,0,0,2,0,0,0
20090920_074,005.raw,homestead,homestead,36.589,37.499,FALSE,request,->request$query.arrival_place,[],{},{u'to.neighborhood': u'homestead'},0,0,0,0,0,0,0,0,<neighborhood>,0,1,2,0,0,0,1,2,0,0,0
20090920_074,007.raw,next bus,next bus,41.985,43.005,FALSE,impl-conf,->implicit_confirm$query.arrival_place->request$query.travel_time,[],{u'query.arrival_place': u'HOMESTEAD'},{},0,0,0,0,0,0,0,0,next bus,0,2,2,0,0,0,2,2,0,0,0
20090920_074,009.raw,next bus,next bus,62.529,63.519,FALSE,impl-conf,->implicit_confirm$query.travel_time.time->inform$looking_up_database_first->inform$result->request$next_query,[],"{u'query.travel_time.time': u'The next bus', u'result': u'61C'}",{},1,1,0,0,0,0,0,0,next bus,3,2,2,0,1,0,2,2,0,1,0
20090920_074,010.raw,previous bus,previous bus,83.349,84.459,FALSE,hold-on,->inform$looking_up_database_subsequent->inform$result->request$next_query,[],{u'result': u'61C'},{},1,2,0,0,0,0,0,0,previous bus,3,2,2,0,2,0,2,2,0,2,0
20090920_075,009.raw,arlington avenue,arlington avenue,42.089,43.729,FALSE,ack,->inform$confirm_okay->request$query.departure_place,[],{},{u'from.desc': u'arlington avenue'},0,1,0,0,0,0,0,0,<place> avenue,1,0,1,0,0,0,0,1,0,0,0
20090920_075,010.raw,yes,yes,48.277,48.737,FALSE,expl-conf,->explicit_confirm$query.departure_place,[],{u'query.departure_place': u'ARLINGTON AVENUE'},{},0,1,0,0,0,0,0,0,yes,1,0,2,0,0,0,0,2,0,0,0
20090920_075,011.raw,oakland,oakland,53.161,53.561,FALSE,ack,->inform$confirm_okay->request$query.arrival_place,[],{},{u'to.neighborhood': u'oakland'},0,1,0,0,0,0,0,0,<place>,0,1,2,0,0,0,1,2,0,0,0
20090920_075,012.raw,yes,yes,57.743,58.453,FALSE,expl-conf,->explicit_confirm$query.arrival_place,[],{u'query.arrival_place': u'OAKLAND'},{},0,1,0,0,0,0,0,0,yes,0,2,2,0,0,0,2,2,0,0,0
20090920_076,004.raw,swissvale,swissvale,29.819,30.629,FALSE,ack,->inform$confirm_okay->request$query.departure_place,[],{},{u'from.neighborhood': u'swissvale'},0,0,0,0,0,0,0,0,<place>,1,0,1,0,0,0,0,1,0,0,0
20090920_076,005.raw,dynamo way,dynamo way,35.483,36.313,FALSE,impl-conf,->implicit_confirm$query.departure_place->request$query.arrival_place,[],{u'query.departure_place': u'SWISSVALE'},{u'to.desc': u'dynamo way'},0,0,0,0,0,0,0,0,<place> way,1,0,2,0,0,0,0,2,0,0,0
20090920_076,006.raw,bus,bus,41.809,42.189,FALSE,impl-conf,->implicit_confirm$query.arrival_place->request$query.travel_time,[],{u'query.arrival_place': u'DYNAMO WAY'},{},0,0,0,0,0,0,0,0,bus,0,1,2,0,0,0,1,2,0,0,0
20090920_076,007.raw,next bus,next bus,45.299,46.139,FALSE,request,->request$query.travel_time,[],{},{},0,0,0,0,0,0,0,0,next bus,2,1,2,1,0,0,1,2,1,0,0
20090920_076,008.raw,previous bus,previous bus,58.715,59.755,FALSE,impl-conf,->implicit_confirm$query.travel_time.time->inform$looking_up_database_first->inform$result,[],"{u'query.travel_time.time': u'The next bus', u'result': u'61A'}",{},1,1,0,0,0,0,0,0,previous bus,3,1,2,1,1,0,1,2,1,1,0
20090920_077,001.raw,no,no,8.778,9.128,FALSE,expl-conf,->explicit_confirm$query.departure_place,[],{u'query.departure_place': u'SOUTH'},{},0,1,0,0,0,0,0,0,no,1,0,1,0,0,0,0,1,0,0,0
20090920_077,004.raw,downtown,downtown,22.794,23.454,FALSE,impl-conf,->implicit_confirm$query.departure_place->request$query.arrival_place,[],{u'query.departure_place': u'HOMESTEAD'},{u'to.neighborhood': u'downtown'},0,1,0,0,0,0,0,0,<neighborhood>,1,0,2,0,0,0,0,2,0,0,0
20090920_077,005.raw,next next bus,next next bus,28.342,29.622,FALSE,impl-conf,->implicit_confirm$query.arrival_place->request$query.travel_time,[],{u'query.arrival_place': u'DOWNTOWN'},{},0,1,0,0,0,0,0,0,next next bus,0,1,2,0,0,0,1,2,0,0,0
20090920_078,008.raw,south side,south side,54.93,55.58,FALSE,request,->request$query.departure_place,[],{},{u'from.neighborhood': u'south side'},0,4,0,0,0,0,0,0,<place> side,1,0,1,0,0,0,0,1,0,0,0
20090920_078,009.raw,oakland,oakland,60.118,60.648,FALSE,impl-conf,->implicit_confirm$query.departure_place->request$query.arrival_place,[],{u'query.departure_place': u'SOUTH SIDE'},{u'to.neighborhood': u'oakland'},0,4,0,0,0,0,0,0,<place>,1,0,2,0,0,0,0,2,0,0,0
20090920_078,010.raw,the next bus,the next bus,65.646,66.746,FALSE,impl-conf,->implicit_confirm$query.arrival_place->request$query.travel_time,[],{u'query.arrival_place': u'OAKLAND'},{u'time.rel': u'next'},0,4,0,0,0,0,0,0,the next bus,0,1,2,0,0,0,1,2,0,0,0
20090920_080,004.raw,eighth center,eighth center,21.247,21.987,FALSE,request,->request$query.departure_place,[],{},{},1,3,0,0,0,0,0,0,<place> <uncovered_place>,1,0,1,0,0,0,0,1,0,0,0
20090920_080,006.raw,eighth,eighth,27.121,27.391,FALSE,request,->request$query.departure_place,[],{},{u'from.desc': u'eighth'},0,4,0,0,0,0,0,0,<place>,1,0,2,0,0,0,0,2,0,0,0
20090920_080,007.raw,mckeesport,mckeesport,31.555,32.165,FALSE,impl-conf,->implicit_confirm$query.departure_place->request$query.arrival_place,[],{u'query.departure_place': u'EIGHTH'},{u'to.neighborhood': u'mckeesport'},0,4,0,0,0,0,0,0,<neighborhood>,1,0,3,0,0,0,0,3,0,0,0
20090920_080,008.raw,yes,yes,34.195,34.625,FALSE,impl-conf,->implicit_confirm$query.arrival_place,[],{u'query.arrival_place': u'MCKEESPORT'},{},1,5,0,0,0,0,0,0,yes,0,1,3,0,0,0,1,3,0,0,0
20090920_080,009.raw,next bus,next bus,36.411,36.961,FALSE,request,->request$query.travel_time,[],{},{},1,6,0,0,0,0,0,0,next bus,2,1,3,1,0,0,1,3,1,0,0
20090920_081,002.raw,no,no,21.543,22.083,FALSE,expl-conf,->explicit_confirm$query.departure_place,[],{u'query.departure_place': u'HILTON'},{},0,0,0,0,0,0,0,0,no,1,0,1,0,0,0,0,1,0,0,0
20090920_081,003.raw,avenue and hill avenue,fifth avenue and smithfield avenue,25.893,27.853,FALSE,request,->request$query.departure_place,[],{},{},0,0,0,0,0,0,0,0,avenue and hill avenue,1,0,2,0,0,0,0,2,0,0,0
20090920_084,002.raw,no,no,12.504,12.864,FALSE,expl-conf,->explicit_confirm$query.departure_place,[],{u'query.departure_place': u'BELL'},{},1,2,0,0,0,0,0,0,no,1,0,1,0,0,0,0,1,0,0,0
20090920_084,004.raw,yes,yes,20.992,21.262,FALSE,expl-conf,->explicit_confirm$query.departure_place,[],{u'query.departure_place': u'DOWNTOWN'},{},0,2,0,0,0,0,0,0,yes,1,0,2,0,0,0,0,2,0,0,0
20090920_084,005.raw,lawrenceville,swissvale,25.832,26.682,FALSE,ack,->inform$confirm_okay->request$query.arrival_place,[],{},{},0,2,0,0,0,0,0,0,<place>,0,1,2,0,0,0,1,2,0,0,0
20090920_084,006.raw,no,no,29.75,30.07,FALSE,expl-conf,->explicit_confirm$query.arrival_place,[],{u'query.arrival_place': u'LAWRENCEVILLE'},{},1,3,0,0,0,0,0,0,no,0,2,2,0,0,0,2,2,0,0,0
20090920_084,007.raw,going to swissvale,going to swissvale,33.462,34.892,FALSE,request,->request$query.arrival_place,[],{},{},0,3,0,0,0,0,0,0,going to <place>,0,3,2,0,0,0,3,2,0,0,0
20090920_084,008.raw,yes,yes,38.76,39.04,FALSE,expl-conf,->explicit_confirm$query.arrival_place,[],{u'query.arrival_place': u'SWISSVALE'},{},0,3,0,0,0,0,0,0,yes,0,4,2,0,0,0,4,2,0,0,0
20090920_084,012.raw,next bus,next bus,66.614,67.254,FALSE,impl-conf,->implicit_confirm$query.travel_time.time->inform$looking_up_database_first->inform$result->request$next_query,[],"{u'query.travel_time.time': u'The next bus', u'result': u'61A'}",{},1,4,0,0,0,0,0,0,next bus,3,4,2,0,1,0,4,2,0,1,0
20090921_001,003.raw,no,no,24.053,24.473,FALSE,ack,->inform$confirm_okay->explicit_confirm$query.departure_place,[],{u'query.departure_place': u'EIGHTH'},{},0,0,0,0,0,0,0,0,no,1,0,1,0,0,0,0,1,0,0,0
20090921_001,004.raw,wilkinsburg,wilkinsburg,24.851,25.621,FALSE,expl-conf,->explicit_confirm$query.departure_place,[],{u'query.departure_place': u'WILKINSBURG'},{u'from.neighborhood': u'wilkinsburg'},0,0,0,0,0,0,0,0,<neighborhood>,1,0,2,0,0,0,0,2,0,0,0
20090921_001,005.raw,east end pittsburgh,east pittsburgh,30.941,32.031,FALSE,impl-conf,->implicit_confirm$query.departure_place->request$query.arrival_place,[],{u'query.departure_place': u'WILKINSBURG'},{u'to.neighborhood': u'east pittsburgh'},0,0,0,0,0,0,0,0,<place> <place>sburgh,1,0,3,0,0,0,0,3,0,0,0
20090921_001,006.raw,no,no,35.731,36.161,FALSE,expl-conf,->explicit_confirm$query.arrival_place,[],{u'query.arrival_place': u'PITTSBURGH'},{},0,0,0,0,0,0,0,0,no,0,1,3,0,0,0,1,3,0,0,0
20090921_001,007.raw,no,no,39.655,40.025,FALSE,expl-conf,->explicit_confirm$query.arrival_place,[],{u'query.arrival_place': u'EAST END'},{},0,0,0,0,0,0,0,0,no,0,2,3,0,0,0,2,3,0,0,0
20090921_001,010.raw,next bus,next bus,50.111,50.841,FALSE,request,->request$query.travel_time,[],{},{u'time.rel': u'next'},0,1,0,0,0,0,0,0,next bus,2,2,3,1,0,0,2,3,1,0,0
20090921_002,004.raw,no,no,24.179,24.519,FALSE,expl-conf,->explicit_confirm$query.departure_place,[],{u'query.departure_place': u'COAL'},{},1,4,0,0,0,0,0,0,no,1,0,1,0,0,0,0,1,0,0,0
20090921_002,005.raw,no,no,28.747,29.257,FALSE,expl-conf,->explicit_confirm$query.travel_time.time,[],{u'query.travel_time.time': u'Leaving at 8 a.m.'},{},1,5,0,0,0,0,0,0,no,2,0,1,1,0,0,0,1,1,0,0
20090921_005,002.raw,east pittsburgh,east pittsburgh,22.27,23.65,FALSE,impl-conf,->implicit_confirm$query.departure_place->request$query.arrival_place,[],{u'query.departure_place': u'WILKINSBURG'},{u'to.neighborhood': u'east pittsburgh'},0,0,0,0,0,0,0,0,east <place>sburgh,1,0,1,0,0,0,0,1,0,0,0
20090921_005,003.raw,next bus,next bus,28.606,29.306,FALSE,impl-conf,->implicit_confirm$query.arrival_place->request$query.travel_time,[],{u'query.arrival_place': u'EAST PITTSBURGH'},{},0,0,0,0,0,0,0,0,next bus,0,1,1,0,0,0,1,1,0,0,0
20090921_005,008.raw,previous bus,previous bus,71.826,72.566,FALSE,hold-on,->inform$looking_up_database_subsequent->inform$result->request$next_query,[],{u'result': u'61A'},{},1,2,0,0,0,0,0,0,previous bus,3,1,1,0,1,0,1,1,0,1,0
20090921_005,009.raw,previous bus,previous bus,94.762,95.582,FALSE,hold-on,->inform$looking_up_database_subsequent->inform$result->request$next_query,[],{u'result': u'61A'},{},1,3,0,0,0,0,0,0,previous bus,3,1,1,0,2,0,1,1,0,2,0
20090921_005,010.raw,previous,previous,111.988,112.578,FALSE,hold-on,->inform$looking_up_database_subsequent->inform$result->request$next_query,[],{u'result': u'61A'},{},1,4,0,0,0,0,0,0,previous,3,1,1,0,3,0,1,1,0,3,0
20090921_006,004.raw,liberty and ella g,liberty and ella g,30.357,32.347,FALSE,ack,->inform$confirm_okay->request$query.departure_place,[],{},{u'from.desc': u'liberty and ella'},0,1,0,0,0,0,0,0,<place> g,1,0,1,0,0,0,0,1,0,0,0
20090921_006,005.raw,yes,yes,36.511,36.911,FALSE,expl-conf,->explicit_confirm$query.departure_place,[],{u'query.departure_place': u'LIBERTY AND ELLA'},{},0,1,0,0,0,0,0,0,yes,1,0,2,0,0,0,0,2,0,0,0
20090921_006,006.raw,to the north side,to the north side,40.655,41.675,FALSE,ack,->inform$confirm_okay->request$query.arrival_place,[],{},{},0,1,0,0,0,0,0,0,to <place>,0,1,2,0,0,0,1,2,0,0,0
20090921_006,007.raw,yes,yes,44.235,44.655,FALSE,expl-conf,->explicit_confirm$query.arrival_place,[],{u'query.arrival_place': u'THE NORTH SIDE'},{},1,2,0,0,0,0,0,0,yes,0,2,2,0,0,0,2,2,0,0,0
20090921_006,009.raw,yeah,yeah,52.797,53.067,FALSE,impl-conf,->implicit_confirm$query.travel_time.time->inform$looking_up_database_first,[],{u'query.travel_time.time': u'The next bus'},{},1,3,0,0,0,0,0,0,yeah,2,2,2,1,0,0,2,2,1,0,0
20090921_009,001.raw,from forbes 54c coming from,from forbes 54c coming from,12.268,14.958,FALSE,expl-conf,->explicit_confirm$query.departure_place,[],{u'query.departure_place': u'ELM'},{u'route': u'54c'},0,0,0,0,0,0,0,0,from <place> <route> coming from,1,0,1,0,0,0,0,1,0,0,0
20090921_009,002.raw,bon air to mifflin to ellsworth,bon air to mifflin to ellsworth,16.478,20.138,FALSE,expl-conf,->explicit_confirm$query.departure_place,[],{u'query.departure_place': u'ELM'},{u'from.desc': u'bon air'},1,1,0,0,0,0,0,0,<place> to <place> to <place>,1,0,2,0,0,0,0,2,0,0,0
20090921_009,004.raw,leaving bon air,leaving bon air,22.686,23.846,FALSE,expl-conf,->explicit_confirm$query.departure_place,[],{u'query.departure_place': u'ELM'},{},0,2,0,0,0,0,0,0,leaving <place>,1,0,3,0,0,0,0,3,0,0,0
20090921_009,005.raw,yes,yes,26.638,26.878,FALSE,impl-conf,->implicit_confirm$query.departure_place->explicit_confirm$query.route_number,[],"{u'query.route_number': u'54C', u'query.departure_place': u'BON AIR'}",{},1,3,0,0,0,0,0,0,yes,1,0,4,0,0,0,0,4,0,0,0
20090921_009,007.raw,yes,yes,37.854,38.324,FALSE,expl-conf,->explicit_confirm$query.arrival_place,[],{u'query.arrival_place': u'OAKLAND'},{},0,3,0,0,0,0,0,0,yes,0,1,4,0,0,0,1,4,0,0,0
20090921_009,010.raw,3m at six thirty,3m at six thirty,51.496,52.776,FALSE,expl-conf,->explicit_confirm$query.travel_time.time,[],{u'query.travel_time.time': u'Leaving at 7 a.m.'},"{u'time.minute': 30, u'route': u'3m', u'time.hour': 6}",1,4,0,0,0,0,0,0,<uncovered_route> at <time> thirty,2,1,4,1,0,0,1,4,1,0,0
20090921_009,011.raw,no,no,58.314,58.644,FALSE,expl-conf,->explicit_confirm$query.travel_time.time,[],{u'query.travel_time.time': u'Leaving at 7 a.m.'},{},0,4,0,0,0,0,0,0,no,2,1,4,2,0,0,1,4,2,0,0
20090921_009,012.raw,yes,yes,63.552,64.012,FALSE,expl-conf,->explicit_confirm$query.travel_time.time,[],{u'query.travel_time.time': u'Leaving at 6 30 a.m.'},{},0,4,0,0,0,0,0,0,yes,2,1,4,3,0,0,1,4,3,0,0
20090921_009,013.raw,when is the previous bus,when is the previous bus,91.966,93.736,FALSE,ack,->inform$confirm_okay->inform$looking_up_database_first->inform$result->request$next_query,[],{u'result': u'54C'},{},1,5,0,0,0,0,0,0,when is the previous bus,3,1,4,3,1,0,1,4,3,1,0
20090921_009,014.raw,does the next bus,does the next bus,113.63,115.13,FALSE,hold-on,->inform$looking_up_database_subsequent->inform$result->request$next_query,[],{u'result': u'54C'},{},1,6,0,0,0,0,0,0,does the next bus,3,1,4,3,2,0,1,4,3,2,0
20090921_009,015.raw,when is the next bus,when is the next bus,125.426,126.526,FALSE,hold-on,->inform$looking_up_database_subsequent->inform$result,[],{u'result': u'54C'},{},1,7,0,0,0,0,0,0,when is the next bus,3,1,4,3,3,0,1,4,3,3,0
20090921_009,016.raw,thank you goodbye,thank you goodbye,156.298,157.388,FALSE,hold-on,->inform$looking_up_database_subsequent->inform$result->request$next_query,[],{u'result': u'54C'},{},0,7,0,0,0,0,0,0,thank you goodbye,3,1,4,3,4,0,1,4,3,4,0
20090921_013,001.raw,what,what,17.234,17.524,FALSE,expl-conf,->explicit_confirm$query.departure_place,[],{u'query.departure_place': u'COAL STREET AT WALNUT'},{},0,0,0,0,0,0,0,0,what,1,0,1,0,0,0,0,1,0,0,0
20090921_013,002.raw,u left it mi wood rite aide,you asked me what i need,23.55,25.14,FALSE,expl-conf,->explicit_confirm$query.departure_place,[],{u'query.departure_place': u'COAL STREET AT WALNUT'},{},0,0,0,0,0,0,0,0,u left it mi <place> rite aide,1,0,2,0,0,0,0,2,0,0,0
20090921_013,003.raw,bell at ann robinson aiken for the bus she right the airport white oak otomac mckee road,bell at ann robinson aiken for the bus she right the airport white oak otomac mckee road,30.792,35.852,FALSE,expl-conf,->explicit_confirm$query.departure_place,[],{u'query.departure_place': u'WOOD'},{},0,0,0,0,0,0,0,0,<place> at <place> <place> <uncovered_place> for the bus she right the <place> white oak otomac <place> road,1,0,3,0,0,0,0,3,0,0,0
20090921_013,006.raw,whitehall,whitehall,55.284,56.014,FALSE,request,->request$query.arrival_place,[],{},{u'to.neighborhood': u'whitehall'},0,0,0,0,0,0,0,0,<uncovered_place>,0,1,3,0,0,0,1,3,0,0,0
20090921_013,011.raw,to downtown,to downtown,75.848,76.518,FALSE,request,->request$query.arrival_place,[],{},{},0,2,0,0,0,0,0,0,to <neighborhood>,0,2,3,0,0,0,2,3,0,0,0
20090921_013,013.raw,yes,yes,83.508,83.828,FALSE,expl-conf,->explicit_confirm$query.arrival_place,[],{u'query.arrival_place': u'DOWNTOWN'},{},1,4,0,0,0,0,0,0,yes,0,3,3,0,0,0,3,3,0,0,0
20090921_013,019.raw,91a when is the spring,what do you mean when i wanted to travel,118.182,119.742,FALSE,request,->request$query.travel_time,[],{},{},0,6,0,0,0,0,0,0,<uncovered_route> when is the <place>,2,3,3,1,0,0,3,3,1,0,0
20090921_013,020.raw,the estate,the estate,124.67,125.38,FALSE,request,->request$query.travel_time,[],{},{},0,6,0,0,0,0,0,0,the estate,2,3,3,2,0,0,3,3,2,0,0
20090921_015,003.raw,arlington avenue,arlington avenue,17.39,18.8,FALSE,ack,->inform$confirm_okay->request$query.departure_place,[],{},{u'from.desc': u'arlington avenue'},0,1,0,0,0,0,0,0,<place> avenue,1,0,1,0,0,0,0,1,0,0,0
20090921_015,005.raw,yes,yes,23.18,23.74,FALSE,expl-conf,->explicit_confirm$query.departure_place,[],{u'query.departure_place': u'ARLINGTON AVENUE'},{},1,2,0,0,0,0,0,0,yes,1,0,2,0,0,0,0,2,0,0,0
20090921_015,007.raw,oakland coal,oakland,28.102,29.032,FALSE,example,->request$query.arrival_place,[],{},{u'to.neighborhood': u'oakland'},1,4,0,0,0,0,0,0,<place> <place>,0,1,2,0,0,0,1,2,0,0,0
20090921_015,008.raw,yes,yes,33.02,33.66,FALSE,expl-conf,->explicit_confirm$query.arrival_place,[],{u'query.arrival_place': u'OAKLAND'},{},1,5,0,0,0,0,0,0,yes,0,2,2,0,0,0,2,2,0,0,0
20090921_019,007.raw,murray avenue,murray avenue,57.71,58.71,FALSE,ack,->inform$confirm_okay->request$query.departure_place,[],{},{u'from.desc': u'murray avenue'},0,1,0,0,0,0,0,0,<place>,1,0,1,0,0,0,0,1,0,0,0
20090921_019,008.raw,yes,yes,62.416,62.676,FALSE,expl-conf,->explicit_confirm$query.departure_place,[],{u'query.departure_place': u'MURRAY AVENUE'},{},1,2,0,0,0,0,0,0,yes,1,0,2,0,0,0,0,2,0,0,0
20090921_019,009.raw,homestead,homestead,65.226,65.856,FALSE,ack,->inform$confirm_okay->request$query.arrival_place,[],{},{u'to.neighborhood': u'homestead'},0,2,0,0,0,0,0,0,<neighborhood>,0,1,2,0,0,0,1,2,0,0,0
20090921_019,010.raw,now,now,70.022,70.442,FALSE,impl-conf,->implicit_confirm$query.arrival_place->request$query.travel_time,[],{u'query.arrival_place': u'HOMESTEAD'},{u'time.rel': u'next'},0,2,0,0,0,0,0,0,now,0,2,2,0,0,0,2,2,0,0,0
20090921_021,004.raw,swissvale,swissvale,28.713,29.283,FALSE,impl-conf,->implicit_confirm$query.departure_place->request$query.arrival_place,[],{u'query.departure_place': u'EAST PITTSBURGH'},{u'to.neighborhood': u'swissvale'},0,0,0,0,0,0,0,0,<place>,1,0,1,0,0,0,0,1,0,0,0
20090921_021,005.raw,nine p m,nine p m,34.495,35.185,FALSE,impl-conf,->implicit_confirm$query.arrival_place->request$query.travel_time,[],{u'query.arrival_place': u'SWISSVALE'},{},0,0,0,0,0,0,0,0,<time>,0,1,1,0,0,0,1,1,0,0,0
20090921_021,006.raw,from airport,when is the next bus,60.323,61.043,FALSE,impl-conf,->implicit_confirm$query.travel_time.time->inform$looking_up_database_first->inform$result->request$next_query,[],"{u'query.travel_time.time': u'Leaving at 9 p.m.', u'result': u'61A'}",{},1,1,0,0,0,0,0,0,from <place>,3,1,1,0,1,0,1,1,0,1,0
20090921_022,004.raw,bloomfield,bloomfield,34.176,34.836,FALSE,impl-conf,->implicit_confirm$query.departure_place->request$query.arrival_place,[],{u'query.departure_place': u'OAKLAND'},{u'to.neighborhood': u'bloomfield'},0,0,0,0,0,0,0,0,<place>,1,0,1,0,0,0,0,1,0,0,0
20090921_022,005.raw,yes,yes,38.952,39.222,FALSE,expl-conf,->explicit_confirm$query.arrival_place,[],{u'query.arrival_place': u'BLOOMFIELD'},{},0,0,0,0,0,0,0,0,yes,0,1,1,0,0,0,1,1,0,0,0
20090921_022,007.raw,from the mall,from the mall,44.782,45.312,FALSE,request,->request$query.travel_time,[],{},{},0,0,0,0,0,0,0,0,from <place>,2,1,1,1,0,0,1,1,1,0,0
20090921_022,008.raw,as soon as possible,as soon as possible,50.068,51.338,FALSE,request,->request$query.travel_time,[],{},{},0,0,0,0,0,0,0,0,as soon as possible,2,1,1,2,0,0,1,1,2,0,0
20090921_022,009.raw,penn,penn,54.154,54.314,FALSE,impl-conf,->implicit_confirm$query.travel_time.time->inform$looking_up_database_first,[],{u'query.travel_time.time': u'The next bus'},{u'to.desc': u'penn'},1,1,0,0,0,0,0,0,<place>,2,1,1,3,0,0,1,1,3,0,0
20090921_022,010.raw,goodbye,goodbye,81.236,81.606,FALSE,schedule,->inform$result->request$next_query,[],{u'result': u'54C'},{},0,1,0,0,0,0,0,0,goodbye,3,1,1,3,1,0,1,1,3,1,0
20090921_023,005.raw,oakland,oakland,32.703,33.143,FALSE,ack,->inform$confirm_okay->request$query.departure_place,[],{},{u'from.neighborhood': u'oakland'},0,1,0,0,0,0,0,0,<place>,1,0,1,0,0,0,0,1,0,0,0
20090921_023,006.raw,regent square,regent square,37.847,38.597,FALSE,impl-conf,->implicit_confirm$query.departure_place->request$query.arrival_place,[],{u'query.departure_place': u'OAKLAND'},{},0,1,0,0,0,0,0,0,<place>,1,0,2,0,0,0,0,2,0,0,0
20090921_023,007.raw,next bus,next stop,44.523,45.183,FALSE,impl-conf,->implicit_confirm$query.arrival_place->request$query.travel_time,[],{u'query.arrival_place': u'REGENT SQUARE'},{},0,1,0,0,0,0,0,0,next bus,0,1,2,0,0,0,1,2,0,0,0
20090921_023,009.raw,repeat,please repeat,76.749,77.159,FALSE,schedule,->inform$result->request$next_query,[],{u'result': u'61A'},{},0,2,0,0,1,1,0,0,repeat,3,1,2,0,1,0,1,2,0,1,0
20090921_023,012.raw,when is the previous,when is the previous,95.157,96.037,FALSE,hold-on,->inform$looking_up_database_subsequent->inform$result->request$next_query,[],{u'result': u'61A'},{},1,4,0,0,0,1,0,0,when is the previous,3,1,2,0,2,0,1,2,0,2,0
20090921_023,015.raw,goodbye,goodbye,112.167,112.647,FALSE,hold-on,->inform$looking_up_database_subsequent->inform$result->request$next_query,[],{u'result': u'61A'},{},1,5,0,0,0,1,0,0,goodbye,3,1,2,0,3,0,1,2,0,3,0
20090921_025,003.raw,leaving from dynamo way,leaving from dynamo way,25.95,27.33,FALSE,expl-conf,->explicit_confirm$query.departure_place,[],{u'query.departure_place': u'KENNYWOOD'},{},0,0,0,0,0,0,0,0,leaving from <place> way,1,0,1,0,0,0,0,1,0,0,0
20090921_025,004.raw,hawkins and fourth,hawkins and fourth,32.68,33.75,FALSE,impl-conf,->implicit_confirm$query.departure_place->request$query.arrival_place,[],{u'query.departure_place': u'DYNAMO WAY'},{u'to.desc': u'hawkins on fourth'},0,0,0,0,0,0,0,0,<place> and <place>,1,0,2,0,0,0,0,2,0,0,0
20090921_025,005.raw,yes,yes,38.254,38.494,FALSE,expl-conf,->explicit_confirm$query.arrival_place,[],{u'query.arrival_place': u'HAWKINS AND FOURTH'},{},0,0,0,0,0,0,0,0,yes,0,1,2,0,0,0,1,2,0,0,0
20090921_025,008.raw,b to whitaker enter bus coming get,b to whitaker enter bus coming get,85.136,86.826,FALSE,impl-conf,->implicit_confirm$query.travel_time.time->inform$looking_up_database_first->inform$result->request$next_query,[],"{u'query.travel_time.time': u'The next bus', u'result': u'61A'}",{},0,0,0,0,0,0,0,0,b to <uncovered_place> enter bus coming get,3,1,2,0,1,0,1,2,0,1,0
20090921_032,003.raw,yes yes,yes yes,29.927,30.967,FALSE,expl-conf,->explicit_confirm$query.departure_place,[],{u'query.departure_place': u'SOUTH'},{},0,0,0,0,0,0,0,0,yes yes,1,0,1,0,0,0,0,1,0,0,0
20090921_033,002.raw,fifth ave,a as in anne,19.643,20.163,FALSE,ack,->inform$confirm_okay->request$query.departure_place,[],{},{},0,1,0,0,0,0,0,0,<place> ave,1,0,1,0,0,0,0,1,0,0,0
20090921_033,003.raw,no,no,23.349,23.709,FALSE,impl-conf,->implicit_confirm$query.departure_place->request$query.arrival_place,[],{u'query.departure_place': u'FIFTH AVE'},{},1,2,0,0,0,0,0,0,no,1,0,2,0,0,0,0,2,0,0,0
20090921_033,004.raw,no,no,26.097,26.577,FALSE,request,->request$query.arrival_place,[],{},{},1,3,0,0,0,0,0,0,no,0,1,2,0,0,0,1,2,0,0,0
20090921_033,005.raw,mckeesport,mckeesport,29.725,30.375,FALSE,example,->request$query.arrival_place,[],{},{u'to.neighborhood': u'mckeesport'},1,4,0,0,0,0,0,0,<neighborhood>,0,2,2,0,0,0,2,2,0,0,0
20090921_034,002.raw,mckeesport,mckeesport,20.75,21.41,FALSE,impl-conf,->implicit_confirm$query.departure_place->request$query.arrival_place,[],{u'query.departure_place': u'EIGHTH AVE'},{u'to.neighborhood': u'mckeesport'},1,1,0,0,0,0,0,0,<neighborhood>,1,0,1,0,0,0,0,1,0,0,0
20090921_034,003.raw,next bus,next bus,24.536,25.416,FALSE,impl-conf,->implicit_confirm$query.arrival_place->request$query.travel_time,[],{u'query.arrival_place': u'MCKEESPORT'},{},1,2,0,0,0,0,0,0,next bus,0,1,1,0,0,0,1,1,0,0,0
20090921_034,004.raw,ridge at arch,previous bus,40.882,41.572,FALSE,impl-conf,->implicit_confirm$query.travel_time.time->inform$looking_up_database_first->inform$result,[],"{u'query.travel_time.time': u'The next bus', u'result': u'61C'}",{},1,3,0,0,0,0,0,0,ridge at arch,3,1,1,0,1,0,1,1,0,1,0
20090921_035,002.raw,correct,correct,20.863,21.463,FALSE,ack,->inform$confirm_okay->explicit_confirm$query.departure_place,[],{u'query.departure_place': u'MCKEESPORT'},{},1,2,0,0,0,0,0,0,correct,1,0,1,0,0,0,0,1,0,0,0
20090921_035,005.raw,when is the next bus,when is the next bus,56.669,57.769,FALSE,impl-conf,->implicit_confirm$query.travel_time.time->inform$looking_up_database_first->inform$result->request$next_query,[],"{u'query.travel_time.time': u'The next bus', u'result': u'61C'}",{},1,4,0,0,0,0,0,0,when is the next bus,3,0,1,0,1,0,0,1,0,1,0
20090921_035,006.raw,when is the next bus,when is the next bus,78.197,79.297,FALSE,hold-on,->inform$looking_up_database_subsequent->inform$result->request$next_query,[],{u'result': u'61C'},{},1,5,0,0,0,0,0,0,when is the next bus,3,0,1,0,2,0,0,1,0,2,0
20090922_001,002.raw,fourth yes,forbes avenue,21.364,22.074,FALSE,impl-conf,->implicit_confirm$query.departure_place->request$query.arrival_place,[],{u'query.departure_place': u'OAKLAND'},{},0,0,0,0,0,0,0,0,<place> yes,1,0,1,0,0,0,0,1,0,0,0
20090922_001,003.raw,forward avenue,forward avenue,25.14,26,FALSE,request,->request$query.arrival_place,[],{},{},0,0,0,0,0,0,0,0,<place> avenue,0,1,1,0,0,0,1,1,0,0,0
20090922_001,004.raw,next bus,next bus,31.038,31.568,FALSE,impl-conf,->implicit_confirm$query.arrival_place->request$query.travel_time,[],{u'query.arrival_place': u'FORWARD AVENUE'},{},0,0,0,0,0,0,0,0,next bus,0,2,1,0,0,0,2,1,0,0,0
20090922_010,002.raw,yes,yes,17.588,17.868,FALSE,expl-conf,->explicit_confirm$query.departure_place,[],{u'query.departure_place': u'CMU'},{},1,2,0,0,0,0,0,0,yes,1,0,1,0,0,0,0,1,0,0,0
20090922_010,005.raw,yes,yes,25.804,26.124,FALSE,expl-conf,->explicit_confirm$query.arrival_place,[],{u'query.arrival_place': u'THE AIRPORT'},{},1,5,0,0,0,0,0,0,yes,0,1,1,0,0,0,1,1,0,0,0
20090922_012,001.raw,yes,yes,17.161,17.621,FALSE,expl-conf,->explicit_confirm$query.departure_place,[],{u'query.departure_place': u'CMU'},{},0,0,0,0,0,0,0,0,yes,1,0,1,0,0,0,0,1,0,0,0
20090922_012,002.raw,me airport,the airport,20.603,21.353,FALSE,ack,->inform$confirm_okay->request$query.arrival_place,[],{},{u'to.monument': u'the airport'},0,0,0,0,0,0,0,0,me <place>,0,1,1,0,0,0,1,1,0,0,0
20090922_012,003.raw,yes,yes,25.235,25.705,FALSE,expl-conf,->explicit_confirm$query.arrival_place,[],{u'query.arrival_place': u'AIRPORT'},{},1,1,0,0,0,0,0,0,yes,0,2,1,0,0,0,2,1,0,0,0
20090922_013,003.raw,yes,yes,19.194,20.484,FALSE,expl-conf,->explicit_confirm$query.departure_place,[],{u'query.departure_place': u'AIRPORT'},{},1,2,0,0,0,0,0,0,yes,1,0,1,0,0,0,0,1,0,0,0
20090922_013,004.raw,cmu,cmu,23.964,24.514,FALSE,ack,->inform$confirm_okay->request$query.arrival_place,[],{},{u'to.monument': u'cmu'},0,2,0,0,0,0,0,0,<place>,0,1,1,0,0,0,1,1,0,0,0
20090922_013,005.raw,next bus,next bus,28.208,28.848,FALSE,impl-conf,->implicit_confirm$query.arrival_place->request$query.travel_time,[],{u'query.arrival_place': u'CMU'},{},1,3,0,0,0,0,0,0,next bus,0,2,1,0,0,0,2,1,0,0,0
20090922_014,002.raw,no,no,17.154,17.514,FALSE,expl-conf,->explicit_confirm$query.departure_place,[],{u'query.departure_place': u'AIRPORT'},{},1,2,0,0,0,0,0,0,no,1,0,1,0,0,0,0,1,0,0,0
20090922_016,002.raw,yes,yes,19.015,19.545,FALSE,expl-conf,->explicit_confirm$query.departure_place,[],{u'query.departure_place': u'CMU'},{},1,1,0,0,0,0,0,0,yes,1,0,1,0,0,0,0,1,0,0,0
20090922_017,001.raw,no,no,15.625,15.945,FALSE,expl-conf,->explicit_confirm$query.departure_place,[],{u'query.departure_place': u'OAKLAND'},{},1,1,0,0,0,0,0,0,no,1,0,1,0,0,0,0,1,0,0,0
20090922_017,002.raw,yes,yes,20.179,20.589,FALSE,expl-conf,->explicit_confirm$query.departure_place,[],{u'query.departure_place': u'CMU'},{},1,2,0,0,0,0,0,0,yes,1,0,2,0,0,0,0,2,0,0,0
20090922_017,005.raw,no,no,33.353,33.883,FALSE,request,->request$query.travel_time,[],{},{},0,3,0,0,0,0,0,0,no,2,0,2,1,0,0,0,2,1,0,0
20090922_017,006.raw,next bus,next bus,37.257,38.077,FALSE,request,->request$query.travel_time,[],{},{},0,3,0,0,0,0,0,0,next bus,2,0,2,2,0,0,0,2,2,0,0
20090922_021,001.raw,yes,yes,16.851,17.231,FALSE,expl-conf,->explicit_confirm$query.departure_place,[],{u'query.departure_place': u'CMU'},{},0,0,0,0,0,0,0,0,yes,1,0,1,0,0,0,0,1,0,0,0
20090922_021,004.raw,yes,yes,35.809,36.349,FALSE,expl-conf,->explicit_confirm$query.arrival_place,[],{u'query.arrival_place': u'THE AIRPORT'},{},1,1,0,0,0,0,0,1,yes,0,1,1,0,0,0,1,1,0,0,0
20090922_021,006.raw,yes,yes,49.565,49.975,FALSE,expl-conf,->explicit_confirm$query.departure_place,[],{u'query.departure_place': u'CMU'},{},0,1,0,0,0,0,0,1,yes,1,1,2,0,0,0,1,2,0,0,0
20090922_021,007.raw,oakland 11e airport,id like to go to the airport,53.385,54.675,FALSE,ack,->inform$confirm_okay->request$query.arrival_place,[],{},{},0,1,0,0,0,0,0,1,<place> <uncovered_route> <place>,0,2,2,0,0,0,2,2,0,0,0
20090922_021,008.raw,no,no,58.731,59.101,FALSE,expl-conf,->explicit_confirm$query.arrival_place,[],{u'query.arrival_place': u'OAKLAND'},{},1,2,0,0,0,0,0,1,no,0,3,2,0,0,0,3,2,0,0,0
20090922_021,009.raw,yes,yes,62.045,62.435,FALSE,expl-conf,->explicit_confirm$query.arrival_place,[],{u'query.arrival_place': u'AIRPORT'},{},1,3,0,0,0,0,0,1,yes,0,4,2,0,0,0,4,2,0,0,0
20090922_021,011.raw,yes,yes,69.537,69.947,FALSE,impl-conf,->implicit_confirm$query.travel_time.time->inform$looking_up_database_first,[],{u'query.travel_time.time': u'The next bus'},{},1,4,0,0,0,0,0,1,yes,2,4,2,1,0,0,4,2,1,0,0
20090922_022,001.raw,yes,yes,15.946,16.316,FALSE,expl-conf,->explicit_confirm$query.departure_place,[],{u'query.departure_place': u'CMU'},{},1,1,0,0,0,0,0,0,yes,1,0,1,0,0,0,0,1,0,0,0
20090922_023,001.raw,yes,yes,16.858,17.198,FALSE,expl-conf,->explicit_confirm$query.departure_place,[],{u'query.departure_place': u'CMU'},{},0,0,0,0,0,0,0,0,yes,1,0,1,0,0,0,0,1,0,0,0
20090922_024,001.raw,yes,yes,16.349,16.689,FALSE,expl-conf,->explicit_confirm$query.departure_place,[],{u'query.departure_place': u'CMU'},{},0,0,0,0,0,0,0,0,yes,1,0,1,0,0,0,0,1,0,0,0
20090922_025,002.raw,yes,yes,19.411,19.801,FALSE,expl-conf,->explicit_confirm$query.departure_place,[],{u'query.departure_place': u'CMU'},{},1,1,0,0,0,0,0,0,yes,1,0,1,0,0,0,0,1,0,0,0
20090922_026,001.raw,yes,yes,16.285,16.785,FALSE,expl-conf,->explicit_confirm$query.departure_place,[],{u'query.departure_place': u'CMU'},{},0,0,0,0,0,0,0,0,yes,1,0,1,0,0,0,0,1,0,0,0
20090922_030,005.raw,s onto the zoo from cmu to the airport,i want a bus from cmu to the airport,31.969,34.949,FALSE,expl-conf,->explicit_confirm$query.departure_place,[],{u'query.departure_place': u'AIRPORT'},{},0,0,0,0,0,0,0,0,s onto the <place> from <place> to the <place>,1,0,1,0,0,0,0,1,0,0,0
20090922_030,006.raw,yes,yes,38.941,39.831,FALSE,expl-conf,->explicit_confirm$query.departure_place,[],{u'query.departure_place': u'CMU'},{},1,1,0,0,0,0,0,0,yes,1,0,2,0,0,0,0,2,0,0,0
20090922_030,009.raw,yes,yes,48.683,49.193,FALSE,expl-conf,->explicit_confirm$query.arrival_place,[],{u'query.arrival_place': u'THE AIRPORT'},{},1,4,0,0,0,0,0,0,yes,0,1,2,0,0,0,1,2,0,0,0
20090922_030,012.raw,next bus correct,next bus,73.087,78.827,FALSE,impl-conf,->implicit_confirm$query.travel_time.time->inform$looking_up_database_first->inform$result->request$next_query,[],"{u'query.travel_time.time': u'The next bus', u'result': u'28X'}",{},1,5,0,0,0,0,0,0,next bus correct,3,1,2,0,1,0,1,2,0,1,0
20090922_032,001.raw,yes,yes,16.173,16.713,FALSE,expl-conf,->explicit_confirm$query.departure_place,[],{u'query.departure_place': u'CMU'},{},1,1,0,0,0,0,0,0,yes,1,0,1,0,0,0,0,1,0,0,0
20090922_034,001.raw,yes,yes,14.583,15.253,FALSE,expl-conf,->explicit_confirm$query.departure_place,[],{u'query.departure_place': u'CMU'},{},1,1,0,0,0,0,0,0,yes,1,0,1,0,0,0,0,1,0,0,0
20090922_034,002.raw,yes,yes,17.673,18.173,FALSE,expl-conf,->explicit_confirm$query.departure_place,[],{u'query.departure_place': u'CMU'},{},1,2,0,0,0,0,0,0,yes,1,0,2,0,0,0,0,2,0,0,0
20090922_036,007.raw,yes,yes,34.999,35.519,FALSE,expl-conf,->explicit_confirm$query.departure_place,[],{u'query.departure_place': u'CMU'},{},1,3,0,0,0,0,0,0,yes,1,0,1,0,0,0,0,1,0,0,0
20090922_036,008.raw,the airport,the airport,39.007,39.687,FALSE,ack,->inform$confirm_okay->request$query.arrival_place,[],{},{u'to.monument': u'the airport'},0,3,0,0,0,0,0,0,the <place>,0,1,1,0,0,0,1,1,0,0,0
20090922_036,010.raw,right now,right now,44.423,44.923,FALSE,impl-conf,->implicit_confirm$query.arrival_place->request$query.travel_time,[],{u'query.arrival_place': u'THE AIRPORT'},{u'time.rel': u'next'},0,3,0,0,0,0,0,0,right now,0,2,1,0,0,0,2,1,0,0,0
20090922_038,001.raw,yes,yes,14.448,14.768,FALSE,expl-conf,->explicit_confirm$query.travel_time.time,[],{u'query.travel_time.time': u'the next bus'},{},1,1,0,0,0,0,0,0,yes,2,0,0,1,0,0,0,0,1,0,0
20090922_038,002.raw,cmu,cmu,18.35,19.01,FALSE,ack,->inform$confirm_okay->request$query.departure_place,[],{},{u'from.monument': u'cmu'},0,1,0,0,0,0,0,0,<place>,1,0,1,1,0,0,0,1,1,0,0
20090922_038,003.raw,squirrel hill,squirrel hill,23.79,24.42,FALSE,impl-conf,->implicit_confirm$query.departure_place->request$query.arrival_place,[],{u'query.departure_place': u'CMU'},{u'to.neighborhood': u'squirrel hill'},0,1,0,0,0,0,0,0,<neighborhood>,1,0,2,1,0,0,0,2,1,0,0
20090922_038,004.raw,yes,yes,28.528,28.928,FALSE,expl-conf,->explicit_confirm$query.arrival_place,[],{u'query.arrival_place': u'SQUIRREL HILL'},{},1,2,0,0,0,0,0,0,yes,0,1,2,1,0,0,1,2,1,0,0
20090922_038,005.raw,next bus,next bus,51.13,51.94,FALSE,ack,->inform$confirm_okay->inform$looking_up_database_first->inform$result->request$next_query,[],{u'result': u'61B'},{},1,3,0,0,0,0,0,0,next bus,3,1,2,1,1,0,1,2,1,1,0
20090922_040,001.raw,yes,yes,9.448,9.728,FALSE,expl-conf,->explicit_confirm$query.travel_time.time,[],{u'query.travel_time.time': u'the next bus'},{},0,1,0,0,0,0,0,0,yes,2,0,0,1,0,0,0,0,1,0,0
20090922_040,002.raw,to cmu,to cmu,13.512,14.122,FALSE,ack,->inform$confirm_okay->request$query.departure_place,[],{},{},0,1,0,0,0,0,0,0,to <place>,1,0,1,1,0,0,0,1,1,0,0
20090922_040,003.raw,cmu,cmu,16.96,17.7,FALSE,example,->request$query.departure_place,[],{},{u'from.monument': u'cmu'},1,2,0,0,0,0,0,0,<place>,1,0,2,1,0,0,0,2,1,0,0
20090922_040,004.raw,yes,yes,22.194,23.064,FALSE,expl-conf,->explicit_confirm$query.departure_place,[],{u'query.departure_place': u'CMU'},{},1,3,0,0,0,0,0,0,yes,1,0,3,1,0,0,0,3,1,0,0
20090922_040,005.raw,squirrel hill,squirrel hill,26.544,27.214,FALSE,ack,->inform$confirm_okay->request$query.arrival_place,[],{},{u'to.neighborhood': u'squirrel hill'},0,3,0,0,0,0,0,0,<neighborhood>,0,1,3,1,0,0,1,3,1,0,0
20090922_040,006.raw,yes,yes,31.242,31.502,FALSE,expl-conf,->explicit_confirm$query.arrival_place,[],{u'query.arrival_place': u'SQUIRREL HILL'},{},1,4,0,0,0,0,0,0,yes,0,2,3,1,0,0,2,3,1,0,0
20090922_040,007.raw,penn,penn,43.082,43.342,FALSE,ack,->inform$confirm_okay->inform$looking_up_database_first->inform$result,[],{u'result': u'69A'},{u'to.desc': u'penn'},1,5,0,0,0,0,0,0,<place>,3,2,3,1,1,0,2,3,1,1,0
20090922_044,004.raw,downtown,downtown,24.532,25.272,FALSE,ack,->inform$confirm_okay->request$query.departure_place,[],{},{u'from.neighborhood': u'downtown'},0,2,0,1,0,0,0,0,<neighborhood>,1,0,1,0,0,0,0,1,0,0,0
20090922_044,005.raw,yes,yes,29.48,29.77,FALSE,expl-conf,->explicit_confirm$query.departure_place,[],{u'query.departure_place': u'DOWNTOWN'},{},0,2,0,1,0,0,0,0,yes,1,0,2,0,0,0,0,2,0,0,0
20090922_044,006.raw,mckeesport,mckeesport,33.064,33.854,FALSE,ack,->inform$confirm_okay->request$query.arrival_place,[],{},{u'to.neighborhood': u'mckeesport'},0,2,0,1,0,0,0,0,<neighborhood>,0,1,2,0,0,0,1,2,0,0,0
20090922_044,007.raw,eight o'clock,eight o'clock,40.458,40.998,FALSE,impl-conf,->implicit_confirm$query.arrival_place->request$query.travel_time,[],{u'query.arrival_place': u'MCKEESPORT'},{u'time.hour': 8},0,2,0,1,0,0,0,0,<time> o'clock,0,2,2,0,0,0,2,2,0,0,0
20090922_044,008.raw,when is the previous bus,when is the previous bus,67.146,68.546,FALSE,impl-conf,->implicit_confirm$query.travel_time.time->inform$looking_up_database_first->inform$result->request$next_query,[],"{u'query.travel_time.time': u'Leaving at 8 p.m.', u'result': u'61C'}",{},1,3,0,1,0,0,0,0,when is the previous bus,3,2,2,0,1,0,2,2,0,1,0
20090922_048,007.raw,yes,yes,39.636,40.056,FALSE,expl-conf,->explicit_confirm$query.travel_time.time,[],{u'query.travel_time.time': u'the next bus'},{},0,1,0,0,0,0,0,0,yes,2,0,0,1,0,0,0,0,1,0,0
20090922_048,009.raw,downtown,downtown,43.874,44.994,FALSE,ack,->inform$confirm_okay->request$query.departure_place,[],{},{u'from.neighborhood': u'downtown'},0,1,0,0,0,0,0,0,<neighborhood>,1,0,1,1,0,0,0,1,1,0,0
20090922_048,011.raw,yes,yes,49.102,49.462,FALSE,expl-conf,->explicit_confirm$query.departure_place,[],{u'query.departure_place': u'DOWNTOWN'},{},0,1,0,0,0,0,0,0,yes,1,0,2,1,0,0,0,2,1,0,0
20090922_048,012.raw,rankin,rankin,54.658,55.318,FALSE,ack,->inform$confirm_okay->request$query.arrival_place,[],{},{u'to.neighborhood': u'rankin'},0,1,0,0,0,0,0,0,<place>,0,1,2,1,0,0,1,2,1,0,0
20090922_051,002.raw,yes,yes,20.262,20.612,FALSE,expl-conf,->explicit_confirm$query.departure_place,[],{u'query.departure_place': u'HOMESTEAD'},{},0,0,0,0,0,0,0,0,yes,1,0,1,0,0,0,0,1,0,0,0
20090922_051,003.raw,duquesne,duquesne,24.914,25.584,FALSE,ack,->inform$confirm_okay->request$query.arrival_place,[],{},{u'to.neighborhood': u'duquesne'},0,0,0,0,0,0,0,0,<neighborhood>,0,1,1,0,0,0,1,1,0,0,0
20090922_051,004.raw,next one,next bus,30.054,30.614,FALSE,impl-conf,->implicit_confirm$query.arrival_place->request$query.travel_time,[],{u'query.arrival_place': u'DUQUESNE'},{},0,0,0,0,0,0,0,0,next <time>,0,2,1,0,0,0,2,1,0,0,0
20090922_052,003.raw,reserve,no,17.864,18.174,FALSE,expl-conf,->explicit_confirm$query.departure_place,[],{u'query.departure_place': u'WOOD'},{},1,2,0,0,0,0,0,0,<uncovered_place>,1,0,1,0,0,0,0,1,0,0,0
20090922_052,004.raw,main,start over,20.916,21.216,FALSE,expl-conf,->explicit_confirm$query.departure_place,[],{u'query.departure_place': u'WOOD'},{},0,2,0,0,0,0,0,0,<place>,1,0,2,0,0,0,0,2,0,0,0
20090922_052,005.raw,no,no,23.62,24.05,FALSE,expl-conf,->explicit_confirm$query.departure_place,[],{u'query.departure_place': u'MAIN'},{},1,3,0,0,0,0,0,0,no,1,0,3,0,0,0,0,3,0,0,0
20090922_052,009.raw,the junction,the junction,41.382,42.042,FALSE,impl-conf,->implicit_confirm$query.departure_place->request$query.arrival_place,[],{u'query.departure_place': u'EIGHTEENTH'},{u'to.desc': u'the junction'},0,4,0,0,0,0,0,0,the <place>,1,0,4,0,0,0,0,4,0,0,0
20090922_052,010.raw,next bus,next bus,46.72,47.51,FALSE,impl-conf,->implicit_confirm$query.arrival_place->request$query.travel_time,[],{u'query.arrival_place': u'THE JUNCTION'},{},0,4,0,0,0,0,0,0,next bus,0,1,4,0,0,0,1,4,0,0,0
20090922_054,002.raw,forbes at craft,forbes at craft,29.667,30.707,FALSE,ack,->inform$confirm_okay->request$query.departure_place,[],{},{u'from.desc': u'forbes at craft'},0,0,0,0,0,0,0,0,<place>,1,0,1,0,0,0,0,1,0,0,0
20090922_054,003.raw,yes,yes,35.137,35.407,FALSE,expl-conf,->explicit_confirm$query.departure_place,[],{u'query.departure_place': u'FORBES AT CRAFT'},{},1,1,0,0,0,0,0,0,yes,1,0,2,0,0,0,0,2,0,0,0
20090922_054,004.raw,rebecca at coal,rebecca at coal,38.691,39.571,FALSE,ack,->inform$confirm_okay->request$query.arrival_place,[],{},{u'to.desc': u'rebecca at coal'},0,1,0,0,0,0,0,0,<place> at <place>,0,1,2,0,0,0,1,2,0,0,0
20090922_054,005.raw,yes,yes,43.817,44.047,FALSE,expl-conf,->explicit_confirm$query.arrival_place,[],{u'query.arrival_place': u'REBECCA AT COAL'},{},0,1,0,0,0,0,0,0,yes,0,2,2,0,0,0,2,2,0,0,0
20090922_054,007.raw,previous bus,previous bus,71.577,72.357,FALSE,impl-conf,->implicit_confirm$query.travel_time.time->inform$looking_up_database_first->inform$result->request$next_query,[],"{u'query.travel_time.time': u'The next bus', u'result': u'61A'}",{},1,2,0,0,0,0,0,0,previous bus,3,2,2,0,1,0,2,2,0,1,0
20090922_058,002.raw,south side,south side,18.265,18.745,FALSE,ack,->inform$confirm_okay->request$query.departure_place,[],{},{u'from.neighborhood': u'south side'},0,0,0,0,0,0,0,0,<place> side,1,0,1,0,0,0,0,1,0,0,0
20090922_058,003.raw,oakland,oakland,23.331,23.781,FALSE,impl-conf,->implicit_confirm$query.departure_place->request$query.arrival_place,[],{u'query.departure_place': u'SOUTH SIDE'},{u'to.neighborhood': u'oakland'},0,0,0,0,0,0,0,0,<place>,1,0,2,0,0,0,0,2,0,0,0
20090922_058,004.raw,the next bus,the next bus,28.037,28.737,FALSE,impl-conf,->implicit_confirm$query.arrival_place->request$query.travel_time,[],{u'query.arrival_place': u'OAKLAND'},{},0,0,0,0,0,0,0,0,the next bus,0,1,2,0,0,0,1,2,0,0,0
20090922_061,003.raw,south hills junction,south hills junction,24.757,26.117,FALSE,expl-conf,->explicit_confirm$query.departure_place,[],{u'query.departure_place': u'SHADYSIDE'},{u'from.desc': u'south hills junction'},0,1,0,0,0,0,0,0,<place>,1,0,1,0,0,0,0,1,0,0,0
20090922_061,005.raw,junction,junction,31.253,31.773,FALSE,expl-conf,->explicit_confirm$query.departure_place,[],{u'query.departure_place': u'SOUTH'},{u'from.desc': u'junction'},1,2,0,0,0,0,0,0,<place>,1,0,2,0,0,0,0,2,0,0,0
20090922_061,006.raw,west penn hospital,west penn hospital,36.663,37.733,FALSE,impl-conf,->implicit_confirm$query.departure_place->request$query.arrival_place,[],{u'query.departure_place': u'JUNCTION'},{u'to.monument': u'west penn hospital'},0,2,0,0,0,0,0,0,<place> hospital,1,0,3,0,0,0,0,3,0,0,0
20090922_061,007.raw,yes,yes,41.399,41.799,FALSE,expl-conf,->explicit_confirm$query.arrival_place,[],{u'query.arrival_place': u'WEST PENN HOSPITAL'},{},1,3,0,0,0,0,0,0,yes,0,1,3,0,0,0,1,3,0,0,0
20090922_062,008.raw,now,now,38.997,39.537,FALSE,impl-conf,->implicit_confirm$query.departure_place->explicit_confirm$uncovered_route,[u'uncovered_route'],"{u'query.departure_place': u'BIGELOW', u'uncovered_route': u'AV'}",{u'time.rel': u'next'},0,3,0,0,0,0,0,0,now,1,0,1,0,0,0,0,1,0,0,0
20090922_063,001.raw,bell in wall 28f town nine pine from downtown going u oakland,going to town no going from downtown to oakland,15.926,21.446,FALSE,expl-conf,->explicit_confirm$query.departure_place,[],{u'query.departure_place': u'BRIGHTON'},{},0,0,0,0,0,0,0,0,<place> in <uncovered_place> <uncovered_route> town <time> <uncovered_place> from <neighborhood> going u <place>,1,0,1,0,0,0,0,1,0,0,0
20090922_063,002.raw,no,no,25.876,26.286,FALSE,expl-conf,->explicit_confirm$query.departure_place,[],{u'query.departure_place': u'BRIGHTON'},{},0,0,0,0,0,0,0,0,no,1,0,2,0,0,0,0,2,0,0,0
20090922_063,003.raw,no,no,29.764,30.304,FALSE,expl-conf,->explicit_confirm$query.departure_place,[],{u'query.departure_place': u'OAKLAND'},{},0,0,0,0,0,0,0,0,no,1,0,3,0,0,0,0,3,0,0,0
20090922_063,004.raw,yes,yes,33.192,33.742,FALSE,expl-conf,->explicit_confirm$query.departure_place,[],{u'query.departure_place': u'DOWNTOWN'},{},1,1,0,0,0,0,0,0,yes,1,0,4,0,0,0,0,4,0,0,0
20090922_063,007.raw,no,no,46.494,46.704,FALSE,expl-conf,->explicit_confirm$query.travel_time.time,[],{u'query.travel_time.time': u'Leaving at 9 a.m.'},{},1,2,0,0,0,0,0,0,no,2,0,4,1,0,0,0,4,1,0,0
20090922_063,008.raw,oakland,oakland,49.024,49.744,FALSE,request,->request$query.arrival_place,[],{},{u'to.neighborhood': u'oakland'},0,2,0,0,0,0,0,0,<place>,0,1,4,1,0,0,1,4,1,0,0
20090922_063,009.raw,yes,yes,52.436,52.866,FALSE,impl-conf,->implicit_confirm$query.arrival_place->request$query.travel_time,[],{u'query.arrival_place': u'OAKLAND'},{},1,3,0,0,0,0,0,0,yes,0,2,4,1,0,0,2,4,1,0,0
20090922_063,010.raw,five two o'clock,two oclock,58.22,60.23,FALSE,request,->request$query.travel_time,[],{},{u'time.hour': 2},0,3,0,0,0,0,0,0,<time> <time> o'clock,2,2,4,2,0,0,2,4,2,0,0
20090922_063,011.raw,no,no,63.134,63.704,FALSE,expl-conf,->explicit_confirm$query.travel_time.time,[],{u'query.travel_time.time': u'Leaving at 2 a.m.'},{},1,4,0,0,0,0,0,0,no,2,2,4,3,0,0,2,4,3,0,0
20090922_063,012.raw,the p m,two pm,66.762,67.682,FALSE,request,->request$query.travel_time,[],{},"{u'time.hour': 2, u'time.ampm': u'pm'}",0,4,0,0,0,0,0,0,the p m,2,2,4,4,0,0,2,4,4,0,0
20090922_063,013.raw,eight p m,two pm,72.804,73.654,FALSE,request,->request$exact_travel_time,[],{},"{u'time.hour': 2, u'time.ampm': u'pm'}",0,4,0,0,0,0,0,0,<time>,2,2,4,5,0,0,2,4,5,0,0
20090922_063,014.raw,when is the previous bus,when is the previous bus,98.59,100.32,FALSE,impl-conf,->implicit_confirm$query.travel_time.time->inform$looking_up_database_first->inform$result->request$next_query,[],"{u'query.travel_time.time': u'Leaving at 8 p.m.', u'result': u'61D'}",{},1,5,0,0,0,0,0,0,when is the previous bus,3,2,4,5,1,0,2,4,5,1,0
20090923_005,002.raw,murray avenue and lilac street,murray avenue and lilac street,21.138,23.748,FALSE,ack,->inform$confirm_okay->request$query.departure_place,[],{},{u'from.desc': u'murray avenue and lilac street'},0,0,0,0,0,0,0,0,<place>,1,0,1,0,0,0,0,1,0,0,0
20090923_005,003.raw,yes,yes,29.118,29.498,FALSE,expl-conf,->explicit_confirm$query.departure_place,[],{u'query.departure_place': u'MURRAY AVENUE AND LILAC STREET'},{},0,0,0,0,0,0,0,0,yes,1,0,2,0,0,0,0,2,0,0,0
20090923_005,004.raw,homestead,homestead,33.46,34.1,FALSE,ack,->inform$confirm_okay->request$query.arrival_place,[],{},{u'to.neighborhood': u'homestead'},0,0,0,0,0,0,0,0,<neighborhood>,0,1,2,0,0,0,1,2,0,0,0
20090923_005,005.raw,five forty five a m,five forty five a m,39.95,42.25,FALSE,impl-conf,->implicit_confirm$query.arrival_place->request$query.travel_time,[],{u'query.arrival_place': u'HOMESTEAD'},{},0,0,0,0,0,0,0,0,<time> forty <time>,0,2,2,0,0,0,2,2,0,0,0
20090923_005,006.raw,when is the next bus,when is the next bus,65.682,66.912,FALSE,impl-conf,->implicit_confirm$query.travel_time.time->inform$looking_up_database_first->inform$result->request$next_query,[],"{u'query.travel_time.time': u'Leaving at 5 45 a.m.', u'result': u'61C'}",{},1,1,0,0,0,0,0,0,when is the next bus,3,2,2,0,1,0,2,2,0,1,0
20090923_009,001.raw,yes,yes,17.591,17.861,FALSE,expl-conf,->explicit_confirm$query.departure_place,[],{u'query.departure_place': u'BEACON STREET'},{},0,0,0,0,0,0,0,0,yes,1,0,1,0,0,0,0,1,0,0,0
20090923_009,003.raw,yes,yes,28.781,29.041,FALSE,ack,->inform$confirm_okay->explicit_confirm$query.travel_time.time,[],{u'query.travel_time.time': u'the next bus'},{},0,1,0,0,0,0,0,0,yes,2,0,1,1,0,0,0,1,1,0,0
20090923_016,002.raw,yes,yes,18.229,18.449,FALSE,expl-conf,->explicit_confirm$query.departure_place,[],{u'query.departure_place': u'SHADYSIDE'},{},0,1,0,0,0,0,0,0,yes,1,0,1,0,0,0,0,1,0,0,0
20090923_016,003.raw,waterfront,waterfront,22.571,23.401,FALSE,ack,->inform$confirm_okay->request$query.arrival_place,[],{},{u'to.desc': u'waterfront'},0,1,0,0,0,0,0,0,<place>,0,1,1,0,0,0,1,1,0,0,0
20090923_016,004.raw,yes,yes,27.583,27.783,FALSE,expl-conf,->explicit_confirm$query.arrival_place,[],{u'query.arrival_place': u'WATERFRONT'},{},0,1,0,0,0,0,0,0,yes,0,2,1,0,0,0,2,1,0,0,0
20090923_016,006.raw,when is the previous bus,when is the previous bus,58.037,59.257,FALSE,impl-conf,->implicit_confirm$query.travel_time.time->inform$looking_up_database_first->inform$result->request$next_query,[],"{u'query.travel_time.time': u'The next bus', u'result': u'64A'}",{},1,2,0,0,0,0,0,0,when is the previous bus,3,2,1,0,1,0,2,1,0,1,0
20090923_017,003.raw,no,no,31.617,32.047,FALSE,expl-conf,->explicit_confirm$query.departure_place,[],{u'query.departure_place': u'THIRTEENTH AT BELL'},{},1,1,0,0,0,0,0,0,no,1,0,1,0,0,0,0,1,0,0,0
20090923_017,004.raw,airport,airport,35.531,36.141,FALSE,request,->request$query.departure_place,[],{},{u'from.monument': u'airport'},0,1,0,0,0,0,0,0,<place>,1,0,2,0,0,0,0,2,0,0,0
20090923_017,005.raw,carnegie mellon,carnegie mellon,41.079,41.929,FALSE,impl-conf,->implicit_confirm$query.departure_place->request$query.arrival_place,[],{u'query.departure_place': u'AIRPORT'},{u'to.desc': u'carnegie mellon'},0,1,0,0,0,0,0,0,<place>,1,0,3,0,0,0,0,3,0,0,0
20090923_017,006.raw,thirty sixth at penn twenty fourth,thursday september twenty fourth,47.991,50.341,FALSE,impl-conf,->implicit_confirm$query.arrival_place->request$query.travel_time,[],{u'query.arrival_place': u'CARNEGIE MELLON'},{u'date.day': u'thursday'},0,1,0,0,0,0,0,0,thirty <place> at <place> <place>,0,1,3,0,0,0,1,3,0,0,0
20090923_017,007.raw,three thirty p m,three thirty p m,55.113,56.503,FALSE,request,->request$query.travel_time,[],{},{},0,1,0,0,0,0,0,0,<time> thirty p m,2,1,3,1,0,0,1,3,1,0,0
20090923_017,008.raw,goodbye,goodbye,92.195,92.585,FALSE,impl-conf,->implicit_confirm$query.travel_time.time->inform$looking_up_database_first->inform$result->request$next_query,[],"{u'query.travel_time.time': u'Leaving at 3 30 p.m.', u'result': u'28X'}",{},0,1,0,0,0,0,0,0,goodbye,3,1,3,1,1,0,1,3,1,1,0
20090923_019,003.raw,homestead,homestead,18.968,19.588,FALSE,impl-conf,->implicit_confirm$query.departure_place->request$query.arrival_place,[],{u'query.departure_place': u'SOUTH SIDE'},{u'to.neighborhood': u'homestead'},0,2,0,1,0,0,0,0,<neighborhood>,1,0,1,0,0,0,0,1,0,0,0
20090923_019,004.raw,next bus,next bus,24.01,24.68,FALSE,impl-conf,->implicit_confirm$query.arrival_place->request$query.travel_time,[],{u'query.arrival_place': u'HOMESTEAD'},{},0,2,0,1,0,0,0,0,next bus,0,1,1,0,0,0,1,1,0,0,0
20090923_023,007.raw,the strip,the strip,31.726,32.266,FALSE,expl-conf,->explicit_confirm$query.departure_place,[],{u'query.departure_place': u'SEVENTH'},"{u'from.neighborhood': u'the strip', u'to.neighborhood': u'the strip'}",0,3,0,0,0,0,0,0,the <place>,1,0,1,0,0,0,0,1,0,0,0
20090923_023,011.raw,no,no,50.438,51.108,FALSE,expl-conf,->explicit_confirm$query.departure_place,[],{u'query.departure_place': u'STRIP'},{},0,3,0,0,0,0,0,0,no,1,0,2,0,0,0,0,2,0,0,0
20090923_024,001.raw,hello,hello,17.155,17.565,FALSE,expl-conf,->explicit_confirm$query.departure_place,[],{u'query.departure_place': u'CRAIG'},{},0,0,0,0,0,0,0,0,hello,1,0,1,0,0,0,0,1,0,0,0
20090923_024,004.raw,yes,yes,40.333,40.583,FALSE,expl-conf,->explicit_confirm$query.departure_place,[],{u'query.departure_place': u'FORWARD AT MURRAY'},{},0,0,0,1,0,0,0,0,yes,1,0,2,0,0,0,0,2,0,0,0
20090923_024,013.raw,five p m,twelve pm,110.457,111.657,FALSE,request,->request$exact_travel_time,[],{},{u'time.ampm': u'pm'},0,0,0,5,0,0,0,0,<time>,2,0,2,1,0,0,0,2,1,0,0
20090923_024,014.raw,goodbye,goodbye,144.407,144.817,FALSE,impl-conf,->implicit_confirm$query.travel_time.time->inform$looking_up_database_first->inform$result->request$next_query,[],"{u'query.travel_time.time': u'Leaving at 5 p.m.', u'result': u'61C'}",{},0,0,0,5,0,0,0,0,goodbye,3,0,2,1,1,0,0,2,1,1,0
20090923_027,008.raw,sheraden,sheraden,35.772,36.372,FALSE,impl-conf,->implicit_confirm$query.arrival_place,[],{u'query.arrival_place': u'WOOD'},{u'to.neighborhood': u'sheraden'},0,3,0,0,0,0,0,0,<place>,0,1,0,0,0,0,1,0,0,0,0
20090923_027,009.raw,i now,i now,39.514,40.784,FALSE,request,->request$query.travel_time,[],{},{u'time.rel': u'next'},0,3,0,0,0,0,0,0,i now,2,1,0,1,0,0,1,0,1,0,0
20090923_027,010.raw,yes,yes,44.782,45.412,FALSE,expl-conf,->explicit_confirm$query.travel_time.time,[],{u'query.travel_time.time': u'the next bus'},{},0,3,0,0,0,0,0,0,yes,2,1,0,2,0,0,1,0,2,0,0
20090923_029,004.raw,show what,show what,33.118,33.608,FALSE,ack,->inform$confirm_okay->explicit_confirm$query.departure_place,[],{u'query.departure_place': u'NORTH AT SANDUSKY'},{},0,1,0,0,0,0,0,0,show what,1,0,1,0,0,0,0,1,0,0,0
20090923_030,003.raw,no,no,20.635,21.545,FALSE,expl-conf,->explicit_confirm$query.departure_place,[],{u'query.departure_place': u'WEST PENN'},{},1,1,0,0,0,0,0,0,no,1,0,1,0,0,0,0,1,0,0,0
20090923_030,007.raw,no,no,36.891,37.411,FALSE,ack,->inform$confirm_okay->explicit_confirm$query.departure_place,[],{u'query.departure_place': u'DOWNTOWN'},{},0,3,0,0,0,0,0,0,no,1,0,2,0,0,0,0,2,0,0,0
20090923_030,008.raw,west mifflin,west mifflin,39.819,40.679,FALSE,request,->request$query.departure_place,[],{},{u'from.neighborhood': u'west mifflin'},1,4,0,0,0,0,0,0,<place> <place>,1,0,3,0,0,0,0,3,0,0,0
20090923_030,011.raw,yes,yes,68.393,68.633,FALSE,expl-conf,->explicit_confirm$query.departure_place,[],{u'query.departure_place': u'MCKEESPORT'},{},1,6,0,0,0,0,0,0,yes,1,0,4,0,0,0,0,4,0,0,0
20090923_030,012.raw,downtown,downtown,71.973,72.563,FALSE,ack,->inform$confirm_okay->request$query.arrival_place,[],{},{u'to.neighborhood': u'downtown'},0,6,0,0,0,0,0,0,<neighborhood>,0,1,4,0,0,0,1,4,0,0,0
20090923_030,013.raw,now,now,77.771,78.171,FALSE,impl-conf,->implicit_confirm$query.arrival_place->request$query.travel_time,[],{u'query.arrival_place': u'DOWNTOWN'},{u'time.rel': u'next'},0,6,0,0,0,0,0,0,now,0,2,4,0,0,0,2,4,0,0,0
20090923_031,001.raw,yes,yes,18.48,18.76,FALSE,expl-conf,->explicit_confirm$query.travel_time.time,[],{u'query.travel_time.time': u'the next bus'},{},0,0,0,0,0,0,0,0,yes,2,0,0,1,0,0,0,0,1,0,0
20090923_031,002.raw,eight,eight,22.334,22.564,FALSE,ack,->inform$confirm_okay->request$query.departure_place,[],{},{},0,0,0,0,0,0,0,0,<time>,1,0,1,1,0,0,0,1,1,0,0
20090923_031,003.raw,bigelow boulevard,bigelow boulevard,30.364,31.624,FALSE,example,->request$query.departure_place,[],{},{u'from.desc': u'bigelow boulevard'},0,0,0,0,0,0,0,0,<place> boulevard,1,0,2,1,0,0,0,2,1,0,0
20090923_031,004.raw,yes,yes,36.03,36.31,FALSE,expl-conf,->explicit_confirm$query.departure_place,[],{u'query.departure_place': u'BIGELOW BOULEVARD'},{},0,0,0,0,0,0,0,0,yes,1,0,3,1,0,0,0,3,1,0,0
20090923_031,005.raw,squirrel hill,squirrel hill,39.432,40.222,FALSE,ack,->inform$confirm_okay->request$query.arrival_place,[],{},{u'to.neighborhood': u'squirrel hill'},0,0,0,0,0,0,0,0,<neighborhood>,0,1,3,1,0,0,1,3,1,0,0
20090923_032,002.raw,wilkinsburg,wilkinsburg,20.445,21.105,FALSE,impl-conf,->implicit_confirm$query.departure_place->request$query.arrival_place,[],{u'query.departure_place': u'DOWNTOWN'},{u'to.neighborhood': u'wilkinsburg'},0,0,0,0,0,0,0,0,<neighborhood>,1,0,1,0,0,0,0,1,0,0,0
20090923_032,003.raw,eleven o'clock,eleven o'clock,26.159,26.939,FALSE,impl-conf,->implicit_confirm$query.arrival_place->request$query.travel_time,[],{u'query.arrival_place': u'WILKINSBURG'},{u'time.hour': 11},1,1,0,0,0,0,0,0,<time> o'clock,0,1,1,0,0,0,1,1,0,0,0
20090923_033,003.raw,no,no,27.358,27.858,FALSE,expl-conf,->explicit_confirm$query.departure_place,[],{u'query.departure_place': u'NORTH'},{},0,1,0,0,0,0,0,0,no,1,0,1,0,0,0,0,1,0,0,0
20090923_033,004.raw,north oakland,north oakland,33.886,35.046,FALSE,request,->request$query.departure_place,[],{},{},0,1,0,0,0,0,0,0,<place> <place>,1,0,2,0,0,0,0,2,0,0,0
20090923_033,005.raw,yes,yes,39.242,39.682,FALSE,expl-conf,->explicit_confirm$query.departure_place,[],{u'query.departure_place': u'OAKLAND'},{},0,1,0,0,0,0,0,0,yes,1,0,3,0,0,0,0,3,0,0,0
20090923_033,006.raw,south side,south side,45.562,46.222,FALSE,ack,->inform$confirm_okay->request$query.arrival_place,[],{},{u'to.neighborhood': u'south side'},0,1,0,0,0,0,0,0,<place> side,0,1,3,0,0,0,1,3,0,0,0
20090923_033,007.raw,five a m,nine,54.732,55.222,FALSE,impl-conf,->implicit_confirm$query.arrival_place->request$exact_travel_time,[],{u'query.arrival_place': u'SOUTH SIDE'},{},0,1,0,0,0,0,0,0,<time>,2,1,3,1,0,0,1,3,1,0,0
20090923_035,002.raw,homestead,homestead,21.621,22.531,FALSE,ack,->inform$confirm_okay->request$query.departure_place,[],{},{u'from.neighborhood': u'homestead'},0,0,0,0,0,0,0,0,<neighborhood>,1,0,1,0,0,0,0,1,0,0,0
20090923_035,003.raw,mckeesport transportation center,mckeesport transportation center,27.631,29.581,FALSE,impl-conf,->implicit_confirm$query.departure_place->request$query.arrival_place,[],{u'query.departure_place': u'HOMESTEAD'},{u'to.desc': u'mckeesport transportation center'},0,0,0,0,0,0,0,0,<neighborhood> <place>,1,0,2,0,0,0,0,2,0,0,0
20090923_035,004.raw,yes,yes,35.317,35.697,FALSE,expl-conf,->explicit_confirm$query.arrival_place,[],{u'query.arrival_place': u'MCKEESPORT TRANSPORTATION CENTER'},{},0,0,0,0,0,0,0,0,yes,0,1,2,0,0,0,1,2,0,0,0
20090923_035,006.raw,when is the next bus,when is the next bus,69.587,70.967,FALSE,impl-conf,->implicit_confirm$query.travel_time.time->inform$looking_up_database_first->inform$result->request$next_query,[],"{u'query.travel_time.time': u'Leaving at 9 p.m.', u'result': u'61C'}",{},1,1,0,0,0,0,0,0,when is the next bus,3,1,2,0,1,0,1,2,0,1,0
20090923_035,007.raw,thank you,thank you,88.905,89.425,FALSE,hold-on,->inform$looking_up_database_subsequent->inform$result->request$next_query,[],{u'result': u'61C'},{},1,2,0,0,0,0,0,0,thank you,3,1,2,0,2,0,1,2,0,2,0
20090923_037,002.raw,squirrel hill,squirrel hill,21.374,22.144,FALSE,impl-conf,->implicit_confirm$query.departure_place->request$query.arrival_place,[],{u'query.departure_place': u'WATERFRONT'},{u'to.neighborhood': u'squirrel hill'},0,0,0,0,0,0,0,0,<neighborhood>,1,0,1,0,0,0,0,1,0,0,0
20090923_037,003.raw,yes,yes,25.822,26.062,FALSE,expl-conf,->explicit_confirm$query.arrival_place,[],{u'query.arrival_place': u'SQUIRREL HILL'},{},1,1,0,0,0,0,0,0,yes,0,1,1,0,0,0,1,1,0,0,0
20090923_043,003.raw,eighteenth,eighteenth,46.173,46.753,FALSE,ack,->inform$confirm_okay->request$query.departure_place,[],{},{u'from.desc': u'eighteenth'},1,3,0,0,0,0,0,0,<place>,1,0,1,0,0,0,0,1,0,0,0
20090923_043,004.raw,the south side from oakland,the south side from oakland,51.041,52.551,FALSE,impl-conf,->implicit_confirm$query.departure_place->request$query.arrival_place,[],{u'query.departure_place': u'EIGHTEENTH'},"{u'to.neighborhood': u'the south side', u'to.desc': u'south'}",0,3,0,0,0,0,0,0,<place> from <place>,1,0,2,0,0,0,0,2,0,0,0
20090923_043,005.raw,yes,yes,55.069,55.369,FALSE,expl-conf,->explicit_confirm$query.arrival_place,[],{u'query.arrival_place': u'THE SOUTH SIDE'},{},1,4,0,0,0,0,0,0,yes,0,1,2,0,0,0,1,2,0,0,0
20090923_043,008.raw,pittsburgh south side,pittsburgh south side,71.783,72.953,FALSE,request,->request$query.travel_time,[],{},{},0,4,0,0,0,0,0,0,<place>sburgh <place> side,2,1,2,1,0,0,1,2,1,0,0
20090923_043,009.raw,twelve o'clock,twelve o'clock,75.809,76.599,FALSE,request,->request$query.travel_time,[],{},{u'time.hour': 12},1,5,0,0,0,0,0,0,<time> o'clock,2,1,2,2,0,0,1,2,2,0,0
20090923_043,010.raw,yes,yes,79.049,79.309,FALSE,impl-conf,->implicit_confirm$query.travel_time.time->inform$looking_up_database_first,[],{u'query.travel_time.time': u'Leaving at 12 a.m.'},{},1,6,0,0,0,0,0,0,yes,2,1,2,3,0,0,1,2,3,0,0
20090923_043,011.raw,yes,yes,81.845,82.125,FALSE,canthelp.from_equals_to,->inform$error,[],{u'error': u'EIGHTEENTH'},{},1,7,0,0,0,0,0,0,yes,4,1,2,3,0,1,1,2,3,0,1
20090923_045,002.raw,pitt leaving downtown,pitt leaving downtown,26.845,27.885,FALSE,expl-conf,->explicit_confirm$query.departure_place,[],{u'query.departure_place': u'ALLEGHENY'},{},0,0,0,0,0,0,0,0,<place> leaving <neighborhood>,1,0,1,0,0,0,0,1,0,0,0
20090923_045,003.raw,yes,yes,32.457,32.797,FALSE,expl-conf,->explicit_confirm$query.departure_place,[],{u'query.departure_place': u'DOWNTOWN'},{},0,0,0,0,0,0,0,0,yes,1,0,2,0,0,0,0,2,0,0,0
20090923_045,005.raw,yes,yes,44.853,45.213,FALSE,expl-conf,->explicit_confirm$query.arrival_place,[],{u'query.arrival_place': u'MAIN STREET'},{},0,0,0,0,0,0,0,0,yes,0,1,2,0,0,0,1,2,0,0,0
20090923_045,007.raw,one o'clock p m,eleven oclock pm,54.143,55.473,FALSE,request,->request$query.travel_time,[],{},"{u'time.hour': 11, u'time.ampm': u'pm'}",0,0,0,0,0,0,0,0,<time> o'clock p m,2,1,2,1,0,0,1,2,1,0,0
20090923_045,008.raw,road eleven t,road eleven t,59.185,60.295,FALSE,impl-conf,->implicit_confirm$query.travel_time.time->inform$looking_up_database_first,[],{u'query.travel_time.time': u'Leaving at 1 p.m.'},{},1,1,0,0,0,0,0,0,road <time> t,2,1,2,2,0,0,1,2,2,0,0
20090923_046,001.raw,magee yes,magee yes,20.52,21.2,FALSE,expl-conf,->explicit_confirm$query.departure_place,[],{u'query.departure_place': u'PITTSBURGH'},{u'from.desc': u'magee'},1,1,0,0,0,0,0,0,<place> yes,1,0,1,0,0,0,0,1,0,0,0
20090923_046,002.raw,the north side,the north side,24.95,25.9,FALSE,ack,->inform$confirm_okay->request$query.arrival_place,[],{},{u'to.neighborhood': u'north side'},0,1,0,0,0,0,0,0,<place>,0,1,1,0,0,0,1,1,0,0,0
20090923_046,003.raw,no,no,27.49,27.75,FALSE,expl-conf,->explicit_confirm$query.arrival_place,[],{u'query.arrival_place': u'THE NORTH SIDE'},{},1,2,0,0,0,0,0,0,no,0,2,1,0,0,0,2,1,0,0,0
20090923_046,005.raw,bellevue,bellevue,56.694,57.224,FALSE,impl-conf,->establish_context$get_query_specs->request$query.arrival_place->request$query.arrival_place,[],{u'get_query_specs': u'PITTSBURGH'},{},0,2,0,1,0,0,0,0,<place>evue,0,3,1,0,0,0,3,1,0,0,0
20090923_046,009.raw,munhall,munhall,87.61,88.04,FALSE,impl-conf,->implicit_confirm$query.arrival_place,[],{u'query.arrival_place': u'COAL'},{u'to.neighborhood': u'munhall'},0,3,0,1,0,0,0,0,<uncovered_place>,0,4,1,0,0,0,4,1,0,0,0
20090923_046,010.raw,airport downtown to bellevue last p m,i wanna take the 500 from downtown to bellevue westview,92.702,94.952,FALSE,request,->request$query.travel_time,[],{},{},0,3,0,1,0,0,0,0,<place> <neighborhood> to <place>evue last p m,2,4,1,1,0,0,4,1,1,0,0
20090923_046,011.raw,now,now,98.964,99.404,FALSE,request,->request$query.travel_time,[],{},{u'time.rel': u'next'},0,3,0,1,0,0,0,0,now,2,4,1,2,0,0,4,1,2,0,0
20090923_046,012.raw,yes,yes,101.898,102.158,FALSE,impl-conf,->implicit_confirm$query.travel_time.time->inform$looking_up_database_first,[],{u'query.travel_time.time': u'The next bus'},{},1,4,0,1,0,0,0,0,yes,2,4,1,3,0,0,4,1,3,0,0
20090923_046,013.raw,start a new query,start a new query,128.574,129.684,FALSE,schedule,->inform$result->request$next_query,[],{u'result': u'71D'},{},0,4,0,1,0,0,0,0,start a new query,3,4,1,3,1,0,4,1,3,1,0
20090923_047,002.raw,yes,yes,26.339,26.639,FALSE,expl-conf,->explicit_confirm$query.departure_place,[],{u'query.departure_place': u'UNIVERSITY OF PITTSBURGH'},{},0,0,0,0,0,0,0,0,yes,1,0,1,0,0,0,0,1,0,0,0
20090923_047,003.raw,mckeesport transportation center,mckeesport transportation center,30.765,32.985,FALSE,ack,->inform$confirm_okay->request$query.arrival_place,[],{},{u'to.desc': u'mckeesport transportation center'},0,0,0,0,0,0,0,0,<neighborhood> <place>,0,1,1,0,0,0,1,1,0,0,0
20090923_047,004.raw,yes,yes,38.307,38.547,FALSE,expl-conf,->explicit_confirm$query.arrival_place,[],{u'query.arrival_place': u'MCKEESPORT TRANSPORTATION CENTER'},{},0,0,0,0,0,0,0,0,yes,0,2,1,0,0,0,2,1,0,0,0
20090923_047,006.raw,the pg,repeat,81.925,82.495,FALSE,impl-conf,->implicit_confirm$query.travel_time.time->inform$looking_up_database_first->inform$result->request$next_query,[],"{u'query.travel_time.time': u'Leaving at 5 30 a.m.', u'result': u'61C'}",{},0,0,0,0,0,0,0,0,the pg,3,2,1,0,1,0,2,1,0,1,0
20090923_047,008.raw,when is the next bus na,when is the next bus na,110.415,120.305,FALSE,hold-on,->inform$looking_up_database_subsequent->inform$result->request$next_query,[],{u'result': u'61C'},{},1,2,0,0,0,0,0,0,when is the next bus na,3,2,1,0,2,0,2,1,0,2,0
20090923_047,010.raw,next bus the,next bus the,120.723,141.363,FALSE,schedule,->inform$result->request$next_query,[],{u'result': u'61C'},{},0,2,0,0,0,0,0,0,next bus the,3,2,1,0,3,0,2,1,0,3,0
20090923_047,011.raw,goodbye,goodbye,141.219,141.759,FALSE,hold-on,->inform$looking_up_database_subsequent->inform$result,[],{u'result': u'61C'},{},0,2,0,0,0,0,0,0,goodbye,3,2,1,0,4,0,2,1,0,4,0
20090923_054,004.raw,atwood pitt,brentwood loop,56.316,56.996,FALSE,request,->request$query.departure_place,[],{},{},0,0,0,0,0,0,0,0,<place> <place>,1,0,1,0,0,0,0,1,0,0,0
20090923_054,005.raw,now,now,61.402,61.822,FALSE,expl-conf,->explicit_confirm$query.departure_place,[],{u'query.departure_place': u'ATWOOD'},{u'time.rel': u'next'},0,0,0,0,0,0,0,0,now,1,0,2,0,0,0,0,2,0,0,0
20090923_054,006.raw,yeah,yeah,69.806,70.046,FALSE,expl-conf,->explicit_confirm$query.departure_place,[],{u'query.departure_place': u'ATWOOD'},{},0,0,0,0,0,0,0,0,yeah,1,0,3,0,0,0,0,3,0,0,0
20090923_054,011.raw,no,no,92.55,93.04,FALSE,expl-conf,->explicit_confirm$query.arrival_place,[],{u'query.arrival_place': u'SOUTH'},{},0,3,0,1,0,0,0,0,no,0,1,3,0,0,0,1,3,0,0,0
20090923_054,014.raw,help,help,108.082,108.502,FALSE,request,->request$query.arrival_place,[],{},{},0,5,0,2,0,0,0,0,help,0,2,3,0,0,0,2,3,0,0,0
20090923_054,015.raw,help,help,119.292,119.732,FALSE,impl-conf,->establish_context$get_query_specs->request$query.arrival_place->request$query.arrival_place->request$query.arrival_place,[],{u'get_query_specs': u'54C'},{},1,6,0,2,0,0,0,0,help,0,3,3,0,0,0,3,3,0,0,0
20090923_062,002.raw,oakland,oakland,21.715,22.215,FALSE,ack,->inform$confirm_okay->request$query.departure_place,[],{},{u'from.neighborhood': u'oakland'},0,0,0,0,0,0,0,0,<place>,1,0,1,0,0,0,0,1,0,0,0
20090923_062,003.raw,south side,south side,26.891,27.561,FALSE,impl-conf,->implicit_confirm$query.departure_place->request$query.arrival_place,[],{u'query.departure_place': u'OAKLAND'},{u'to.neighborhood': u'south side'},0,0,0,0,0,0,0,0,<place> side,1,0,2,0,0,0,0,2,0,0,0
20090923_062,004.raw,four thirty,four thirty,33.981,34.601,FALSE,impl-conf,->implicit_confirm$query.arrival_place->request$query.travel_time,[],{u'query.arrival_place': u'SOUTH SIDE'},{},0,0,0,0,0,0,0,0,<time> thirty,0,1,2,0,0,0,1,2,0,0,0
20090923_062,005.raw,p m,p m,35.217,35.607,FALSE,impl-conf,->implicit_confirm$query.travel_time.time,[],{u'query.travel_time.time': u'Leaving at 4 30 a.m.'},{},0,0,0,0,0,0,0,0,p m,2,1,2,1,0,0,1,2,1,0,0
20090923_063,001.raw,yes,yes,16.32,16.65,FALSE,expl-conf,->explicit_confirm$query.arrival_place,[],{u'query.arrival_place': u'SWISSVALE'},{},0,0,0,0,0,0,0,0,yes,0,1,0,0,0,0,1,0,0,0,0
20090923_063,002.raw,squirrel hill,squirrel hill,21.266,22.036,FALSE,ack,->inform$confirm_okay->request$query.departure_place,[],{},{u'from.neighborhood': u'squirrel hill'},0,0,0,0,0,0,0,0,<neighborhood>,1,1,1,0,0,0,1,1,0,0,0
20090923_063,003.raw,yes,yes,25.98,26.24,FALSE,expl-conf,->explicit_confirm$query.departure_place,[],{u'query.departure_place': u'SQUIRREL HILL'},{},0,0,0,0,0,0,0,0,yes,1,1,2,0,0,0,1,2,0,0,0
20090923_066,002.raw,eighth and ann,eighth and ann,18.886,19.756,FALSE,request,->request$query.departure_place,[],{},{u'from.desc': u'eighth and ann'},0,0,0,0,0,0,0,0,<place>,1,0,1,0,0,0,0,1,0,0,0
20090923_066,003.raw,yes,yes,23.558,23.828,FALSE,expl-conf,->explicit_confirm$query.departure_place,[],{u'query.departure_place': u'EIGHTH AND ANN'},{},1,1,0,0,0,0,0,0,yes,1,0,2,0,0,0,0,2,0,0,0
20090923_066,004.raw,mckeesport,mckeesport,27.388,28.048,FALSE,ack,->inform$confirm_okay->request$query.arrival_place,[],{},{u'to.neighborhood': u'mckeesport'},0,1,0,0,0,0,0,0,<neighborhood>,0,1,2,0,0,0,1,2,0,0,0
20090923_066,005.raw,yes,yes,30.106,30.376,FALSE,impl-conf,->implicit_confirm$query.arrival_place->request$query.travel_time,[],{u'query.arrival_place': u'MCKEESPORT'},{},1,2,0,0,0,0,0,0,yes,0,2,2,0,0,0,2,2,0,0,0
20090923_066,006.raw,next bus,next bus,32.666,33.206,FALSE,request,->request$query.travel_time,[],{},{},0,2,0,0,0,0,0,0,next bus,2,2,2,1,0,0,2,2,1,0,0
20090923_067,003.raw,south hills,downtown,16.669,17.549,FALSE,ack,->inform$confirm_okay->request$query.departure_place,[],{},{u'from.neighborhood': u'downtown'},0,1,0,0,0,0,0,0,<place> hills,1,0,1,0,0,0,0,1,0,0,0
20090923_067,004.raw,downtown,downtown,21.239,22.109,FALSE,expl-conf,->explicit_confirm$query.departure_place,[],{u'query.departure_place': u'SOUTH'},{u'from.neighborhood': u'downtown'},0,1,0,0,0,0,0,0,<neighborhood>,1,0,2,0,0,0,0,2,0,0,0
20090923_067,010.raw,downtown,downtown,52.753,53.503,FALSE,request,->request$query.departure_place,[],{},{u'from.neighborhood': u'downtown'},0,4,0,0,0,0,0,0,<neighborhood>,1,0,3,0,0,0,0,3,0,0,0
20090923_067,011.raw,correct,correct,57.567,58.057,FALSE,expl-conf,->explicit_confirm$query.departure_place,[],{u'query.departure_place': u'DOWNTOWN'},{},1,5,0,0,0,0,0,0,correct,1,0,4,0,0,0,0,4,0,0,0
20090923_067,012.raw,mckeesport,mckeesport,61.957,62.717,FALSE,ack,->inform$confirm_okay->request$query.arrival_place,[],{},{u'to.neighborhood': u'mckeesport'},0,5,0,0,0,0,0,0,<neighborhood>,0,1,4,0,0,0,1,4,0,0,0
20090923_067,013.raw,correct,correct,66.763,67.203,FALSE,expl-conf,->explicit_confirm$query.arrival_place,[],{u'query.arrival_place': u'MCKEESPORT'},{},1,6,0,0,0,0,0,0,correct,0,2,4,0,0,0,2,4,0,0,0
20090923_067,015.raw,goodbye,goodbye,106.409,106.909,FALSE,impl-conf,->implicit_confirm$query.travel_time.time->inform$looking_up_database_first->inform$result->request$next_query,[],"{u'query.travel_time.time': u'Leaving at 12 a.m.', u'result': u'61C'}",{},0,6,0,0,0,0,0,0,goodbye,3,2,4,0,1,0,2,4,0,1,0
20090924_001,002.raw,fifth and atwood,fifth and atwood,21.158,22.228,FALSE,ack,->inform$confirm_okay->request$query.departure_place,[],{},{u'from.desc': u'fifth and atwood'},0,1,0,0,0,0,0,0,<place> and <place>,1,0,1,0,0,0,0,1,0,0,0
20090924_002,002.raw,yes,yes,23.306,23.566,FALSE,expl-conf,->explicit_confirm$query.departure_place,[],{u'query.departure_place': u'FIFTH AND THACKERAY'},{},0,0,0,0,0,0,0,0,yes,1,0,1,0,0,0,0,1,0,0,0
20090924_002,003.raw,south side,south side,26.934,27.404,FALSE,ack,->inform$confirm_okay->request$query.arrival_place,[],{},{u'to.neighborhood': u'south side'},0,0,0,0,0,0,0,0,<place> side,0,1,1,0,0,0,1,1,0,0,0
20090924_002,004.raw,next bus,next bus,31.508,32.088,FALSE,impl-conf,->implicit_confirm$query.arrival_place->request$query.travel_time,[],{u'query.arrival_place': u'SOUTH SIDE'},{},1,1,0,0,0,0,0,0,next bus,0,2,1,0,0,0,2,1,0,0,0
20090924_003,003.raw,south braddock atwood,fifth and atwood,18.614,20.184,FALSE,ack,->inform$confirm_okay->request$query.departure_place,[],{},{},0,3,0,0,0,0,0,0,<place> <place> <place>,1,0,1,0,0,0,0,1,0,0,0
20090924_003,004.raw,no,no,23.988,24.398,FALSE,expl-conf,->explicit_confirm$query.departure_place,[],{u'query.departure_place': u'SOUTH BRADDOCK'},{},1,4,0,0,0,0,0,0,no,1,0,2,0,0,0,0,2,0,0,0
20090924_003,005.raw,fifth tenth atwood,fifth and atwood,27.008,28.818,FALSE,request,->request$query.departure_place,[],{},{},0,4,0,0,0,0,0,0,<place> <place> <place>,1,0,3,0,0,0,0,3,0,0,0
20090924_003,006.raw,yes,yes,32.948,33.258,FALSE,expl-conf,->explicit_confirm$query.departure_place,[],{u'query.departure_place': u'FIFTH'},{},0,4,0,0,0,0,0,0,yes,1,0,4,0,0,0,0,4,0,0,0
20090924_003,007.raw,south side,south side,36.616,37.136,FALSE,ack,->inform$confirm_okay->request$query.arrival_place,[],{},{u'to.neighborhood': u'south side'},0,4,0,0,0,0,0,0,<place> side,0,1,4,0,0,0,1,4,0,0,0
20090924_003,008.raw,next bus,next bus,42.494,43.074,FALSE,impl-conf,->implicit_confirm$query.arrival_place->request$query.travel_time,[],{u'query.arrival_place': u'SOUTH SIDE'},{},0,4,0,0,0,0,0,0,next bus,0,2,4,0,0,0,2,4,0,0,0
20090924_004,003.raw,oakland,oakland,23.792,24.242,FALSE,ack,->inform$confirm_okay->request$query.departure_place,[],{},{u'from.neighborhood': u'oakland'},0,1,0,0,0,0,0,0,<place>,1,0,1,0,0,0,0,1,0,0,0
20090924_004,004.raw,yes,yes,27.922,28.172,FALSE,expl-conf,->explicit_confirm$query.departure_place,[],{u'query.departure_place': u'OAKLAND'},{},1,2,0,0,0,0,0,0,yes,1,0,2,0,0,0,0,2,0,0,0
20090924_004,005.raw,south side works,south side works,31.516,32.306,FALSE,ack,->inform$confirm_okay->request$query.arrival_place,[],{},"{u'to.monument': u'south side works', u'to.neighborhood': u'south side', u'to.desc': u'south braddock'}",0,2,0,0,0,0,0,0,<place> side works,0,1,2,0,0,0,1,2,0,0,0
20090924_004,006.raw,yes,yes,36.124,36.464,FALSE,expl-conf,->explicit_confirm$query.arrival_place,[],{u'query.arrival_place': u'SOUTH SIDE WORKS'},{},1,3,0,0,0,0,0,0,yes,0,2,2,0,0,0,2,2,0,0,0
20090924_005,002.raw,leaving from downtown,leaving from downtown,17.117,18.527,FALSE,expl-conf,->explicit_confirm$query.departure_place,[],{u'query.departure_place': u'WEST'},{},0,0,0,0,0,0,0,0,leaving from <neighborhood>,1,0,1,0,0,0,0,1,0,0,0
20090924_005,003.raw,yes,yes,23.265,23.785,FALSE,expl-conf,->explicit_confirm$query.departure_place,[],{u'query.departure_place': u'WEST'},{},0,0,0,0,0,0,0,0,yes,1,0,2,0,0,0,0,2,0,0,0
20090924_009,001.raw,no,no,17.086,17.416,FALSE,expl-conf,->explicit_confirm$query.departure_place,[],{u'query.departure_place': u'GRACE'},{},0,0,0,0,0,0,0,0,no,1,0,1,0,0,0,0,1,0,0,0
20090924_013,001.raw,magee womens hospital south pitt street,mcgee womens hospital on halpits street,17.254,19.284,FALSE,request,->request$query.departure_place,[],{},{},0,0,0,0,0,0,0,0,<place> womens hospital <place> <place> street,1,0,1,0,0,0,0,1,0,0,0
20090924_013,002.raw,yes,yes,23.434,23.754,FALSE,expl-conf,->explicit_confirm$query.departure_place,[],{u'query.departure_place': u'MAGEE WOMENS HOSPITAL'},{},1,1,0,0,0,0,0,0,yes,1,0,2,0,0,0,0,2,0,0,0
20090924_013,003.raw,pitt street,pitt street,23.99,24.47,FALSE,ack,->inform$confirm_okay->request$query.arrival_place,[],{},{},0,1,0,0,0,0,0,0,<place> street,0,1,2,0,0,0,1,2,0,0,0
20090924_013,004.raw,greenfield,greenfield,27.008,27.658,FALSE,request,->request$query.arrival_place,[],{},{u'to.neighborhood': u'greenfield'},0,1,0,0,0,0,0,0,<place>,0,2,2,0,0,0,2,2,0,0,0
20090924_013,005.raw,yes,yes,31.198,31.418,FALSE,expl-conf,->explicit_confirm$query.arrival_place,[],{u'query.arrival_place': u'GREENFIELD'},{},1,2,0,0,0,0,0,0,yes,0,3,2,0,0,0,3,2,0,0,0
20090924_013,006.raw,seven thirty six,seven thirty six,35.308,36.938,FALSE,ack,->inform$confirm_okay->request$exact_travel_time,[],{},{},0,2,0,0,0,0,0,0,<time> thirty <time>,2,3,2,1,0,0,3,2,1,0,0
20090924_013,008.raw,goodbye,goodbye,71.108,71.498,FALSE,impl-conf,->implicit_confirm$query.travel_time.time->inform$looking_up_database_first->inform$result->request$next_query,[],"{u'query.travel_time.time': u'Leaving at 7 36 a.m.', u'result': u'56U'}",{},0,2,0,0,0,0,0,0,goodbye,3,3,2,1,1,0,3,2,1,1,0
20090924_017,007.raw,east boulevard main kennywood boulevard,boulevard and kennywood boulevard,54.605,57.415,FALSE,example,->request$query.departure_place,[],{},{u'from.desc': u'kennywood boulevard'},0,1,0,1,0,0,0,0,east boulevard <place> <place>,1,0,1,0,0,0,0,1,0,0,0
20090924_017,008.raw,no,no,63.901,64.221,FALSE,expl-conf,->explicit_confirm$query.departure_place,[],{u'query.departure_place': u'MAIN'},{},0,1,0,1,0,0,0,0,no,1,0,2,0,0,0,0,2,0,0,0
20090924_017,009.raw,kennywood boulevard,kennywood boulevard,67.371,68.431,FALSE,request,->request$query.departure_place,[],{},{u'from.desc': u'kennywood boulevard'},0,1,0,1,0,0,0,0,<place>,1,0,3,0,0,0,0,3,0,0,0
20090924_017,010.raw,yes,yes,73.117,73.387,FALSE,expl-conf,->explicit_confirm$query.departure_place,[],{u'query.departure_place': u'KENNYWOOD BOULEVARD'},{},0,1,0,1,0,0,0,0,yes,1,0,4,0,0,0,0,4,0,0,0
20090924_017,011.raw,forbes,forbes,78.325,78.885,FALSE,ack,->inform$confirm_okay->request$query.arrival_place,[],{},{u'to.desc': u'forbes'},0,1,0,1,0,0,0,0,<place>,0,1,4,0,0,0,1,4,0,0,0
20090924_017,012.raw,yes,yes,82.569,82.829,FALSE,expl-conf,->explicit_confirm$query.arrival_place,[],{u'query.arrival_place': u'FORBES'},{},0,1,0,1,0,0,0,0,yes,0,2,4,0,0,0,2,4,0,0,0
20090924_017,014.raw,earliest run,earliest run,123.677,124.547,FALSE,impl-conf,->implicit_confirm$query.travel_time.time->inform$looking_up_database_first->inform$result->request$next_query,[],"{u'query.travel_time.time': u'Leaving at 5 20 a.m.', u'result': u'61C'}",{},0,1,0,1,0,0,0,0,earliest run,3,2,4,0,1,0,2,4,0,1,0
20090924_017,016.raw,goodbye,goodbye,147.721,148.171,FALSE,hold-on,->inform$looking_up_database_subsequent->inform$result->request$next_query,[],{u'result': u'61C'},{},1,3,0,1,0,0,0,0,goodbye,3,2,4,0,2,0,2,4,0,2,0
20090924_019,005.raw,501 ann and bell to busway in downtown today,i wanted to know if the bus came downtown today,48.239,51.539,FALSE,request,->request$query.departure_place,[],{},{},0,2,0,1,0,0,0,0,501 <place> and <place> to <place> in <neighborhood> today,1,0,1,0,0,0,0,1,0,0,0
20090924_019,006.raw,leaving from downtown,leaving from downtown,56.905,58.355,FALSE,expl-conf,->explicit_confirm$query.departure_place,[],{u'query.departure_place': u'ANN AND BELL'},{},0,2,0,1,0,0,0,0,leaving from <neighborhood>,1,0,2,0,0,0,0,2,0,0,0
20090924_019,007.raw,yes,yes,62.473,62.863,FALSE,expl-conf,->explicit_confirm$query.departure_place,[],{u'query.departure_place': u'DOWNTOWN'},{},1,3,0,1,0,0,0,0,yes,1,0,3,0,0,0,0,3,0,0,0
20090924_019,008.raw,squirrel hill,squirrel hill,66.733,67.633,FALSE,ack,->inform$confirm_okay->request$query.arrival_place,[],{},{u'to.neighborhood': u'squirrel hill'},0,3,0,1,0,0,0,0,<neighborhood>,0,1,3,0,0,0,1,3,0,0,0
20090924_019,010.raw,six thirty,six thirty,80.153,81.023,FALSE,request,->request$query.travel_time,[],{},{},0,3,0,1,0,0,0,0,<time> thirty,2,1,3,1,0,0,1,3,1,0,0
20090924_020,002.raw,i,i,35.752,36.002,FALSE,request,->inform$nonunderstanding_moveon->request$query.departure_place,[],{},{},0,0,0,0,0,0,0,0,i,1,0,1,0,0,0,0,1,0,0,0
20090924_020,004.raw,going to opposite petty and huey home 1b mall wil wall b don't when to wall ross park mall,going to opposite petty and huey home 1b mall wil wall b don't when to wall ross park mall,41.998,52.028,FALSE,bebrief,->inform$nonunderstanding_askshortanswer->request$departure_neighborhood,[],{},{u'route': u'1b'},0,0,0,0,0,0,0,0,going to opposite petty and <place> home <uncovered_route> <place> wil <uncovered_place> b don't when to <uncovered_place> <uncovered_place> park <place>,1,0,2,0,0,0,0,2,0,0,0
20090924_020,005.raw,excuse me like,excuse me like,55.726,57.126,FALSE,expl-conf,->explicit_confirm$query.departure_place,[],{u'query.departure_place': u'HUEY'},{},0,0,0,0,0,0,0,0,excuse me like,1,0,3,0,0,0,0,3,0,0,0
20090924_020,009.raw,as four unity hill main and emerson the waverly perrysville the zoo,after tone please leave your name and number so that i could return your call,105.088,111.088,FALSE,expl-conf,->explicit_confirm$query.departure_place,[],{u'query.departure_place': u'THE MALL'},{},0,1,0,0,0,0,0,0,as <time> <uncovered_place> hill <place> and emerson the waverly <uncovered_place> the <place>,1,0,4,0,0,0,0,4,0,0,0
20090924_020,010.raw,by oliver,by oliver,113.078,113.768,FALSE,expl-conf,->explicit_confirm$query.departure_place,[],{u'query.departure_place': u'THE MALL'},{},1,2,0,0,0,0,0,0,by <place>,1,0,5,0,0,0,0,5,0,0,0
20090924_020,014.raw,hello,hello,128.994,129.584,FALSE,expl-conf,->inform$nonunderstanding_moveon->explicit_confirm$query.departure_place,[],{u'query.departure_place': u'OLIVER'},{},1,4,0,0,0,0,0,0,hello,1,0,6,0,0,0,0,6,0,0,0
20090924_026,003.raw,yes,yes,25.312,25.762,FALSE,ack,->inform$confirm_okay->explicit_confirm$query.departure_place,[],{u'query.departure_place': u'WOOD'},{},0,1,0,0,0,0,0,0,yes,1,0,1,0,0,0,0,1,0,0,0
20090924_026,005.raw,yes,yes,36.856,37.376,FALSE,ack,->inform$confirm_okay->explicit_confirm$query.travel_time.time,[],{u'query.travel_time.time': u'the next bus'},{},0,1,0,0,0,0,0,0,yes,2,0,1,1,0,0,0,1,1,0,0
20090924_026,006.raw,new query,new query,66.7,67.45,FALSE,ack,->inform$confirm_okay->inform$looking_up_database_first->inform$result->request$next_query,[],{u'result': u'61C'},{},1,2,0,0,0,0,0,0,new query,3,0,1,1,1,0,0,1,1,1,0
20090924_026,008.raw,to frankstown,to frankstown,75.406,76.356,FALSE,expl-conf,->explicit_confirm$query.departure_place,[],{u'query.departure_place': u'OLIVER'},{},1,3,0,0,0,0,0,0,to <uncovered_place>,1,0,2,1,1,0,0,2,1,1,0
20090924_027,005.raw,mall downtown,mall downtown,32.398,33.718,FALSE,ack,->inform$confirm_okay->request$query.departure_place,[],{},{},0,0,0,0,0,0,0,0,<place> <neighborhood>,1,0,1,0,0,0,0,1,0,0,0
20090924_027,006.raw,yes,yes,38.444,38.814,FALSE,expl-conf,->explicit_confirm$query.departure_place,[],{u'query.departure_place': u'DOWNTOWN'},{},0,0,0,0,0,0,0,0,yes,1,0,2,0,0,0,0,2,0,0,0
20090924_027,010.raw,seven o'clock,seven o'clock,57.768,58.538,FALSE,impl-conf,->implicit_confirm$query.arrival_place->request$query.travel_time,[],{u'query.arrival_place': u'SWISSVALE'},{u'time.hour': 7},0,1,0,0,0,0,0,0,<time> o'clock,0,1,2,0,0,0,1,2,0,0,0
20090924_027,011.raw,seven,eleven,61.48,62.04,FALSE,impl-conf,->implicit_confirm$query.travel_time.time->inform$looking_up_database_first,[],{u'query.travel_time.time': u'Leaving at 7 p.m.'},{},1,2,0,0,0,0,0,0,<time>,2,1,2,1,0,0,1,2,1,0,0
20090924_027,012.raw,next bus,next bus,90.088,90.798,FALSE,schedule,->inform$result->request$next_query,[],{u'result': u'61A'},{},0,2,0,0,0,0,0,0,next bus,3,1,2,1,1,0,1,2,1,1,0
20090924_027,013.raw,next bus,next bus,111.882,112.512,FALSE,hold-on,->inform$looking_up_database_subsequent->inform$result->request$next_query,[],{u'result': u'61A'},{},1,3,0,0,0,0,0,0,next bus,3,1,2,1,2,0,1,2,1,2,0
20090924_033,003.raw,downtown,downtown,25.866,26.506,FALSE,expl-conf,->explicit_confirm$query.departure_place,[],{u'query.departure_place': u'WOOD'},{u'from.neighborhood': u'downtown'},1,3,0,0,0,0,0,0,<neighborhood>,1,0,1,0,0,0,0,1,0,0,0
20090924_033,004.raw,yes,yes,30.646,31.226,FALSE,expl-conf,->explicit_confirm$query.departure_place,[],{u'query.departure_place': u'WOOD'},{},0,3,0,0,0,0,0,0,yes,1,0,2,0,0,0,0,2,0,0,0
20090924_033,005.raw,homestead,homestead,34.87,35.53,FALSE,ack,->inform$confirm_okay->request$query.arrival_place,[],{},{u'to.neighborhood': u'homestead'},0,3,0,0,0,0,0,0,<neighborhood>,0,1,2,0,0,0,1,2,0,0,0
20090924_033,006.raw,next bus,next bus,40.172,41.012,FALSE,impl-conf,->implicit_confirm$query.arrival_place->request$query.travel_time,[],{u'query.arrival_place': u'HOMESTEAD'},{u'time.rel': u'next'},0,3,0,0,0,0,0,0,next bus,0,2,2,0,0,0,2,2,0,0,0
20090924_038,003.raw,yes,yes,24.028,24.388,FALSE,expl-conf,->explicit_confirm$query.departure_place,[],{u'query.departure_place': u'EAST CARSON AND TWENTY FIRST'},{},0,0,0,0,0,0,0,0,yes,1,0,1,0,0,0,0,1,0,0,0
20090924_038,004.raw,oakland,oakland,29.04,29.64,FALSE,ack,->inform$confirm_okay->request$query.arrival_place,[],{},{u'to.neighborhood': u'oakland'},0,0,0,0,0,0,0,0,<place>,0,1,1,0,0,0,1,1,0,0,0
20090924_038,005.raw,third,third,35.602,36.042,FALSE,impl-conf,->implicit_confirm$query.arrival_place->request$query.travel_time,[],{u'query.arrival_place': u'OAKLAND'},{u'to.desc': u'third'},0,0,0,0,0,0,0,0,third,0,2,1,0,0,0,2,1,0,0,0
20090924_038,006.raw,bausman and brownsville,bausman and brownsville,36.49,37.49,FALSE,request,->request$query.travel_time,[],{},{u'to.desc': u'bausman and brownsville'},0,0,0,0,0,0,0,0,<place> and <place>,2,2,1,1,0,0,2,1,1,0,0
20090924_038,007.raw,as soon as possible,as soon as possible,41.318,42.568,FALSE,request,->request$query.travel_time,[],{},{},0,0,0,0,0,0,0,0,as soon as possible,2,2,1,2,0,0,2,1,2,0,0
20090924_038,008.raw,yes,yes,46.074,46.334,FALSE,expl-conf,->explicit_confirm$query.travel_time.time,[],{u'query.travel_time.time': u'the next bus'},{},1,1,0,0,0,0,0,0,yes,2,2,1,3,0,0,2,1,3,0,0
20090924_038,010.raw,when when is the next five,when is when is the next bus,68.252,70.192,FALSE,schedule,->inform$result->request$next_query,[],{u'result': u'54C'},{},1,3,0,0,0,0,0,0,when when is the next <time>,3,2,1,3,1,0,2,1,3,1,0
20090924_038,011.raw,mayview,mayview,82.632,83.142,FALSE,hold-on,->inform$looking_up_database_subsequent->inform$result->request$next_query,[],{u'result': u'54C'},{u'to.neighborhood': u'mayview'},1,4,0,0,0,0,0,0,<uncovered_place>,3,2,1,3,2,0,2,1,3,2,0
20090924_039,012.raw,mckeesport radisson,mckeesport radisson,49.84,51.08,FALSE,ack,->inform$confirm_okay->request$query.departure_place,[],{},{},0,5,0,0,0,0,0,0,<neighborhood> radisson,1,0,1,0,0,0,0,1,0,0,0
20090924_039,013.raw,yes,yes,55.694,56.134,FALSE,expl-conf,->explicit_confirm$query.departure_place,[],{u'query.departure_place': u'MCKEESPORT'},{},0,5,0,0,0,0,0,0,yes,1,0,2,0,0,0,0,2,0,0,0
20090924_039,014.raw,oliver oakland,oliver oakland,62.024,62.944,FALSE,ack,->inform$confirm_okay->request$query.arrival_place,[],{},{},0,5,0,0,0,0,0,0,<place> <place>,0,1,2,0,0,0,1,2,0,0,0
20090924_039,015.raw,yes,yes,67,67.47,FALSE,expl-conf,->explicit_confirm$query.arrival_place,[],{u'query.arrival_place': u'OAKLAND'},{},0,5,0,0,0,0,0,0,yes,0,2,2,0,0,0,2,2,0,0,0
20090924_039,018.raw,today,today,77.542,78.012,FALSE,request,->request$query.travel_time,[],{},{u'date.day': u'today'},0,5,0,0,0,0,0,0,today,2,2,2,1,0,0,2,2,1,0,0
20090924_039,019.raw,eight o'clock,eight o'clock,82.598,83.248,FALSE,request,->request$exact_travel_time,[],{},{u'time.hour': 8},0,5,0,0,0,0,0,0,<time> o'clock,2,2,2,2,0,0,2,2,2,0,0
20090924_040,002.raw,mckeesport,mckeesport,20.258,21.008,FALSE,impl-conf,->implicit_confirm$query.departure_place->request$query.arrival_place,[],{u'query.departure_place': u'DOWNTOWN'},{u'to.neighborhood': u'mckeesport'},0,0,0,0,0,0,0,0,<neighborhood>,1,0,1,0,0,0,0,1,0,0,0
20090924_040,003.raw,nine o'clock,nine o'clock,27.678,28.428,FALSE,impl-conf,->implicit_confirm$query.arrival_place->request$query.travel_time,[],{u'query.arrival_place': u'MCKEESPORT'},{u'time.hour': 9},0,0,0,0,0,0,0,0,<time> o'clock,0,1,1,0,0,0,1,1,0,0,0
20090924_040,004.raw,start a new query,start a new query,58.91,59.89,FALSE,impl-conf,->implicit_confirm$query.travel_time.time->inform$looking_up_database_first->inform$result->request$next_query,[],"{u'query.travel_time.time': u'Leaving at 9 p.m.', u'result': u'61C'}",{},1,1,0,0,0,0,0,0,start a new query,3,1,1,0,1,0,1,1,0,1,0
20090924_040,007.raw,t fourth,t fourth,75.126,75.766,FALSE,impl-conf,->implicit_confirm$query.departure_place->request$query.arrival_place,[],{u'query.departure_place': u'DOWNTOWN'},{u'route': u't'},0,2,0,0,0,0,0,0,t <place>,1,1,2,0,1,0,1,2,0,1,0
20090924_040,008.raw,tomorrow nine a m,tomorrow nine a m,81.25,82.82,FALSE,impl-conf,->implicit_confirm$query.arrival_place->request$query.travel_time,[],{u'query.arrival_place': u'FOURTH'},{u'date.day': u'tomorrow'},0,2,0,0,0,0,0,0,tomorrow <time>,0,2,2,0,1,0,2,2,0,1,0
20090924_040,009.raw,yes,yes,86.764,87.174,FALSE,expl-conf,->explicit_confirm$query.travel_time.time,[],{u'query.travel_time.time': u'Leaving at 9 a.m.'},{},1,3,0,0,0,0,0,0,yes,2,2,2,1,1,0,2,2,1,1,0
20090924_042,001.raw,51c,the next sixty one c,20.159,21.459,FALSE,expl-conf,->explicit_confirm$query.departure_place,[],{u'query.departure_place': u'YEW AT MILLVALE'},{},0,0,0,0,0,0,0,0,<uncovered_route>,1,0,1,0,0,0,0,1,0,0,0
20090924_042,007.raw,61c,61c,41.243,42.753,FALSE,request,->request$query.arrival_place,[],{},{u'route': u'61c'},0,3,0,0,0,0,0,0,<route>,0,1,1,0,0,0,1,1,0,0,0
20090924_042,009.raw,oakland,oakland,51.165,51.805,FALSE,request,->request$query.arrival_place,[],{},{u'to.neighborhood': u'oakland'},0,4,0,1,0,0,0,0,<place>,0,2,1,0,0,0,2,1,0,0,0
20090924_042,010.raw,there,there,55.689,56.149,FALSE,expl-conf,->explicit_confirm$query.arrival_place,[],{u'query.arrival_place': u'OAKLAND'},{},0,4,0,1,0,0,0,0,there,0,3,1,0,0,0,3,1,0,0,0
20090924_043,002.raw,forward avenue,forward avenue,21.278,22.048,FALSE,impl-conf,->implicit_confirm$query.departure_place->request$query.arrival_place,[],{u'query.departure_place': u'OAKLAND'},{u'to.desc': u'forward avenue'},0,0,0,0,0,0,0,0,<place> avenue,1,0,1,0,0,0,0,1,0,0,0
20090924_043,003.raw,next bus,next bus,27.51,28.05,FALSE,impl-conf,->implicit_confirm$query.arrival_place->request$query.travel_time,[],{u'query.arrival_place': u'FORWARD AVENUE'},{},0,0,0,0,0,0,0,0,next bus,0,1,1,0,0,0,1,1,0,0,0
20090924_044,002.raw,yes,yes,21.874,22.444,FALSE,ack,->inform$confirm_okay->explicit_confirm$query.travel_time.time,[],{u'query.travel_time.time': u'the next bus'},{},0,0,0,0,0,0,0,0,yes,2,0,0,1,0,0,0,0,1,0,0
20090924_044,003.raw,federal beltzhoover,federal beltzhoover,26.596,28.436,FALSE,ack,->inform$confirm_okay->request$query.departure_place,[],{},{},0,0,0,0,0,0,0,0,<place> <uncovered_place>,1,0,1,1,0,0,0,1,1,0,0
20090924_044,005.raw,duquesne,duquesne,36.968,37.768,FALSE,request,->request$query.departure_place,[],{},{u'from.neighborhood': u'duquesne'},0,0,0,0,0,0,0,0,<neighborhood>,1,0,2,1,0,0,0,2,1,0,0
20090924_044,006.raw,yes,yes,41.886,42.436,FALSE,expl-conf,->explicit_confirm$query.departure_place,[],{u'query.departure_place': u'DUQUESNE'},{},0,0,0,0,0,0,0,0,yes,1,0,3,1,0,0,0,3,1,0,0
20090924_044,007.raw,oak wood,oak wood,46.144,46.794,FALSE,ack,->inform$confirm_okay->request$query.arrival_place,[],{},{},0,0,0,0,0,0,0,0,oak <place>,0,1,3,1,0,0,1,3,1,0,0
20090924_044,008.raw,no,no,50.636,51.296,FALSE,expl-conf,->explicit_confirm$query.arrival_place,[],{u'query.arrival_place': u'WOOD'},{},0,0,0,0,0,0,0,0,no,0,2,3,1,0,0,2,3,1,0,0
20090924_044,009.raw,oakland,oakland,53.952,54.642,FALSE,request,->request$query.arrival_place,[],{},{u'to.neighborhood': u'oakland'},0,0,0,0,0,0,0,0,<place>,0,3,3,1,0,0,3,3,1,0,0
20090924_053,002.raw,yes,yes,21.854,22.074,FALSE,expl-conf,->explicit_confirm$query.departure_place,[],{u'query.departure_place': u'FORBES AND SHADY'},{},0,0,0,0,0,0,0,0,yes,1,0,1,0,0,0,0,1,0,0,0
20090924_053,003.raw,rebecca at coal,rebecca at coal,25.256,26.196,FALSE,ack,->inform$confirm_okay->request$query.arrival_place,[],{},{u'to.desc': u'rebecca and coal'},0,0,0,0,0,0,0,0,<place> at <place>,0,1,1,0,0,0,1,1,0,0,0
20090924_053,004.raw,yes,yes,30.036,30.266,FALSE,expl-conf,->explicit_confirm$query.arrival_place,[],{u'query.arrival_place': u'REBECCA AT COAL'},{},0,0,0,0,0,0,0,0,yes,0,2,1,0,0,0,2,1,0,0,0
20090924_053,008.raw,previous bus,previous bus,66.27,66.94,FALSE,hold-on,->inform$looking_up_database_subsequent->inform$result->request$next_query,[],{u'result': u'61A'},{},1,3,0,0,0,0,0,0,previous bus,3,2,1,0,1,0,2,1,0,1,0
20090924_053,009.raw,previous bus,previous bus,80.67,81.3,FALSE,hold-on,->inform$looking_up_database_subsequent->inform$result->request$next_query,[],{u'result': u'61A'},{},1,4,0,0,0,0,0,0,previous bus,3,2,1,0,2,0,2,1,0,2,0
20090924_054,001.raw,yes,yes,18.278,18.538,FALSE,expl-conf,->explicit_confirm$query.departure_place,[],{u'query.departure_place': u'DOWNTOWN'},{},0,0,0,0,0,0,0,0,yes,1,0,1,0,0,0,0,1,0,0,0
20090924_056,002.raw,no,no,24.276,24.566,FALSE,ack,->inform$confirm_okay->explicit_confirm$query.departure_place,[],{u'query.departure_place': u'FEDERAL'},{},0,0,0,0,0,0,0,0,no,1,0,1,0,0,0,0,1,0,0,0
20090924_056,003.raw,courthouse fourth,courthouse fourth,28.574,29.814,FALSE,request,->request$query.departure_place,[],{},{},0,0,0,0,0,0,0,0,<place> <place>,1,0,2,0,0,0,0,2,0,0,0
20090924_056,004.raw,no,no,36.416,36.796,FALSE,expl-conf,->explicit_confirm$query.departure_place,[],{u'query.departure_place': u'COURTHOUSE'},{},0,0,0,0,0,0,0,0,no,1,0,3,0,0,0,0,3,0,0,0
20090924_056,005.raw,leaving fourth,leaving fourth,41.078,41.898,FALSE,expl-conf,->explicit_confirm$query.departure_place,[],{u'query.departure_place': u'FOURTH'},{},0,0,0,0,0,0,0,0,leaving <place>,1,0,4,0,0,0,0,4,0,0,0
20090924_056,006.raw,halfway,halfway,42.138,42.688,FALSE,impl-conf,->implicit_confirm$query.departure_place,[],{u'query.departure_place': u'FOURTH'},{u'from.desc': u'halfway'},0,0,0,0,0,0,0,0,halfway,1,0,5,0,0,0,0,5,0,0,0
20090924_056,007.raw,homestead,homestead,46.054,46.824,FALSE,request,->inform$nonunderstanding_moveon->request$query.arrival_place,[],{},{u'to.neighborhood': u'homestead'},0,0,0,0,0,0,0,0,<neighborhood>,0,1,5,0,0,0,1,5,0,0,0
20090924_056,008.raw,now,now,51.81,52.25,FALSE,impl-conf,->implicit_confirm$query.arrival_place->request$query.travel_time,[],{u'query.arrival_place': u'HOMESTEAD'},{u'time.rel': u'next'},0,0,0,0,0,0,0,0,now,0,2,5,0,0,0,2,5,0,0,0
20090924_057,006.raw,mckeesport,mckeesport,55.877,56.677,FALSE,ack,->inform$confirm_okay->request$query.departure_place,[],{},{u'from.neighborhood': u'mckeesport'},0,1,0,1,0,0,0,0,<neighborhood>,1,0,1,0,0,0,0,1,0,0,0
20090924_057,007.raw,downtown pittsburgh,downtown pittsburgh,62.041,63.131,FALSE,impl-conf,->implicit_confirm$query.departure_place->request$query.arrival_place,[],{u'query.departure_place': u'MCKEESPORT'},{u'to.neighborhood': u'downtown pittsburgh'},0,1,0,1,0,0,0,0,<neighborhood> <place>sburgh,1,0,2,0,0,0,0,2,0,0,0
20090924_057,008.raw,next bus,next bus,68.909,69.619,FALSE,impl-conf,->implicit_confirm$query.arrival_place->request$query.travel_time,[],{u'query.arrival_place': u'DOWNTOWN PITTSBURGH'},{},0,1,0,1,0,0,0,0,next bus,0,1,2,0,0,0,1,2,0,0,0
20090924_057,009.raw,when is the next bus,when is the next bus,97.699,99.139,FALSE,impl-conf,->implicit_confirm$query.travel_time.time->inform$looking_up_database_first->inform$result->request$next_query,[],"{u'query.travel_time.time': u'The next bus', u'result': u'61C'}",{},1,2,0,1,0,0,0,0,when is the next bus,3,1,2,0,1,0,1,2,0,1,0
20090924_057,010.raw,previous bus,previous bus,118.095,118.975,FALSE,hold-on,->inform$looking_up_database_subsequent->inform$result->request$next_query,[],{u'result': u'61C'},{},1,3,0,1,0,0,0,0,previous bus,3,1,2,0,2,0,1,2,0,2,0
20090925_000,006.raw,no,no,39.911,40.141,FALSE,expl-conf,->explicit_confirm$query.departure_place,[],{u'query.departure_place': u'SOUTH EIGHTEENTH AND ARLINGTON'},{},0,0,0,0,0,0,0,0,no,1,0,1,0,0,0,0,1,0,0,0
20090925_000,007.raw,south eighteenth and arlington,south eighteenth and arlington,42.647,44.017,FALSE,request,->request$query.departure_place,[],{},{u'from.desc': u'south eighteenth and arlington'},0,0,0,0,0,0,0,0,<place>,1,0,2,0,0,0,0,2,0,0,0
20090925_000,008.raw,yes,yes,49.205,49.485,FALSE,expl-conf,->explicit_confirm$query.departure_place,[],{u'query.departure_place': u'SOUTH EIGHTEENTH AND ARLINGTON'},{},0,0,0,0,0,0,0,0,yes,1,0,3,0,0,0,0,3,0,0,0
20090925_000,009.raw,carson street,carson street,53.429,54.219,FALSE,ack,->inform$confirm_okay->request$query.arrival_place,[],{},{u'to.desc': u'carson street'},0,0,0,0,0,0,0,0,<place> street,0,1,3,0,0,0,1,3,0,0,0
20090925_000,010.raw,next bus,next bus,59.233,59.763,FALSE,impl-conf,->implicit_confirm$query.arrival_place->request$query.travel_time,[],{u'query.arrival_place': u'CARSON STREET'},{},0,0,0,0,0,0,0,0,next bus,0,2,3,0,0,0,2,3,0,0,0
20090925_001,007.raw,forward avenue,forward avenue,28.394,28.974,FALSE,impl-conf,->implicit_confirm$query.departure_place->request$query.arrival_place,[],{u'query.departure_place': u'OAKLAND'},{u'to.desc': u'forward avenue'},0,3,0,0,0,0,0,0,<place> avenue,1,0,1,0,0,0,0,1,0,0,0
20090925_001,008.raw,bus,next bus,34.37,34.76,FALSE,impl-conf,->implicit_confirm$query.arrival_place->request$query.travel_time,[],{u'query.arrival_place': u'FORWARD AVENUE'},{},0,3,0,0,0,0,0,0,bus,0,1,1,0,0,0,1,1,0,0,0
20090925_001,009.raw,next bus,next bus,37.566,38.316,FALSE,request,->request$query.travel_time,[],{},{},0,3,0,0,0,0,0,0,next bus,2,1,1,1,0,0,1,1,1,0,0
20090925_001,010.raw,when is the next bus,when is the next bus,71.092,72.002,FALSE,impl-conf,->implicit_confirm$query.travel_time.time->inform$looking_up_database_first->inform$result->request$next_query,[],"{u'query.travel_time.time': u'The next bus', u'result': u'61C'}",{},0,3,0,0,0,0,0,0,when is the next bus,3,1,1,1,1,0,1,1,1,1,0
20090925_004,003.raw,eighteenth,eighteenth,27.828,28.618,FALSE,request,->request$query.departure_place,[],{},{u'from.desc': u'eighteenth'},0,0,0,0,0,0,0,0,<place>,1,0,1,0,0,0,0,1,0,0,0
20090925_004,004.raw,penn and shaw,penn and shaw,29.148,29.748,FALSE,impl-conf,->implicit_confirm$query.departure_place,[],{u'query.departure_place': u'EIGHTEENTH'},{u'from.desc': u'penn and shaw'},0,0,0,0,0,0,0,0,<place>,1,0,2,0,0,0,0,2,0,0,0
20090925_004,005.raw,yes,yes,34.572,35.022,FALSE,expl-conf,->explicit_confirm$query.departure_place,[],{u'query.departure_place': u'EIGHTEENTH'},{},0,0,0,0,0,0,0,0,yes,1,0,3,0,0,0,0,3,0,0,0
20090925_004,006.raw,allentown,allentown,40.096,40.956,FALSE,ack,->inform$confirm_okay->request$query.arrival_place,[],{},{u'to.desc': u'allentown'},0,0,0,0,0,0,0,0,allentown,0,1,3,0,0,0,1,3,0,0,0
20090925_004,007.raw,south hills junction,south hills junction,49.922,51.072,FALSE,example,->request$query.arrival_place,[],{},{u'to.desc': u'south hills junction'},0,0,0,0,0,0,0,0,<place>,0,2,3,0,0,0,2,3,0,0,0
20090925_004,008.raw,yes,yes,55.688,56.038,FALSE,expl-conf,->explicit_confirm$query.arrival_place,[],{u'query.arrival_place': u'SOUTH HILLS JUNCTION'},{},0,0,0,0,0,0,0,0,yes,0,3,3,0,0,0,3,3,0,0,0
20090925_004,011.raw,when's the next bus,when's the next bus,94.984,96.044,FALSE,impl-conf,->implicit_confirm$query.travel_time.time->inform$looking_up_database_first->inform$result->request$next_query,[],"{u'query.travel_time.time': u'The next bus', u'result': u'54C'}",{},0,0,0,0,0,0,0,0,when's the next bus,3,3,3,0,1,0,3,3,0,1,0
20090925_004,012.raw,when is the next bus,when is the next bus,116.192,117.502,FALSE,hold-on,->inform$looking_up_database_subsequent->inform$result->request$next_query,[],{u'result': u'54C'},{},1,1,0,0,0,0,0,0,when is the next bus,3,3,3,0,2,0,3,3,0,2,0
20090925_005,003.raw,no,no,36.839,37.359,FALSE,expl-conf,->explicit_confirm$query.departure_place,[],{u'query.departure_place': u'ELM'},{},0,0,0,0,0,0,0,0,no,1,0,1,0,0,0,0,1,0,0,0
20090925_005,004.raw,yes,yes,41.077,41.497,FALSE,expl-conf,->explicit_confirm$query.departure_place,[],{u'query.departure_place': u'OAKLAND'},{},0,0,0,0,0,0,0,0,yes,1,0,2,0,0,0,0,2,0,0,0
20090925_005,006.raw,no,no,51.953,52.373,FALSE,ack,->inform$confirm_okay->explicit_confirm$query.travel_time.time,[],{u'query.travel_time.time': u'Arriving by 9 a.m.'},{},0,0,0,0,0,0,0,0,no,2,0,2,1,0,0,0,2,1,0,0
20090925_005,007.raw,yeah mayview,one am,55.699,56.879,FALSE,request,->request$query.travel_time,[],{},{u'time.ampm': u'am'},0,0,0,0,0,0,0,0,yeah <uncovered_place>,2,0,2,2,0,0,0,2,2,0,0
20090925_005,008.raw,one at in the morning,one at in the morning,60.725,62.225,FALSE,request,->request$query.travel_time,[],{},{},0,0,0,0,0,0,0,0,<time> at in the morning,2,0,2,3,0,0,0,2,3,0,0
20090925_005,009.raw,one o'clock,one o'clock,65.673,66.673,FALSE,request,->request$exact_travel_time,[],{},{u'time.hour': 1},0,0,0,0,0,0,0,0,<time> o'clock,2,0,2,4,0,0,0,2,4,0,0
20090925_005,010.raw,yes,yes,69.405,69.785,FALSE,impl-conf,->implicit_confirm$query.travel_time.time->inform$looking_up_database_first,[],{u'query.travel_time.time': u'Leaving at 1 a.m.'},{},1,1,0,0,0,0,0,0,yes,2,0,2,5,0,0,0,2,5,0,0
20090925_006,002.raw,mckeesport,mckeesport,21.166,21.826,FALSE,impl-conf,->implicit_confirm$query.departure_place->request$query.arrival_place,[],{u'query.departure_place': u'DOWNTOWN'},{u'to.neighborhood': u'mckeesport'},0,0,0,0,0,0,0,0,<neighborhood>,1,0,1,0,0,0,0,1,0,0,0
20090925_006,003.raw,next bus,next bus,26.396,27.066,FALSE,impl-conf,->implicit_confirm$query.arrival_place->request$query.travel_time,[],{u'query.arrival_place': u'MCKEESPORT'},{},0,0,0,0,0,0,0,0,next bus,0,1,1,0,0,0,1,1,0,0,0
20090925_007,002.raw,mckeesport,mckeesport,21.385,22.055,FALSE,impl-conf,->implicit_confirm$query.departure_place->request$query.arrival_place,[],{u'query.departure_place': u'DOWNTOWN'},{u'to.neighborhood': u'mckeesport'},0,0,0,0,0,0,0,0,<neighborhood>,1,0,1,0,0,0,0,1,0,0,0
20090925_007,003.raw,next bus,next bus,27.613,28.303,FALSE,impl-conf,->implicit_confirm$query.arrival_place->request$query.travel_time,[],{u'query.arrival_place': u'MCKEESPORT'},{},0,0,0,0,0,0,0,0,next bus,0,1,1,0,0,0,1,1,0,0,0
20090925_008,005.raw,no,no,26.086,26.646,FALSE,expl-conf,->explicit_confirm$query.departure_place,[],{u'query.departure_place': u'MCKEESPORT'},{},1,3,0,0,0,0,0,0,no,1,0,1,0,0,0,0,1,0,0,0
20090925_008,006.raw,yes,yes,30.64,31.12,FALSE,expl-conf,->explicit_confirm$query.departure_place,[],{u'query.departure_place': u'OAKLAND'},{},1,4,0,0,0,0,0,0,yes,1,0,2,0,0,0,0,2,0,0,0
20090925_008,011.raw,mckeesport,mckeesport,48.806,49.686,FALSE,request,->request$query.arrival_place,[],{},{u'to.neighborhood': u'mckeesport'},0,6,0,0,0,0,0,0,<neighborhood>,0,1,2,0,0,0,1,2,0,0,0
20090925_008,012.raw,yes,yes,53.902,54.322,FALSE,expl-conf,->explicit_confirm$query.arrival_place,[],{u'query.arrival_place': u'MCKEESPORT'},{},0,6,0,0,0,0,0,0,yes,0,2,2,0,0,0,2,2,0,0,0
20090925_008,014.raw,no,no,62.984,63.784,FALSE,impl-conf,->implicit_confirm$query.travel_time.time->inform$looking_up_database_first,[],{u'query.travel_time.time': u'Leaving at 1 p.m.'},{},1,7,0,0,0,0,0,0,no,2,2,2,1,0,0,2,2,1,0,0
20090925_012,002.raw,yes,yes,20.031,20.511,FALSE,expl-conf,->explicit_confirm$query.departure_place,[],{u'query.departure_place': u'CHESTERFIELD AND FIFTH'},{},1,3,0,0,0,0,0,0,yes,1,0,1,0,0,0,0,1,0,0,0
20090925_012,003.raw,mount oliver,mount oliver,24.289,25.189,FALSE,ack,->inform$confirm_okay->request$query.arrival_place,[],{},{u'to.neighborhood': u'mount oliver'},0,3,0,0,0,0,0,0,mount <place>,0,1,1,0,0,0,1,1,0,0,0
20090925_012,004.raw,six p m,six p m,29.791,30.781,FALSE,impl-conf,->implicit_confirm$query.arrival_place->request$query.travel_time,[],{u'query.arrival_place': u'MOUNT OLIVER'},{},0,3,0,0,0,0,0,0,<time>,0,2,1,0,0,0,2,1,0,0,0
20090925_012,005.raw,six ten ten,six am,33.311,34.811,FALSE,request,->request$query.travel_time,[],{},{u'time.hour': 6},1,4,0,0,0,0,0,0,<time> <time> <time>,2,2,1,1,0,0,2,1,1,0,0
20090925_012,006.raw,hello sixth,no six,38.829,40.369,FALSE,expl-conf,->explicit_confirm$query.travel_time.time,[],{u'query.travel_time.time': u'Leaving at 10 a.m.'},{},1,5,0,0,0,0,0,0,hello <place>,2,2,1,2,0,0,2,1,2,0,0
20090925_012,007.raw,no,no,48.481,49.111,FALSE,expl-conf,->explicit_confirm$query.travel_time.time,[],{u'query.travel_time.time': u'leave at 10 a.m.'},{},0,5,0,0,0,0,0,0,no,2,2,1,3,0,0,2,1,3,0,0
20090925_012,008.raw,six a m,six a m,51.725,53.345,FALSE,request,->request$query.travel_time,[],{},{},0,5,0,0,0,0,0,0,<time>,2,2,1,4,0,0,2,1,4,0,0
20090925_012,009.raw,when's the next bus,when's the next bus,76.573,77.823,FALSE,impl-conf,->implicit_confirm$query.travel_time.time->inform$looking_up_database_first->inform$result->request$next_query,[],"{u'query.travel_time.time': u'Leaving at 6 a.m.', u'result': u'54C'}",{},1,6,0,0,0,0,0,0,when's the next bus,3,2,1,4,1,0,2,1,4,1,0
20090925_012,010.raw,when's the next bus,when's the next bus,98.085,99.315,FALSE,hold-on,->inform$looking_up_database_subsequent->inform$result->request$next_query,[],{u'result': u'54C'},{},1,7,0,0,0,0,0,0,when's the next bus,3,2,1,4,2,0,2,1,4,2,0
20090925_013,005.raw,no 26d downtown pittsburgh,no 26d downtown pittsburgh,70.389,73.069,FALSE,expl-conf,->explicit_confirm$query.departure_place,[],{u'query.departure_place': u'MERCY HOSPITAL'},{u'route': u'26d'},0,1,0,1,0,0,0,0,no <uncovered_route> <neighborhood> <place>sburgh,1,0,1,0,0,0,0,1,0,0,0
20090925_013,006.raw,yes,yes,78.005,78.585,FALSE,expl-conf,->explicit_confirm$query.departure_place,[],{u'query.departure_place': u'DOWNTOWN PITTSBURGH'},{},0,1,0,1,0,0,0,0,yes,1,0,2,0,0,0,0,2,0,0,0
20090925_016,003.raw,ebs,yeah,20.806,21.466,FALSE,expl-conf,->explicit_confirm$query.departure_place,[],{u'query.departure_place': u'BRADDOCK'},{},0,0,0,0,0,0,0,0,ebs,1,0,1,0,0,0,0,1,0,0,0
20090925_016,004.raw,yes,yes,25.226,25.616,FALSE,expl-conf,->explicit_confirm$query.departure_place,[],{u'query.departure_place': u'BRADDOCK'},{},0,0,0,0,0,0,0,0,yes,1,0,2,0,0,0,0,2,0,0,0
20090925_016,011.raw,hays yes,a yes,54.922,56.032,FALSE,expl-conf,->explicit_confirm$query.departure_place,[],{u'query.departure_place': u'ELM'},{},1,4,0,0,0,0,0,0,<uncovered_place> yes,1,0,3,0,0,0,0,3,0,0,0
20090925_017,003.raw,yes,yes,38.437,38.997,FALSE,ack,->inform$confirm_okay->explicit_confirm$query.departure_place,[],{u'query.departure_place': u'BRADDOCK'},{},0,0,0,0,0,0,0,0,yes,1,0,1,0,0,0,0,1,0,0,0
20090925_017,005.raw,yes,yes,50.385,51.035,FALSE,ack,->inform$confirm_okay->explicit_confirm$query.travel_time.time,[],{u'query.travel_time.time': u'the next bus'},{},0,0,0,0,0,0,0,0,yes,2,0,1,1,0,0,0,1,1,0,0
20090925_018,001.raw,54c,54c,13.74,14.75,FALSE,expl-conf,->explicit_confirm$query.departure_place,[],{u'query.departure_place': u'FOURTH'},{u'route': u'54c'},1,1,0,0,0,0,0,0,<route>,1,0,1,0,0,0,0,1,0,0,0
20090925_018,006.raw,amanda and charles,amanda and charles,32.948,34.138,FALSE,request,->request$query.departure_place,[],{},{u'from.desc': u'amanda and charles'},0,5,0,2,0,0,0,0,<place>,1,0,2,0,0,0,0,2,0,0,0
20090925_018,007.raw,yes,yes,38.148,38.498,FALSE,expl-conf,->explicit_confirm$query.departure_place,[],{u'query.departure_place': u'AMANDA AND CHARLES'},{},1,6,0,2,0,0,0,0,yes,1,0,3,0,0,0,0,3,0,0,0
20090925_018,008.raw,bigelow boulevard,bigelow boulevard,41.204,42.214,FALSE,ack,->inform$confirm_okay->request$query.arrival_place,[],{},{u'to.desc': u'bigelow boulevard'},0,6,0,2,0,0,0,0,<place> boulevard,0,1,3,0,0,0,1,3,0,0,0
20090925_018,009.raw,two next bus,two next bus,46.566,47.496,FALSE,impl-conf,->implicit_confirm$query.arrival_place->request$query.travel_time,[],{u'query.arrival_place': u'BIGELOW BOULEVARD'},{},0,6,0,2,0,0,0,0,<time> next bus,0,2,3,0,0,0,2,3,0,0,0
20090925_018,010.raw,yes,yes,50.934,51.254,FALSE,expl-conf,->explicit_confirm$query.travel_time.time,[],{u'query.travel_time.time': u'the next bus'},{},1,7,0,2,0,0,0,0,yes,2,2,3,1,0,0,2,3,1,0,0
20090925_018,011.raw,next bus,next bus,59.814,60.534,FALSE,ack,->inform$confirm_okay->inform$looking_up_database_first->inform$result,[],{u'result': u'54C'},{},1,8,0,2,0,0,0,0,next bus,3,2,3,1,1,0,2,3,1,1,0
20090925_018,014.raw,when next e,next,75.602,77.402,FALSE,hold-on,->inform$looking_up_database_subsequent->inform$result,[],{u'result': u'54C'},{},1,11,0,2,0,0,0,0,when next e,3,2,3,1,2,0,2,3,1,2,0
20090925_023,002.raw,forbes avenue,forbes avenue,22.227,23.487,FALSE,ack,->inform$confirm_okay->request$query.departure_place,[],{},{u'from.desc': u'forbes avenue'},0,0,0,0,0,0,0,0,<place>nue,1,0,1,0,0,0,0,1,0,0,0
20090925_023,003.raw,kennywood park,kennywood park,28.061,28.981,FALSE,impl-conf,->implicit_confirm$query.departure_place->request$query.arrival_place,[],{u'query.departure_place': u'FORBES AVENUE'},{u'to.monument': u'kennywood park'},0,0,0,0,0,0,0,0,<place>,1,0,2,0,0,0,0,2,0,0,0
20090925_023,004.raw,ten a m,ten a m,35.047,35.887,FALSE,impl-conf,->implicit_confirm$query.arrival_place->request$exact_travel_time,[],{u'query.arrival_place': u'KENNYWOOD PARK'},{},0,0,0,0,0,0,0,0,<time>,2,0,2,1,0,0,0,2,1,0,0
20090925_023,005.raw,goodbye,goodbye,67.819,68.199,FALSE,impl-conf,->implicit_confirm$query.travel_time.time->inform$looking_up_database_first->inform$result->request$next_query,[],"{u'query.travel_time.time': u'Leaving at 10 a.m.', u'result': u'61C'}",{},0,0,0,0,0,0,0,0,goodbye,3,0,2,1,1,0,0,2,1,1,0
20090925_024,002.raw,oakland,oakland,21.173,21.693,FALSE,impl-conf,->implicit_confirm$query.departure_place->request$query.arrival_place,[],{u'query.departure_place': u'FORWARD AVENUE'},{u'to.neighborhood': u'oakland'},0,0,0,0,0,0,0,0,<place>,1,0,1,0,0,0,0,1,0,0,0
20090925_024,003.raw,eight thirty,eight thirty,27.071,27.791,FALSE,impl-conf,->implicit_confirm$query.arrival_place->request$query.travel_time,[],{u'query.arrival_place': u'OAKLAND'},{},0,0,0,0,0,0,0,0,<time> thirty,0,1,1,0,0,0,1,1,0,0,0
20090925_024,004.raw,new query,start a new query,53.999,54.639,FALSE,impl-conf,->implicit_confirm$query.travel_time.time->inform$looking_up_database_first->inform$result->request$next_query,[],"{u'query.travel_time.time': u'Leaving at 8 30 p.m.', u'result': u'59U'}",{},1,1,0,0,0,0,0,0,new query,3,1,1,0,1,0,1,1,0,1,0
20090925_024,007.raw,oakland,oakland,71.103,71.573,FALSE,impl-conf,->implicit_confirm$query.departure_place->request$query.arrival_place,[],{u'query.departure_place': u'FORWARD AVENUE'},{u'to.neighborhood': u'oakland'},0,1,0,0,0,0,0,0,<place>,1,1,2,0,1,0,1,2,0,1,0
20090925_024,008.raw,eight thirty,eight thirty,76.789,77.469,FALSE,impl-conf,->implicit_confirm$query.arrival_place->request$query.travel_time,[],{u'query.arrival_place': u'OAKLAND'},{},0,1,0,0,0,0,0,0,<time> thirty,0,2,2,0,1,0,2,2,0,1,0
20090925_025,002.raw,when is the next,when is the next,22.341,23.771,FALSE,request,->inform$nonunderstanding_subsequent_moveon->request$query.departure_place,[],{},{},0,1,0,0,0,0,0,0,when is the next,1,0,1,0,0,0,0,1,0,0,0
20090925_025,006.raw,uptown,uptown,32.293,32.773,FALSE,request,->request$departure_neighborhood,[],{},{u'from.neighborhood': u'uptown'},0,1,0,0,0,0,0,0,<uncovered_place>,1,0,2,0,0,0,0,2,0,0,0
20090925_025,013.raw,fifth and shady stowe avenue,fifth and shady avenue,76.997,79.447,FALSE,impl-conf,->implicit_confirm$query.departure_place->request$query.arrival_place,[],{u'query.departure_place': u'FIFTH AVENUE'},{u'to.desc': u'fifth and shady avenue'},0,1,0,0,0,0,0,0,<place> and <place> <uncovered_place> avenue,1,0,3,0,0,0,0,3,0,0,0
20090925_025,018.raw,yes,yes,101.459,101.769,FALSE,impl-conf,->implicit_confirm$query.travel_time.time->inform$looking_up_database_first,[],{u'query.travel_time.time': u'The next bus'},{},1,2,0,0,0,0,0,0,yes,2,0,3,1,0,0,0,3,1,0,0
20090925_026,002.raw,no,no,22.503,22.943,FALSE,expl-conf,->explicit_confirm$query.departure_place,[],{u'query.departure_place': u'WIGHTMAN AND FORBES'},{},0,0,0,0,0,0,0,0,no,1,0,1,0,0,0,0,1,0,0,0
20090925_026,003.raw,yes,yes,27.313,27.603,FALSE,expl-conf,->explicit_confirm$query.departure_place,[],{u'query.departure_place': u'CMU'},{},0,0,0,0,0,0,0,0,yes,1,0,2,0,0,0,0,2,0,0,0
20090925_026,004.raw,yes,yes,32.841,33.181,FALSE,ack,->inform$confirm_okay->explicit_confirm$query.travel_time.time,[],{u'query.travel_time.time': u'the next bus'},{},0,0,0,0,0,0,0,0,yes,2,0,2,1,0,0,0,2,1,0,0
20090925_026,005.raw,wightman in wilkins,wightman in wilkins,37.887,39.387,FALSE,ack,->inform$confirm_okay->request$query.arrival_place,[],{},{u'to.desc': u'wightman'},0,0,0,0,0,0,0,0,<place> in <uncovered_place>,0,1,2,1,0,0,1,2,1,0,0
20090925_026,008.raw,squirell hill,squirell hill,71.491,72.221,FALSE,impl-conf,->implicit_confirm$query.departure_place->request$query.arrival_place,[],{u'query.departure_place': u'CMU'},{},0,0,0,0,0,0,0,0,squirell hill,1,1,3,1,0,0,1,3,1,0,0
20090925_026,009.raw,squirrel hill,squirrel hill,75.405,76.225,FALSE,request,->request$query.arrival_place,[],{},{u'to.neighborhood': u'squirrel hill'},0,0,0,0,0,0,0,0,<neighborhood>,0,2,3,1,0,0,2,3,1,0,0
20090925_026,010.raw,now,now,81.383,81.823,FALSE,impl-conf,->implicit_confirm$query.arrival_place->request$query.travel_time,[],{u'query.arrival_place': u'SQUIRREL HILL'},{u'time.rel': u'next'},0,0,0,0,0,0,0,0,now,0,3,3,1,0,0,3,3,1,0,0
20090925_028,003.raw,to mckeesport,to mckeesport,30.059,30.839,FALSE,impl-conf,->implicit_confirm$query.departure_place->request$query.arrival_place,[],{u'query.departure_place': u'HOMESTEAD'},{},0,2,0,0,0,0,0,0,to <neighborhood>,1,0,1,0,0,0,0,1,0,0,0
20090925_028,004.raw,now,now,35.795,36.375,FALSE,impl-conf,->implicit_confirm$query.arrival_place->request$query.travel_time,[],{u'query.arrival_place': u'MCKEESPORT'},{u'time.rel': u'next'},0,2,0,0,0,0,0,0,now,0,1,1,0,0,0,1,1,0,0,0
20090925_028,005.raw,when is next bus,when is next bus,60.465,61.345,FALSE,impl-conf,->implicit_confirm$query.travel_time.time->inform$looking_up_database_first->inform$result->request$next_query,[],"{u'query.travel_time.time': u'The next bus', u'result': u'61C'}",{},1,3,0,0,0,0,0,0,when is next bus,3,1,1,0,1,0,1,1,0,1,0
20090925_029,009.raw,yes,yes,45.898,47.208,FALSE,expl-conf,->explicit_confirm$query.departure_place,[],{u'query.departure_place': u'FOURTH'},{},0,2,0,0,0,0,0,0,yes,1,0,1,0,0,0,0,1,0,0,0
20090925_029,010.raw,hello for side fifth,hello for side fifth,52.046,53.336,FALSE,expl-conf,->explicit_confirm$query.departure_place,[],{u'query.departure_place': u'FOURTH'},{},0,2,0,0,0,0,0,0,hello for side <place>,1,0,2,0,0,0,0,2,0,0,0
20090925_029,011.raw,homeville waterworks,homeville waterworks,57.138,58.668,FALSE,expl-conf,->explicit_confirm$query.departure_place,[],{u'query.departure_place': u'FIFTH'},{},0,2,0,0,0,0,0,0,homeville <uncovered_place>,1,0,3,0,0,0,0,3,0,0,0
20090925_029,012.raw,no,no,62.956,63.366,FALSE,expl-conf,->explicit_confirm$query.departure_place,[],{u'query.departure_place': u'FIFTH'},{},0,2,0,0,0,0,0,0,no,1,0,4,0,0,0,0,4,0,0,0
20090925_030,001.raw,yes hell,yes hell,15.423,16.113,FALSE,expl-conf,->explicit_confirm$query.departure_place,[],{u'query.departure_place': u'BELL'},{},0,0,0,0,0,0,0,0,yes hell,1,0,1,0,0,0,0,1,0,0,0
20090925_030,002.raw,no,no,24.275,24.635,FALSE,expl-conf,->explicit_confirm$query.departure_place,[],{u'query.departure_place': u'BELL'},{},0,0,0,0,0,0,0,0,no,1,0,2,0,0,0,0,2,0,0,0
20090925_033,005.raw,yes,yes,26.315,28.785,FALSE,impl-conf,->implicit_confirm$query.route_number->explicit_confirm$query.departure_place,[],"{u'query.route_number': u'54C', u'query.departure_place': u'EIGHTEENTH'}",{},0,1,0,0,0,0,0,0,yes,1,0,1,0,0,0,0,1,0,0,0
20090925_033,008.raw,no,no,34.441,35.011,FALSE,ack,->inform$confirm_okay->request$query.arrival_place,[],{},{},0,1,0,0,0,0,0,0,no,0,1,1,0,0,0,1,1,0,0,0
20090925_033,010.raw,the oakland,the oakland,42.463,43.033,FALSE,example,->request$query.arrival_place,[],{},{u'to.neighborhood': u'oakland'},0,1,0,0,0,0,0,0,the <place>,0,2,1,0,0,0,2,1,0,0,0
20090925_034,004.raw,arlington avenue,arlington avenue,24.717,25.987,FALSE,ack,->inform$confirm_okay->request$query.departure_place,[],{},{u'from.desc': u'arlington avenue'},0,2,0,0,0,0,0,0,<place> avenue,1,0,1,0,0,0,0,1,0,0,0
20090925_034,005.raw,yes,yes,30.669,31.049,FALSE,expl-conf,->explicit_confirm$query.departure_place,[],{u'query.departure_place': u'ARLINGTON AVENUE'},{},0,2,0,0,0,0,0,0,yes,1,0,2,0,0,0,0,2,0,0,0
20090925_034,006.raw,oakland,oakland,34.179,34.709,FALSE,ack,->inform$confirm_okay->request$query.arrival_place,[],{},{u'to.neighborhood': u'oakland'},0,2,0,0,0,0,0,0,<place>,0,1,2,0,0,0,1,2,0,0,0
20090925_034,007.raw,no,no,37.389,37.819,FALSE,impl-conf,->implicit_confirm$query.arrival_place->request$query.travel_time,[],{u'query.arrival_place': u'OAKLAND'},{},1,3,0,0,0,0,0,0,no,0,2,2,0,0,0,2,2,0,0,0
20090925_034,008.raw,now,now,40.387,40.817,FALSE,request,->request$query.travel_time,[],{},{u'time.rel': u'next'},0,3,0,0,0,0,0,0,now,2,2,2,1,0,0,2,2,1,0,0
20090925_034,009.raw,oakland,oakland,45.099,45.639,FALSE,impl-conf,->implicit_confirm$query.travel_time.time->request$query.arrival_place,[],{u'query.travel_time.time': u'The next bus'},{u'to.neighborhood': u'oakland'},0,3,0,0,0,0,0,0,<place>,0,3,2,1,0,0,3,2,1,0,0
20090925_037,002.raw,yes,yes,21.862,22.132,FALSE,ack,->inform$confirm_okay->explicit_confirm$query.departure_place,[],{u'query.departure_place': u'OAKLAND'},{},0,1,0,0,0,0,0,0,yes,1,0,1,0,0,0,0,1,0,0,0
20090925_037,004.raw,yes,yes,30.226,30.486,FALSE,expl-conf,->explicit_confirm$query.travel_time.time,[],{u'query.travel_time.time': u'the next bus'},{},0,2,0,0,0,0,0,0,yes,2,0,1,1,0,0,0,1,1,0,0
20090925_037,005.raw,bloomfield,bloomfield,33.16,34.11,FALSE,ack,->inform$confirm_okay->request$query.arrival_place,[],{},{u'to.neighborhood': u'bloomfield'},0,2,0,0,0,0,0,0,<place>,0,1,1,1,0,0,1,1,1,0,0
20090925_038,002.raw,murray at hazelwood avenue,murray at hazelwood avenue,19.755,21.375,FALSE,ack,->inform$confirm_okay->request$query.departure_place,[],{},{},0,0,0,0,0,0,0,0,<place> at hazel<place> avenue,1,0,1,0,0,0,0,1,0,0,0
20090925_038,003.raw,yes,yes,26.387,26.677,FALSE,expl-conf,->explicit_confirm$query.departure_place,[],{u'query.departure_place': u'MURRAY AT HAZELWOOD AVENUE'},{},0,0,0,0,0,0,0,0,yes,1,0,2,0,0,0,0,2,0,0,0
20090925_038,004.raw,shadyside,shadyside,29.885,30.735,FALSE,ack,->inform$confirm_okay->request$query.arrival_place,[],{},{u'to.neighborhood': u'shadyside'},0,0,0,0,0,0,0,0,<place>,0,1,2,0,0,0,1,2,0,0,0
20090925_038,005.raw,yes,yes,34.579,34.859,FALSE,expl-conf,->explicit_confirm$query.arrival_place,[],{u'query.arrival_place': u'SHADYSIDE'},{},0,0,0,0,0,0,0,0,yes,0,2,2,0,0,0,2,2,0,0,0
20090925_039,002.raw,yes,yes,24.35,24.85,FALSE,ack,->inform$confirm_okay->explicit_confirm$query.travel_time.time,[],{u'query.travel_time.time': u'the next bus'},{},0,0,0,0,0,0,0,0,yes,2,0,0,1,0,0,0,0,1,0,0
20090925_039,003.raw,bloomfield,bloomfield,29.48,30.1,FALSE,ack,->inform$confirm_okay->request$query.departure_place,[],{},{u'from.neighborhood': u'bloomfield'},0,0,0,0,0,0,0,0,<place>,1,0,1,1,0,0,0,1,1,0,0
20090925_039,004.raw,greenfield,greenfield,37.824,38.564,FALSE,impl-conf,->implicit_confirm$query.departure_place->request$query.arrival_place,[],{u'query.departure_place': u'BLOOMFIELD'},{u'to.neighborhood': u'greenfield'},0,0,0,0,0,0,0,0,<place>,1,0,2,1,0,0,0,2,1,0,0
20090925_039,008.raw,pearl and liberty,pearl and liberty,75.82,76.81,FALSE,ack,->inform$confirm_okay->request$query.departure_place,[],{},{u'from.desc': u'pearl and liberty'},0,0,0,0,0,0,0,0,<place>,1,0,3,1,0,0,0,3,1,0,0
20090925_039,009.raw,yes,yes,81.536,81.826,FALSE,expl-conf,->explicit_confirm$query.departure_place,[],{u'query.departure_place': u'PEARL AND LIBERTY'},{},0,0,0,0,0,0,0,0,yes,1,0,4,1,0,0,0,4,1,0,0
20090925_039,010.raw,forbes and craig,forbes and craig,86.852,87.882,FALSE,ack,->inform$confirm_okay->request$query.arrival_place,[],{},{u'to.desc': u'forbes and craig'},0,0,0,0,0,0,0,0,<place> and <place>,0,1,4,1,0,0,1,4,1,0,0
20090925_039,011.raw,yes,yes,92.308,92.668,FALSE,expl-conf,->explicit_confirm$query.arrival_place,[],{u'query.arrival_place': u'FORBES AND CRAIG'},{},0,0,0,0,0,0,0,0,yes,0,2,4,1,0,0,2,4,1,0,0
20090925_039,012.raw,when is the next bus,when is the next bus,123.574,124.694,FALSE,ack,->inform$confirm_okay->inform$looking_up_database_first->inform$result->request$next_query,[],{u'result': u'54C'},{},0,0,0,0,0,0,0,0,when is the next bus,3,2,4,1,1,0,2,4,1,1,0
20090925_046,004.raw,yes,yes,30.09,30.37,FALSE,expl-conf,->explicit_confirm$query.departure_place,[],{u'query.departure_place': u'LIBERTY AND MILLVALE'},{},0,0,0,0,0,0,0,0,yes,1,0,1,0,0,0,0,1,0,0,0
20090925_046,005.raw,fifth and bigelow,fifth and bigelow,34.496,35.566,FALSE,ack,->inform$confirm_okay->request$query.arrival_place,[],{},{u'to.desc': u'fifth and bigelow'},0,0,0,0,0,0,0,0,<place> and <place>,0,1,1,0,0,0,1,1,0,0,0
20090925_046,006.raw,yes,yes,39.808,40.098,FALSE,expl-conf,->explicit_confirm$query.arrival_place,[],{u'query.arrival_place': u'FIFTH AND BIGELOW'},{},0,0,0,0,0,0,0,0,yes,0,2,1,0,0,0,2,1,0,0,0
20090925_050,006.raw,yes,yes,43.789,44.139,FALSE,ack,->inform$confirm_okay->explicit_confirm$query.travel_time.time,[],{u'query.travel_time.time': u'the next bus'},{},0,1,0,0,0,0,0,0,yes,2,0,0,1,0,0,0,0,1,0,0
20090925_050,007.raw,kennywood,kennywood,48.013,48.853,FALSE,ack,->inform$confirm_okay->request$query.departure_place,[],{},{u'from.desc': u'kennywood'},0,1,0,0,0,0,0,0,<place>,1,0,1,1,0,0,0,1,1,0,0
20090925_050,008.raw,downtown,downtown,53.369,54.239,FALSE,impl-conf,->implicit_confirm$query.departure_place->request$query.arrival_place,[],{u'query.departure_place': u'KENNYWOOD'},{u'to.neighborhood': u'downtown'},0,1,0,0,0,0,0,0,<neighborhood>,1,0,2,1,0,0,0,2,1,0,0
20090925_050,009.raw,when is the next bus,when is the next bus,81.037,82.767,FALSE,impl-conf,->implicit_confirm$query.arrival_place->inform$looking_up_database_first->inform$result->request$next_query,[],"{u'result': u'61C', u'query.arrival_place': u'DOWNTOWN'}",{},1,2,0,0,0,0,0,0,when is the next bus,3,0,2,1,1,0,0,2,1,1,0
20090925_050,012.raw,after 12a,after 12a,93.005,93.975,FALSE,hold-on,->inform$looking_up_database_subsequent->inform$error,[],{u'error': u'61C'},{u'route': u'12a'},1,5,0,0,0,0,0,0,after <uncovered_route>,4,0,2,1,1,1,0,2,1,1,1
20090925_054,002.raw,radisson,radisson,26.647,27.287,FALSE,request,->request$query.departure_place,[],{},{u'from.desc': u'radisson'},0,0,0,0,0,0,0,0,radisson,1,0,1,0,0,0,0,1,0,0,0
20090925_054,003.raw,downtown pittsburgh,downtown pittsburgh,34.739,35.919,FALSE,request,->inform$nonunderstanding_moveon->inform$neighborhood_strategy->request$departure_neighborhood,[],{},{u'from.neighborhood': u'downtown pittsburgh'},0,0,0,0,0,0,0,0,<neighborhood> <place>sburgh,1,0,2,0,0,0,0,2,0,0,0
20090925_054,005.raw,forbes,forbes,47.893,48.503,FALSE,ack,->inform$confirm_okay->request$departure_stop_in_neighborhood,[],{u'departure_stop_in_neighborhood': u'DOWNTOWN PITTSBURGH'},{u'from.desc': u'forbes'},0,0,0,0,0,0,0,0,<place>,1,0,3,0,0,0,0,3,0,0,0
20090925_054,007.raw,arnold,i dont know,60.723,61.173,FALSE,request,->request$departure_stop_in_neighborhood,[],{},{},0,0,0,0,0,0,0,0,<uncovered_place>,1,0,4,0,0,0,0,4,0,0,0
20090925_054,008.raw,wall know,wall know,67.823,68.393,FALSE,request,->request$departure_stop_in_neighborhood,[],{u'departure_stop_in_neighborhood': u'DOWNTOWN PITTSBURGH'},{},0,0,0,0,0,0,0,0,<uncovered_place> know,1,0,5,0,0,0,0,5,0,0,0
20090925_054,010.raw,wall homestead,wall homestead,88.071,89.081,FALSE,impl-conf,->implicit_confirm$query.departure_place->request$query.arrival_place,[],{u'query.departure_place': u'MALL'},{},0,0,0,0,0,0,0,0,<uncovered_place> <neighborhood>,1,0,6,0,0,0,0,6,0,0,0
20090925_054,011.raw,yes,yes,93.513,93.903,FALSE,expl-conf,->explicit_confirm$query.arrival_place,[],{u'query.arrival_place': u'HOMESTEAD'},{},0,0,0,0,0,0,0,0,yes,0,1,6,0,0,0,1,6,0,0,0
20090925_054,014.raw,twelve thirty,twelve thirty,112.761,113.521,FALSE,request,->request$query.travel_time,[],{},{},0,0,0,0,0,0,0,0,<time> thirty,2,1,6,1,0,0,1,6,1,0,0
20090926_000,003.raw,yes,yes,21.556,21.836,FALSE,expl-conf,->explicit_confirm$query.departure_place,[],{u'query.departure_place': u'FIFTH AND CHESTERFIELD'},{},0,0,0,0,0,0,0,0,yes,1,0,1,0,0,0,0,1,0,0,0
20090926_000,004.raw,from jones wall,from jones wall,25.16,26.05,FALSE,ack,->inform$confirm_okay->request$query.arrival_place,[],{},{},0,0,0,0,0,0,0,0,from <place> <uncovered_place>,0,1,1,0,0,0,1,1,0,0,0
20090926_000,005.raw,brownsville and boggs,brownsville and boggs,28.902,29.832,FALSE,example,->request$query.arrival_place,[],{},{u'to.desc': u'brownsville and boggs'},1,1,0,0,0,0,0,0,<place> and boggs,0,2,1,0,0,0,2,1,0,0,0
20090926_000,006.raw,no,no,33.874,34.204,FALSE,expl-conf,->explicit_confirm$query.arrival_place,[],{u'query.arrival_place': u'BROWNSVILLE'},{},0,1,0,0,0,0,0,0,no,0,3,1,0,0,0,3,1,0,0,0
20090926_000,007.raw,brownsville and bausman,brownsville and bausman,36.562,37.832,FALSE,request,->request$query.arrival_place,[],{},{u'to.desc': u'brownsville and bausman'},0,1,0,0,0,0,0,0,<place> and <place>,0,4,1,0,0,0,4,1,0,0,0
20090926_000,008.raw,yes,yes,43.174,43.404,FALSE,expl-conf,->explicit_confirm$query.arrival_place,[],{u'query.arrival_place': u'BROWNSVILLE AND BAUSMAN'},{},0,1,0,0,0,0,0,0,yes,0,5,1,0,0,0,5,1,0,0,0
20090926_002,002.raw,swissvale,swissvale,23.018,23.488,FALSE,impl-conf,->implicit_confirm$query.departure_place->request$query.arrival_place,[],{u'query.departure_place': u'DYNAMO WAY'},{u'to.neighborhood': u'swissvale'},0,0,0,0,0,0,0,0,<place>,1,0,1,0,0,0,0,1,0,0,0
20090926_002,003.raw,now,now,30.024,30.434,FALSE,impl-conf,->implicit_confirm$query.arrival_place->request$query.travel_time,[],{u'query.arrival_place': u'SWISSVALE'},{u'time.rel': u'next'},0,0,0,0,0,0,0,0,now,0,1,1,0,0,0,1,1,0,0,0
20090926_003,002.raw,mckeesport,mckeesport,23.186,23.856,FALSE,impl-conf,->implicit_confirm$query.departure_place->request$query.arrival_place,[],{u'query.departure_place': u'EIGHTH AVE'},{u'to.neighborhood': u'mckeesport'},0,0,0,0,0,0,0,0,<neighborhood>,1,0,1,0,0,0,0,1,0,0,0
20090926_003,004.raw,mckeesport,mckeesport,30.87,31.51,FALSE,impl-conf,->implicit_confirm$query.arrival_place,[],{u'query.arrival_place': u'MCKEESPORT'},{u'to.neighborhood': u'mckeesport'},0,0,0,0,0,0,0,0,<neighborhood>,0,1,1,0,0,0,1,1,0,0,0
20090926_003,005.raw,next bus,next bus,34.15,34.75,FALSE,request,->request$query.travel_time,[],{},{},0,0,0,0,0,0,0,0,next bus,2,1,1,1,0,0,1,1,1,0,0
20090926_004,009.raw,yeah,yeah,85.971,86.191,FALSE,expl-conf,->explicit_confirm$query.departure_place,[],{u'query.departure_place': u'SOUTH'},{},0,3,0,0,0,0,0,0,yeah,1,0,1,0,0,0,0,1,0,0,0
20090926_005,002.raw,greenfield,greenfield,22.088,22.678,FALSE,impl-conf,->implicit_confirm$query.departure_place->request$query.arrival_place,[],{u'query.departure_place': u'HOMESTEAD'},{u'to.neighborhood': u'greenfield'},0,0,0,0,0,0,0,0,<place>,1,0,1,0,0,0,0,1,0,0,0
20090926_005,003.raw,next bus,next bus,29.074,29.884,FALSE,impl-conf,->implicit_confirm$query.arrival_place->request$query.travel_time,[],{u'query.arrival_place': u'GREENFIELD'},{},0,0,0,0,0,0,0,0,next bus,0,1,1,0,0,0,1,1,0,0,0
20090926_005,004.raw,ann and bell,ann and bell,40.938,41.398,FALSE,impl-conf,->implicit_confirm$query.travel_time.time->inform$looking_up_database_first->inform$result,[],"{u'query.travel_time.time': u'The next bus', u'result': u'61C'}",{u'to.desc': u'ann at bell'},1,1,0,0,0,0,0,0,<place> and <place>,3,1,1,0,1,0,1,1,0,1,0
20090926_013,004.raw,downtown,downtown,53.724,54.554,FALSE,ack,->inform$confirm_okay->request$query.departure_place,[],{},{u'from.neighborhood': u'downtown'},0,2,0,0,0,0,0,0,<neighborhood>,1,0,1,0,0,0,0,1,0,0,0
20090926_013,005.raw,wilkinburg,wilkinburg,59.08,60.02,FALSE,impl-conf,->implicit_confirm$query.departure_place->request$query.arrival_place,[],{u'query.departure_place': u'DOWNTOWN'},{u'to.neighborhood': u'wilkinsburg'},0,2,0,0,0,0,0,0,wilkinburg,1,0,2,0,0,0,0,2,0,0,0
20090926_013,006.raw,wilkinsburg,wilkinsburg,62.768,63.818,FALSE,request,->request$query.arrival_place,[],{},{u'to.neighborhood': u'wilkinsburg'},0,2,0,0,0,0,0,0,<neighborhood>,0,1,2,0,0,0,1,2,0,0,0
20090926_013,007.raw,correct,correct,67.838,68.578,FALSE,expl-conf,->explicit_confirm$query.arrival_place,[],{u'query.arrival_place': u'WILKINSBURG'},{},0,2,0,0,0,0,0,0,correct,0,2,2,0,0,0,2,2,0,0,0
20090926_013,009.raw,when is the next bus,when is the next bus,99.978,101.098,FALSE,impl-conf,->implicit_confirm$query.travel_time.time->inform$looking_up_database_first->inform$result->request$next_query,[],"{u'query.travel_time.time': u'Leaving at 5 a.m.', u'result': u'61A'}",{},1,3,0,0,0,0,0,0,when is the next bus,3,2,2,0,1,0,2,2,0,1,0
20090926_013,010.raw,when is the it that,when is the it that,113.648,115.038,FALSE,hold-on,->inform$looking_up_database_subsequent->inform$result->request$next_query,[],{u'result': u'61A'},{},1,4,0,0,0,0,0,0,when is the it that,3,2,2,0,2,0,2,2,0,2,0
20090926_014,011.raw,rodi road seven down halfway center,rodi road seven down halfway center,77.322,79.572,FALSE,expl-conf,->explicit_confirm$query.departure_place,[],{u'query.departure_place': u'ALMA AT HALDANE'},{},0,2,0,0,0,0,0,0,<uncovered_place> <time> down halfway <uncovered_place>,1,0,1,0,0,0,0,1,0,0,0
20090926_014,012.raw,no,no,83.668,84.148,FALSE,expl-conf,->explicit_confirm$query.departure_place,[],{u'query.departure_place': u'ALMA AT HALDANE'},{},0,2,0,0,0,0,0,0,no,1,0,2,0,0,0,0,2,0,0,0
20090926_014,013.raw,br,br,84.928,85.338,FALSE,expl-conf,->explicit_confirm$query.departure_place,[],{u'query.departure_place': u'BELL'},{},1,3,0,0,0,0,0,0,br,1,0,3,0,0,0,0,3,0,0,0
20090926_014,014.raw,no,no,89.206,89.656,FALSE,expl-conf,->explicit_confirm$query.departure_place,[],{u'query.departure_place': u'BELL'},{},0,3,0,0,0,0,0,0,no,1,0,4,0,0,0,0,4,0,0,0
20090926_014,015.raw,yes,yes,93.43,93.93,FALSE,expl-conf,->explicit_confirm$query.departure_place,[],{u'query.departure_place': u'HAWKINS'},{},0,3,0,0,0,0,0,0,yes,1,0,5,0,0,0,0,5,0,0,0
20090926_014,018.raw,no,no,126.336,126.966,FALSE,expl-conf,->explicit_confirm$query.departure_place,[],{u'query.departure_place': u'MCKEE'},{},0,3,0,0,0,0,0,0,no,1,0,6,0,0,0,0,6,0,0,0
20090926_016,005.raw,mckeesport,mckeesport,36.296,37.296,FALSE,ack,->inform$confirm_okay->request$query.departure_place,[],{},{u'from.neighborhood': u'mckeesport'},0,1,0,0,0,0,0,0,<neighborhood>,1,0,1,0,0,0,0,1,0,0,0
20090926_016,006.raw,yes,yes,41.736,42.016,FALSE,expl-conf,->explicit_confirm$query.departure_place,[],{u'query.departure_place': u'MCKEESPORT'},{},0,1,0,0,0,0,0,0,yes,1,0,2,0,0,0,0,2,0,0,0
20090926_016,007.raw,squirrel hill,squirrel hill,47.804,48.434,FALSE,ack,->inform$confirm_okay->request$query.arrival_place,[],{},{u'to.neighborhood': u'squirrel hill'},0,1,0,0,0,0,0,0,<neighborhood>,0,1,2,0,0,0,1,2,0,0,0
20090926_016,008.raw,beechwood,beechwood,54.698,55.318,FALSE,impl-conf,->implicit_confirm$query.arrival_place->request$query.travel_time,[],{u'query.arrival_place': u'SQUIRREL HILL'},{},0,1,0,0,0,0,0,0,beech<place>,0,2,2,0,0,0,2,2,0,0,0
20090926_016,009.raw,now,now,59.524,59.944,FALSE,request,->request$query.travel_time,[],{},{u'time.rel': u'next'},0,1,0,0,0,0,0,0,now,2,2,2,1,0,0,2,2,1,0,0
20090926_017,005.raw,yes,no,29.127,29.617,FALSE,expl-conf,->explicit_confirm$query.departure_place,[],{u'query.departure_place': u'PITT'},{},0,0,0,0,0,0,0,0,yes,1,0,1,0,0,0,0,1,0,0,0
20090926_017,010.raw,no,no,68.623,69.313,FALSE,expl-conf,->explicit_confirm$query.departure_place,[],{u'query.departure_place': u'JONES'},{},0,0,0,0,0,0,0,0,no,1,0,2,0,0,0,0,2,0,0,0
20090926_017,014.raw,no,no,88.109,88.729,FALSE,expl-conf,->explicit_confirm$query.departure_place,[],{u'query.departure_place': u'LYSLE AND EVANS'},{},0,0,0,0,0,0,0,0,no,1,0,3,0,0,0,0,3,0,0,0
20090926_019,004.raw,no,no,29.453,29.833,FALSE,expl-conf,->explicit_confirm$query.departure_place,[],{u'query.departure_place': u'PITTSBURGH'},{},0,3,0,0,0,0,0,0,no,1,0,1,0,0,0,0,1,0,0,0
20090926_020,004.raw,mckeesport,mckeesport,25.705,26.315,FALSE,ack,->inform$confirm_okay->request$query.departure_place,[],{},{u'from.neighborhood': u'mckeesport'},0,1,0,0,0,0,0,0,<neighborhood>,1,0,1,0,0,0,0,1,0,0,0
20090926_020,005.raw,eighth and ann,eighth and ann,30.737,31.527,FALSE,impl-conf,->implicit_confirm$query.departure_place->request$query.arrival_place,[],{u'query.departure_place': u'MCKEESPORT'},{u'to.desc': u'eighth and ann'},0,1,0,0,0,0,0,0,<place>,1,0,2,0,0,0,0,2,0,0,0
20090926_020,006.raw,yes,yes,35.183,35.633,FALSE,expl-conf,->explicit_confirm$query.arrival_place,[],{u'query.arrival_place': u'EIGHTH AND ANN'},{},1,2,0,0,0,0,0,0,yes,0,1,2,0,0,0,1,2,0,0,0
20090926_020,008.raw,next bus,next bus,57.223,58.023,FALSE,impl-conf,->implicit_confirm$query.travel_time.time->inform$looking_up_database_first->inform$result->request$next_query,[],"{u'query.travel_time.time': u'The next bus', u'result': u'61C'}",{},1,3,0,0,0,0,0,0,next bus,3,1,2,0,1,0,1,2,0,1,0
20090926_022,002.raw,downtown,downtown,21.29,21.94,FALSE,impl-conf,->implicit_confirm$query.departure_place->request$query.arrival_place,[],{u'query.departure_place': u'MCKEESPORT'},{u'to.neighborhood': u'downtown'},0,0,0,0,0,0,0,0,<neighborhood>,1,0,1,0,0,0,0,1,0,0,0
20090926_022,003.raw,next bus,next bus,26.652,27.432,FALSE,impl-conf,->implicit_confirm$query.arrival_place->request$query.travel_time,[],{u'query.arrival_place': u'DOWNTOWN'},{},0,0,0,0,0,0,0,0,next bus,0,1,1,0,0,0,1,1,0,0,0
20090926_022,004.raw,previous bus,previous bus,48.756,49.676,FALSE,impl-conf,->implicit_confirm$query.travel_time.time->inform$looking_up_database_first->inform$result->request$next_query,[],"{u'query.travel_time.time': u'The next bus', u'result': u'61C'}",{},1,1,0,0,0,0,0,0,previous bus,3,1,1,0,1,0,1,1,0,1,0
20090926_022,005.raw,next bus,next bus,65.194,65.914,FALSE,hold-on,->inform$looking_up_database_subsequent->inform$result->request$next_query,[],{u'result': u'61C'},{},1,2,0,0,0,0,0,0,next bus,3,1,1,0,2,0,1,1,0,2,0
20090926_022,006.raw,when is the next bus,when is the next bus,87.398,88.458,FALSE,hold-on,->inform$looking_up_database_subsequent->inform$result->request$next_query,[],{u'result': u'61C'},{},1,3,0,0,0,0,0,0,when is the next bus,3,1,1,0,3,0,1,1,0,3,0
20090926_024,004.raw,yes,yes,31.777,32.207,FALSE,expl-conf,->explicit_confirm$query.travel_time.time,[],{u'query.travel_time.time': u'the next bus'},{},1,2,0,0,0,0,0,0,yes,2,0,0,1,0,0,0,0,1,0,0
20090926_024,005.raw,millvale,millvale,39.103,39.773,FALSE,ack,->inform$confirm_okay->request$query.departure_place,[],{},{u'from.desc': u'millvale'},0,2,0,0,0,0,0,0,<place>,1,0,1,1,0,0,0,1,1,0,0
20090926_024,006.raw,downtown,downtown,44.927,45.737,FALSE,impl-conf,->implicit_confirm$query.departure_place->request$query.arrival_place,[],{u'query.departure_place': u'MILLVALE'},{u'to.neighborhood': u'downtown'},0,2,0,0,0,0,0,0,<neighborhood>,1,0,2,1,0,0,0,2,1,0,0
20090926_026,001.raw,yes,yes,17.991,18.381,FALSE,expl-conf,->explicit_confirm$query.departure_place,[],{u'query.departure_place': u'CARNEGIE MELLON'},{},0,0,0,0,0,0,0,0,yes,1,0,1,0,0,0,0,1,0,0,0
20090926_026,004.raw,goodbye,goodbye,65.561,66.011,FALSE,impl-conf,->implicit_confirm$query.travel_time.time->inform$looking_up_database_first->inform$result->request$next_query,[],"{u'query.travel_time.time': u'Leaving at 5 p.m.', u'result': u'28X'}",{},0,0,0,0,0,0,0,0,goodbye,3,0,1,0,1,0,0,1,0,1,0
20090926_027,001.raw,yes,yes,17.095,17.395,FALSE,expl-conf,->explicit_confirm$query.departure_place,[],{u'query.departure_place': u'SQUIRREL HILL'},{},0,0,0,0,0,0,0,0,yes,1,0,1,0,0,0,0,1,0,0,0
20090926_027,004.raw,yes,yes,26.699,26.939,FALSE,ack,->inform$confirm_okay->explicit_confirm$query.travel_time.time,[],{u'query.travel_time.time': u'the next bus'},{},0,0,0,0,0,0,0,0,yes,2,0,1,1,0,0,0,1,1,0,0
20090926_027,005.raw,when is the next bus,when is the next bus,47.923,48.883,FALSE,ack,->inform$confirm_okay->inform$looking_up_database_first->inform$result->request$next_query,[],{u'result': u'61C'},{},1,1,0,0,0,0,0,0,when is the next bus,3,0,1,1,1,0,0,1,1,1,0
20090926_029,005.raw,yes,yes,33.698,34.168,FALSE,expl-conf,->explicit_confirm$query.travel_time.time,[],{u'query.travel_time.time': u'the next bus'},{},1,3,0,0,0,0,0,0,yes,2,0,0,1,0,0,0,0,1,0,0
20090926_029,009.raw,yes,yes,54.544,54.994,FALSE,impl-conf,->implicit_confirm$query.travel_time.time->explicit_confirm$query.departure_place,[],"{u'query.departure_place': u'ANN AT TENTH', u'query.travel_time.time': u'The next bus'}",{},1,5,0,0,0,0,0,0,yes,1,0,1,1,0,0,0,1,1,0,0
20090926_029,014.raw,no bridgeville,no going to swissvale,71.352,72.672,FALSE,expl-conf,->explicit_confirm$query.arrival_place,[],{u'query.arrival_place': u'COAL AT SWISSVALE'},{},0,6,0,0,0,0,0,0,no <uncovered_place>,0,1,1,1,0,0,1,1,1,0,0
20090926_029,016.raw,yes,yes,80.41,80.68,FALSE,expl-conf,->explicit_confirm$query.arrival_place,[],{u'query.arrival_place': u'SWISSVALE'},{},1,8,0,0,0,0,0,0,yes,0,2,1,1,0,0,2,1,1,0,0
20090926_035,003.raw,no,no,17.309,17.969,FALSE,expl-conf,->explicit_confirm$query.departure_place,[],{u'query.departure_place': u'SIXTH'},{},1,2,0,0,0,0,0,0,no,1,0,1,0,0,0,0,1,0,0,0
20090926_035,006.raw,oakland,oakland,29.277,29.847,FALSE,ack,->inform$confirm_okay->request$query.departure_place,[],{},{u'from.neighborhood': u'oakland'},0,3,0,0,0,0,0,0,<place>,1,0,2,0,0,0,0,2,0,0,0
20090926_035,007.raw,north side,north side,34.013,34.783,FALSE,impl-conf,->implicit_confirm$query.departure_place->request$query.arrival_place,[],{u'query.departure_place': u'OAKLAND'},{u'to.neighborhood': u'north side'},0,3,0,0,0,0,0,0,<place> side,1,0,3,0,0,0,0,3,0,0,0
20090926_035,008.raw,next bus,next bus,39.203,39.973,FALSE,impl-conf,->implicit_confirm$query.arrival_place->request$query.travel_time,[],{u'query.arrival_place': u'NORTH SIDE'},{},0,3,0,0,0,0,0,0,next bus,0,1,3,0,0,0,1,3,0,0,0
20090926_035,009.raw,the previous bus,the previous bus,58.003,59.213,FALSE,impl-conf,->implicit_confirm$query.travel_time.time->inform$looking_up_database_first->inform$result->request$next_query,[],"{u'query.travel_time.time': u'The next bus', u'result': u'54C'}",{},1,4,0,0,0,0,0,0,the previous bus,3,1,3,0,1,0,1,3,0,1,0
20090926_036,002.raw,yes,yes,22.046,22.486,FALSE,expl-conf,->explicit_confirm$query.departure_place,[],{u'query.departure_place': u'SOUTH HILLS JUNCTION'},{},0,0,0,0,0,0,0,0,yes,1,0,1,0,0,0,0,1,0,0,0
20090926_036,003.raw,south side,south side,25.922,26.822,FALSE,ack,->inform$confirm_okay->request$query.arrival_place,[],{},{u'to.neighborhood': u'south side'},0,0,0,0,0,0,0,0,<place> side,0,1,1,0,0,0,1,1,0,0,0
20090926_036,004.raw,five o'clock,five o'clock,31.794,32.634,FALSE,impl-conf,->implicit_confirm$query.arrival_place->request$query.travel_time,[],{u'query.arrival_place': u'SOUTH SIDE'},{u'time.hour': 5},0,0,0,0,0,0,0,0,<time> o'clock,0,2,1,0,0,0,2,1,0,0,0
20090926_039,002.raw,wilkinsburg,wilkinsburg,22.932,23.692,FALSE,impl-conf,->implicit_confirm$query.departure_place->request$query.arrival_place,[],{u'query.departure_place': u'SQUIRREL HILL'},{u'to.neighborhood': u'wilkinsburg'},0,0,0,0,0,0,0,0,<neighborhood>,1,0,1,0,0,0,0,1,0,0,0
20090926_039,003.raw,now,now,28.808,29.198,FALSE,impl-conf,->implicit_confirm$query.arrival_place->request$query.travel_time,[],{u'query.arrival_place': u'WILKINSBURG'},{u'time.rel': u'next'},0,0,0,0,0,0,0,0,now,0,1,1,0,0,0,1,1,0,0,0
20090926_043,003.raw,road sixth avenue,sixth avenue,47.13,48.55,FALSE,expl-conf,->explicit_confirm$query.departure_place,[],{u'query.departure_place': u'SIXTH AVENUE'},{u'from.desc': u'sixth avenue'},1,2,0,1,0,0,0,0,road <place> avenue,1,0,1,0,0,0,0,1,0,0,0
20090926_043,004.raw,downtown pittsburgh to wall,downtown pittsburgh to wall,49.542,51.302,FALSE,impl-conf,->implicit_confirm$query.departure_place,[],{u'query.departure_place': u'SIXTH AVENUE'},{u'to.neighborhood': u'downtown pittsburgh'},1,3,0,1,0,0,0,0,<neighborhood> <place>sburgh to <uncovered_place>,1,0,2,0,0,0,0,2,0,0,0
20090926_043,005.raw,homestead,homestead,52.082,52.722,FALSE,expl-conf,->explicit_confirm$query.arrival_place,[],{u'query.arrival_place': u'DOWNTOWN PITTSBURGH'},{u'to.neighborhood': u'homestead'},1,4,0,1,0,0,0,0,<neighborhood>,0,1,2,0,0,0,1,2,0,0,0
20090926_043,006.raw,no,no,54.874,55.144,FALSE,expl-conf,->explicit_confirm$query.arrival_place,[],{u'query.arrival_place': u'HOMESTEAD'},{},1,5,0,1,0,0,0,0,no,0,2,2,0,0,0,2,2,0,0,0
20090926_046,010.raw,51c,51c,30.185,31.315,FALSE,impl-conf,->implicit_confirm$query.arrival_place->request$query.travel_time,[],{u'query.arrival_place': u'SEVENTH'},{u'route': u'51c'},0,5,0,0,0,0,0,0,<uncovered_route>,0,1,0,0,0,0,1,0,0,0,0
20090926_048,003.raw,mckeesport,mckeesport,41.398,42.098,FALSE,impl-conf,->implicit_confirm$query.departure_place->request$query.arrival_place,[],{u'query.departure_place': u'HOMESTEAD'},{u'to.neighborhood': u'mckeesport'},0,2,0,0,0,0,0,0,<neighborhood>,1,0,1,0,0,0,0,1,0,0,0
20090926_048,004.raw,yes,yes,45.184,45.494,FALSE,impl-conf,->implicit_confirm$query.arrival_place->request$query.travel_time,[],{u'query.arrival_place': u'MCKEESPORT'},{},1,3,0,0,0,0,0,0,yes,0,1,1,0,0,0,1,1,0,0,0
20090926_048,005.raw,now,now,46.494,46.924,FALSE,request,->request$query.travel_time,[],{},{u'time.rel': u'next'},1,4,0,0,0,0,0,0,now,2,1,1,1,0,0,1,1,1,0,0
20090926_048,006.raw,next bus,next bus,65.644,66.244,FALSE,impl-conf,->implicit_confirm$query.travel_time.time->inform$looking_up_database_first->inform$result->request$next_query,[],"{u'query.travel_time.time': u'The next bus', u'result': u'61C'}",{},1,5,0,0,0,0,0,0,next bus,3,1,1,1,1,0,1,1,1,1,0
20090926_050,003.raw,talk,talk,17.23,17.56,FALSE,expl-conf,->explicit_confirm$query.departure_place,[],{u'query.departure_place': u'BRIGHTON'},{},1,2,0,0,0,0,0,0,talk,1,0,1,0,0,0,0,1,0,0,0
20090926_050,007.raw,to homestead,to homestead,69.474,70.304,FALSE,ack,->inform$confirm_okay->request$query.arrival_place,[],{},{},0,4,0,2,0,0,0,0,to <neighborhood>,0,1,1,0,0,0,1,1,0,0,0
20090926_050,008.raw,yes,yes,74.738,75.068,FALSE,expl-conf,->explicit_confirm$query.arrival_place,[],{u'query.arrival_place': u'HOMESTEAD'},{},0,4,0,2,0,0,0,0,yes,0,2,1,0,0,0,2,1,0,0,0
20090926_050,010.raw,now,now,84.234,84.714,FALSE,request,->request$query.travel_time,[],{},{u'time.rel': u'next'},0,4,0,2,0,0,0,0,now,2,2,1,1,0,0,2,1,1,0,0
20090926_052,004.raw,bloomfield,bloomfield,21.736,22.306,FALSE,ack,->inform$confirm_okay->request$query.departure_place,[],{},{u'from.neighborhood': u'bloomfield'},0,1,0,0,0,0,0,0,<place>,1,0,1,0,0,0,0,1,0,0,0
20090926_052,005.raw,yes,yes,26.01,26.3,FALSE,expl-conf,->explicit_confirm$query.departure_place,[],{u'query.departure_place': u'BLOOMFIELD'},{},1,2,0,0,0,0,0,0,yes,1,0,2,0,0,0,0,2,0,0,0
20090926_052,006.raw,forest hills,forest hills,31.528,32.108,FALSE,ack,->inform$confirm_okay->request$query.arrival_place,[],{},{u'to.neighborhood': u'forest hills'},0,2,0,0,0,0,0,0,<uncovered_place>,0,1,2,0,0,0,1,2,0,0,0
20090926_052,009.raw,no bloomfield,no bloomfield,59.702,60.762,FALSE,expl-conf,->explicit_confirm$query.departure_place,[],{u'query.departure_place': u'NORTH'},{u'from.neighborhood': u'bloomfield'},1,4,0,0,0,0,0,0,no <place>,1,1,3,0,0,0,1,3,0,0,0
20090926_052,010.raw,yes,yes,64.606,65.026,FALSE,expl-conf,->explicit_confirm$query.departure_place,[],{u'query.departure_place': u'BLOOMFIELD'},{},1,5,0,0,0,0,0,0,yes,1,1,4,0,0,0,1,4,0,0,0
20090926_052,012.raw,forest hills,forest hills,69.372,70.082,FALSE,ack,->inform$confirm_okay->request$query.arrival_place,[],{},{u'to.neighborhood': u'forest hills'},0,5,0,0,0,0,0,0,<uncovered_place>,0,2,4,0,0,0,2,4,0,0,0
20090926_053,001.raw,no,no,8.584,9.004,FALSE,expl-conf,->explicit_confirm$query.departure_place,[],{u'query.departure_place': u'PITT'},{},0,1,0,0,0,0,0,0,no,1,0,1,0,0,0,0,1,0,0,0
20090926_053,002.raw,no,no,17.574,18.134,FALSE,expl-conf,->explicit_confirm$query.departure_place,[],{u'query.departure_place': u'PITT'},{},0,1,0,0,0,0,0,0,no,1,0,2,0,0,0,0,2,0,0,0
20090926_053,005.raw,mckeesport jefferson transportation center,mckeesport jefferson transportation center,31.004,33.804,FALSE,ack,->inform$confirm_okay->request$query.departure_place,[],{},{},0,1,0,0,0,0,0,0,<neighborhood> <uncovered_place> <place>,1,0,3,0,0,0,0,3,0,0,0
20090926_053,006.raw,yes,yes,37.832,38.102,FALSE,expl-conf,->explicit_confirm$query.departure_place,[],{u'query.departure_place': u'MCKEESPORT'},{},0,1,0,0,0,0,0,0,yes,1,0,4,0,0,0,0,4,0,0,0
20090926_053,009.raw,homestead,homestead,50.074,50.904,FALSE,request,->request$query.arrival_place,[],{},{u'to.neighborhood': u'homestead'},0,2,0,0,0,0,0,0,<neighborhood>,0,1,4,0,0,0,1,4,0,0,0
20090926_053,010.raw,yes,yes,54.694,55.104,FALSE,expl-conf,->explicit_confirm$query.arrival_place,[],{u'query.arrival_place': u'HOMESTEAD'},{},0,2,0,0,0,0,0,0,yes,0,2,4,0,0,0,2,4,0,0,0
20090926_055,009.raw,wal-mart,wal-mart,29.968,30.578,FALSE,expl-conf,->explicit_confirm$query.departure_place,[],{u'query.departure_place': u'WAL-MART'},{u'from.desc': u'walmart'},1,9,0,1,0,0,0,0,<place>,1,0,1,0,0,0,0,1,0,0,0
20090926_055,010.raw,help,help,31.646,32.206,FALSE,impl-conf,->implicit_confirm$query.departure_place,[],{u'query.departure_place': u'WAL-MART'},{},1,10,0,1,0,0,0,0,help,1,0,2,0,0,0,0,2,0,0,0
20090926_055,017.raw,41a,41a,49.238,49.908,FALSE,request,->request$query.departure_place,[],{},{u'route': u'41a'},1,17,0,2,0,0,0,0,<uncovered_route>,1,0,3,0,0,0,0,3,0,0,0
20090926_060,002.raw,by yes,by yes,21.961,22.981,FALSE,ack,->inform$confirm_okay->explicit_confirm$query.departure_place,[],{u'query.departure_place': u'EIGHTH'},{},0,1,0,0,0,0,0,0,by yes,1,0,1,0,0,0,0,1,0,0,0
20090926_060,004.raw,east pittsburgh,east pittsburgh,36.903,38.193,FALSE,request,->request$query.departure_place,[],{},{u'from.neighborhood': u'east pittsburgh'},0,1,0,1,0,0,0,0,east <place>sburgh,1,0,2,0,0,0,0,2,0,0,0
20090926_060,005.raw,yes,yes,42.161,42.741,FALSE,expl-conf,->explicit_confirm$query.departure_place,[],{u'query.departure_place': u'EAST PITTSBURGH'},{},1,2,0,1,0,0,0,0,yes,1,0,3,0,0,0,0,3,0,0,0
20090926_060,006.raw,swissvale,swissvale,48.165,48.875,FALSE,ack,->inform$confirm_okay->request$query.arrival_place,[],{},{u'to.neighborhood': u'swissvale'},0,2,0,1,0,0,0,0,<place>,0,1,3,0,0,0,1,3,0,0,0
20090926_060,007.raw,yes,yes,52.381,52.881,FALSE,expl-conf,->explicit_confirm$query.arrival_place,[],{u'query.arrival_place': u'SWISSVALE'},{},1,3,0,1,0,0,0,0,yes,0,2,3,0,0,0,2,3,0,0,0
20090926_060,009.raw,yes,yes,59.135,59.685,FALSE,impl-conf,->implicit_confirm$query.travel_time.time->inform$looking_up_database_first,[],{u'query.travel_time.time': u'The next bus'},{},1,4,0,1,0,0,0,0,yes,2,2,3,1,0,0,2,3,1,0,0
20090926_066,002.raw,yes,yes,18.051,18.401,FALSE,expl-conf,->explicit_confirm$query.departure_place,[],{u'query.departure_place': u'WEST PENN HOSPITAL'},{},1,2,0,0,0,0,0,0,yes,1,0,1,0,0,0,0,1,0,0,0
20090926_066,004.raw,south hills junction,south hills junction,21.913,23.043,FALSE,ack,->inform$confirm_okay->request$query.arrival_place,[],{},{u'to.desc': u'south hills junction'},0,2,0,0,0,0,0,0,<place>,0,1,1,0,0,0,1,1,0,0,0
20090926_066,006.raw,yes,yes,28.849,29.219,FALSE,expl-conf,->explicit_confirm$query.arrival_place,[],{u'query.arrival_place': u'SOUTH HILLS JUNCTION'},{},1,4,0,0,0,0,0,0,yes,0,2,1,0,0,0,2,1,0,0,0
20090926_066,009.raw,now,now,38.513,38.843,FALSE,request,->request$query.travel_time,[],{},{u'time.rel': u'next'},0,5,0,0,0,0,0,0,now,2,2,1,1,0,0,2,1,1,0,0
20090926_066,010.raw,next bus,next bus,54.177,54.867,FALSE,impl-conf,->implicit_confirm$query.travel_time.time->inform$looking_up_database_first->inform$result->request$next_query,[],"{u'query.travel_time.time': u'The next bus', u'result': u'54C'}",{},1,6,0,0,0,0,0,0,next bus,3,2,1,1,1,0,2,1,1,1,0
20090926_066,011.raw,next bus,next bus,67.789,68.629,FALSE,hold-on,->inform$looking_up_database_subsequent->inform$result->request$next_query,[],{u'result': u'54C'},{},1,7,0,0,0,0,0,0,next bus,3,2,1,1,2,0,2,1,1,2,0
20090926_067,002.raw,downtown,downtown,19.722,20.262,FALSE,impl-conf,->implicit_confirm$query.departure_place->request$query.arrival_place,[],{u'query.departure_place': u'EDGEWOOD'},{u'to.neighborhood': u'downtown'},0,0,0,0,0,0,0,0,<neighborhood>,1,0,1,0,0,0,0,1,0,0,0
20090926_067,003.raw,twelve o'clock,eight o clock,27.214,29.254,FALSE,impl-conf,->implicit_confirm$query.arrival_place->request$query.travel_time,[],{u'query.arrival_place': u'DOWNTOWN'},{},0,0,0,0,0,0,0,0,<time> o'clock,0,1,1,0,0,0,1,1,0,0,0
20090926_067,004.raw,no,no,31.966,32.376,FALSE,impl-conf,->implicit_confirm$query.travel_time.time->inform$looking_up_database_first,[],{u'query.travel_time.time': u'Leaving at 12 a.m.'},{},1,1,0,0,0,0,0,0,no,2,1,1,1,0,0,1,1,1,0,0
20090926_067,005.raw,eight bm,eight bm,33.576,34.166,FALSE,schedule,->inform$result,[],{u'result': u'61A'},{},1,2,0,0,0,0,0,0,<time> bm,3,1,1,1,1,0,1,1,1,1,0
20090926_067,009.raw,edgewood,edgewood,63.212,63.702,FALSE,ack,->inform$confirm_okay->request$query.departure_place,[],{},{u'from.neighborhood': u'edgewood'},0,4,0,0,0,0,0,0,<place>,1,1,2,1,1,0,1,2,1,1,0
20090926_067,010.raw,downtown,downtown,67.884,68.444,FALSE,impl-conf,->implicit_confirm$query.departure_place->request$query.arrival_place,[],{u'query.departure_place': u'EDGEWOOD'},{u'to.neighborhood': u'downtown'},0,4,0,0,0,0,0,0,<neighborhood>,1,1,3,1,1,0,1,3,1,1,0
20090926_067,011.raw,eight p m,eight p m,73.792,74.402,FALSE,impl-conf,->implicit_confirm$query.arrival_place->request$query.travel_time,[],{u'query.arrival_place': u'DOWNTOWN'},{},0,4,0,0,0,0,0,0,<time>,0,2,3,1,1,0,2,3,1,1,0
20090926_067,012.raw,previous bus,previous bus,98.776,99.466,FALSE,impl-conf,->implicit_confirm$query.travel_time.time->inform$looking_up_database_first->inform$result->request$next_query,[],"{u'query.travel_time.time': u'Leaving at 8 p.m.', u'result': u'61A'}",{},1,5,0,0,0,0,0,0,previous bus,3,2,3,1,2,0,2,3,1,2,0
20090926_068,006.raw,fifth forbes and murray,forbes and murray,33.926,35.226,FALSE,impl-conf,->implicit_confirm$query.departure_place,[],{u'query.departure_place': u'FIFTH'},"{u'from.desc': u'forbes and murray', u'to.desc': u'forbes and murray'}",0,3,0,0,0,0,0,0,<place> <place>,1,0,1,0,0,0,0,1,0,0,0
20090926_068,007.raw,oakland,oakland,40.064,40.644,FALSE,impl-conf,->implicit_confirm$query.departure_place->request$query.arrival_place,[],{u'query.departure_place': u'FIFTH'},"{u'from.neighborhood': u'oakland', u'to.neighborhood': u'oakland'}",0,3,0,0,0,0,0,0,<place>,1,0,2,0,0,0,0,2,0,0,0
20090926_071,009.raw,mifflin,mifflin,47.209,47.779,FALSE,ack,->inform$confirm_okay->request$query.departure_place,[],{},{u'from.desc': u'mifflin'},0,3,0,0,0,0,0,0,<place>,1,0,1,0,0,0,0,1,0,0,0
20090926_071,010.raw,yes,yes,51.567,51.877,FALSE,expl-conf,->explicit_confirm$query.departure_place,[],{u'query.departure_place': u'MIFFLIN'},{},1,4,0,0,0,0,0,0,yes,1,0,2,0,0,0,0,2,0,0,0
20090926_071,011.raw,waterfront,waterfront,56.617,57.227,FALSE,ack,->inform$confirm_okay->request$query.arrival_place,[],{},{u'to.desc': u'waterfront'},0,4,0,0,0,0,0,0,<place>,0,1,2,0,0,0,1,2,0,0,0
20090926_071,012.raw,yes,yes,61.269,61.619,FALSE,expl-conf,->explicit_confirm$query.arrival_place,[],{u'query.arrival_place': u'WATERFRONT'},{},0,4,0,0,0,0,0,0,yes,0,2,2,0,0,0,2,2,0,0,0
20090926_077,002.raw,homestead,homestead,17.977,18.897,FALSE,ack,->inform$confirm_okay->request$query.departure_place,[],{},{u'from.neighborhood': u'homestead'},0,2,0,0,0,0,0,0,<neighborhood>,1,0,1,0,0,0,0,1,0,0,0
20090926_077,003.raw,mckeesport,mckeesport,23.243,24.193,FALSE,impl-conf,->implicit_confirm$query.departure_place->request$query.arrival_place,[],{u'query.departure_place': u'HOMESTEAD'},{u'to.neighborhood': u'mckeesport'},1,3,0,0,0,0,0,0,<neighborhood>,1,0,2,0,0,0,0,2,0,0,0
20090926_077,004.raw,next bus,next bus,28.599,29.529,FALSE,impl-conf,->implicit_confirm$query.arrival_place->request$query.travel_time,[],{u'query.arrival_place': u'MCKEESPORT'},{},1,4,0,0,0,0,0,0,next bus,0,1,2,0,0,0,1,2,0,0,0
20090926_079,002.raw,homestead,homestead,18.305,19.095,FALSE,ack,->inform$confirm_okay->request$query.departure_place,[],{},{u'from.neighborhood': u'homestead'},1,2,0,0,0,0,0,0,<neighborhood>,1,0,1,0,0,0,0,1,0,0,0
20090926_079,003.raw,homestead,homestead,25.605,26.235,FALSE,example,->request$query.departure_place,[],{},{u'from.neighborhood': u'homestead'},1,3,0,0,0,0,0,0,<neighborhood>,1,0,2,0,0,0,0,2,0,0,0
20090926_079,004.raw,yes,yes,30.061,30.711,FALSE,expl-conf,->explicit_confirm$query.departure_place,[],{u'query.departure_place': u'HOMESTEAD'},{},1,4,0,0,0,0,0,0,yes,1,0,3,0,0,0,0,3,0,0,0
20090926_079,005.raw,mckeesport,mckeesport,34.507,35.287,FALSE,ack,->inform$confirm_okay->request$query.arrival_place,[],{},{u'to.neighborhood': u'mckeesport'},0,4,0,0,0,0,0,0,<neighborhood>,0,1,3,0,0,0,1,3,0,0,0
20090926_079,006.raw,yes,yes,39.179,39.809,FALSE,expl-conf,->explicit_confirm$query.arrival_place,[],{u'query.arrival_place': u'MCKEESPORT'},{},1,5,0,0,0,0,0,0,yes,0,2,3,0,0,0,2,3,0,0,0
20090926_083,008.raw,east pittsburgh,east pittsburgh,70.953,72.293,FALSE,request,->request$query.departure_place,[],{},{u'from.neighborhood': u'east pittsburgh'},0,3,0,0,0,0,0,0,east <place>sburgh,1,0,1,0,0,0,0,1,0,0,0
20090926_083,009.raw,yes,yes,76.167,76.877,FALSE,expl-conf,->explicit_confirm$query.departure_place,[],{u'query.departure_place': u'EAST PITTSBURGH'},{},1,4,0,0,0,0,0,0,yes,1,0,2,0,0,0,0,2,0,0,0
20090926_083,010.raw,squirrel hill,squirrel hill,80.573,81.813,FALSE,ack,->inform$confirm_okay->request$query.arrival_place,[],{},{u'to.neighborhood': u'squirrel hill'},0,4,0,0,0,0,0,0,<neighborhood>,0,1,2,0,0,0,1,2,0,0,0
20090926_083,011.raw,yes,yes,85.761,86.591,FALSE,expl-conf,->explicit_confirm$query.arrival_place,[],{u'query.arrival_place': u'SQUIRREL HILL'},{},1,5,0,0,0,0,0,0,yes,0,2,2,0,0,0,2,2,0,0,0
20090926_085,002.raw,squirrel hill,squirrel hill,20.182,21.472,FALSE,ack,->inform$confirm_okay->request$query.departure_place,[],{},{u'from.neighborhood': u'squirrel hill'},0,1,0,0,0,0,0,0,<neighborhood>,1,0,1,0,0,0,0,1,0,0,0
20090926_085,003.raw,yes,yes,25.366,26.016,FALSE,expl-conf,->explicit_confirm$query.departure_place,[],{u'query.departure_place': u'SQUIRREL HILL'},{},1,2,0,0,0,0,0,0,yes,1,0,2,0,0,0,0,2,0,0,0
20090926_085,004.raw,duquesne,duquesne,29.964,30.904,FALSE,ack,->inform$confirm_okay->request$query.arrival_place,[],{},{u'to.neighborhood': u'duquesne'},0,2,0,0,0,0,0,0,<neighborhood>,0,1,2,0,0,0,1,2,0,0,0
20090926_085,005.raw,now,now,35.96,36.69,FALSE,impl-conf,->implicit_confirm$query.arrival_place->request$query.travel_time,[],{u'query.arrival_place': u'DUQUESNE'},{u'time.rel': u'next'},0,2,0,0,0,0,0,0,now,0,2,2,0,0,0,2,2,0,0,0
20090926_085,006.raw,next,next,57.814,58.454,FALSE,impl-conf,->implicit_confirm$query.travel_time.time->inform$looking_up_database_first->inform$result->request$next_query,[],"{u'query.travel_time.time': u'The next bus', u'result': u'61C'}",{},1,3,0,0,0,0,0,0,next,3,2,2,0,1,0,2,2,0,1,0
20090926_085,007.raw,next,next,72.47,73.17,FALSE,hold-on,->inform$looking_up_database_subsequent->inform$result->request$next_query,[],{u'result': u'61C'},{},1,4,0,0,0,0,0,0,next,3,2,2,0,2,0,2,2,0,2,0
20090926_085,008.raw,next,next,88.116,88.726,FALSE,hold-on,->inform$looking_up_database_subsequent->inform$result->request$next_query,[],{u'result': u'61C'},{},1,5,0,0,0,0,0,0,next,3,2,2,0,3,0,2,2,0,3,0
20090926_086,002.raw,mckeesport,mckeesport,20.599,21.369,FALSE,impl-conf,->implicit_confirm$query.departure_place->request$query.arrival_place,[],{u'query.departure_place': u'KENNYWOOD'},{u'to.neighborhood': u'mckeesport'},0,0,0,0,0,0,0,0,<neighborhood>,1,0,1,0,0,0,0,1,0,0,0
20090926_086,003.raw,next bus,next bus,26.867,27.597,FALSE,impl-conf,->implicit_confirm$query.arrival_place->request$query.travel_time,[],{u'query.arrival_place': u'MCKEESPORT'},{},0,0,0,0,0,0,0,0,next bus,0,1,1,0,0,0,1,1,0,0,0
20090926_088,003.raw,mckeesport,mckeesport,20.205,20.985,FALSE,impl-conf,->implicit_confirm$query.departure_place->request$query.arrival_place,[],{u'query.departure_place': u'KENNYWOOD'},{u'to.neighborhood': u'mckeesport'},0,0,0,0,0,0,0,0,<neighborhood>,1,0,1,0,0,0,0,1,0,0,0
20090926_088,004.raw,the next bus,the next bus,25.995,26.985,FALSE,impl-conf,->implicit_confirm$query.arrival_place->request$query.travel_time,[],{u'query.arrival_place': u'MCKEESPORT'},{},0,0,0,0,0,0,0,0,the next bus,0,1,1,0,0,0,1,1,0,0,0
20090926_088,005.raw,previous bus,previous bus,46.243,48.333,FALSE,impl-conf,->implicit_confirm$query.travel_time.time->inform$looking_up_database_first->inform$result->request$next_query,[],"{u'query.travel_time.time': u'The next bus', u'result': u'61C'}",{},1,1,0,0,0,0,0,0,previous bus,3,1,1,0,1,0,1,1,0,1,0
20090927_001,001.raw,no,no,16.413,16.893,FALSE,expl-conf,->explicit_confirm$query.departure_place,[],{u'query.departure_place': u'STRIP'},{},0,0,0,0,0,0,0,0,no,1,0,1,0,0,0,0,1,0,0,0
20090927_001,003.raw,no,no,22.079,22.539,FALSE,expl-conf,->explicit_confirm$query.departure_place,[],{u'query.departure_place': u'PENN'},{},0,0,0,0,0,0,0,0,no,1,0,2,0,0,0,0,2,0,0,0
20090927_001,004.raw,no,no,26.151,26.721,FALSE,expl-conf,->explicit_confirm$query.departure_place,[],{u'query.departure_place': u'BON AIR'},{},0,0,0,0,0,0,0,0,no,1,0,3,0,0,0,0,3,0,0,0
20090927_003,002.raw,forbes,forbes,20.662,21.332,FALSE,ack,->inform$confirm_okay->request$query.departure_place,[],{},{u'from.desc': u'forbes'},0,0,0,0,0,0,0,0,<place>,1,0,1,0,0,0,0,1,0,0,0
20090927_003,003.raw,mckeesport,mckeesport,26.084,26.854,FALSE,impl-conf,->implicit_confirm$query.departure_place->request$query.arrival_place,[],{u'query.departure_place': u'FORBES'},{u'to.neighborhood': u'mckeesport'},0,0,0,0,0,0,0,0,<neighborhood>,1,0,2,0,0,0,0,2,0,0,0
20090927_003,004.raw,right now,right now,32.638,33.258,FALSE,impl-conf,->implicit_confirm$query.arrival_place->request$query.travel_time,[],{u'query.arrival_place': u'MCKEESPORT'},{u'time.rel': u'next'},0,0,0,0,0,0,0,0,right now,0,1,2,0,0,0,1,2,0,0,0
20090927_005,004.raw,yes,yes,26.73,27.25,FALSE,expl-conf,->explicit_confirm$query.arrival_place,[],{u'query.arrival_place': u'OAKLAND'},{},0,1,0,0,0,0,0,0,yes,0,1,0,0,0,0,1,0,0,0,0
20090927_005,009.raw,54c,54c,36.906,37.956,FALSE,expl-conf,->explicit_confirm$query.departure_place,[],{u'query.departure_place': u'FOURTH'},{u'route': u'54c'},0,2,0,0,0,0,0,0,<route>,1,1,1,0,0,0,1,1,0,0,0
20090927_005,011.raw,no,no,41.628,42.148,FALSE,expl-conf,->explicit_confirm$query.departure_place,[],{u'query.departure_place': u'FOURTH'},{},0,2,0,0,0,0,0,0,no,1,1,2,0,0,0,1,2,0,0,0
20090927_005,012.raw,no,no,45.246,45.826,FALSE,expl-conf,->explicit_confirm$query.departure_place,[],{u'query.departure_place': u'SWISSVALE'},{},1,3,0,0,0,0,0,0,no,1,1,3,0,0,0,1,3,0,0,0
20090927_005,013.raw,squirrel hill reserve,start a new query,49.508,50.788,FALSE,expl-conf,->explicit_confirm$query.departure_place,[],{u'query.departure_place': u'TWENTY SECOND STREET'},{},1,4,0,0,0,0,0,0,<neighborhood> <uncovered_place>,1,1,4,0,0,0,1,4,0,0,0
20090927_005,014.raw,no,no,55.698,56.218,FALSE,impl-conf,->implicit_confirm$query.departure_place->explicit_confirm$query.route_number,[],"{u'query.route_number': u'54C', u'query.departure_place': u'SQUIRREL HILL'}",{},1,5,0,0,0,0,0,0,no,1,1,5,0,0,0,1,5,0,0,0
20090927_006,002.raw,bloomfield,bloomfield,13.381,14.021,FALSE,ack,->inform$confirm_okay->request$query.departure_place,[],{},{u'from.neighborhood': u'bloomfield'},0,2,0,0,0,0,0,0,<place>,1,0,1,0,0,0,0,1,0,0,0
20090927_006,004.raw,carson street,carson street,19.195,20.185,FALSE,impl-conf,->implicit_confirm$query.departure_place->request$query.arrival_place,[],{u'query.departure_place': u'BLOOMFIELD'},{u'to.desc': u'carson street'},0,2,0,0,0,0,0,0,<place> street,1,0,2,0,0,0,0,2,0,0,0
20090927_006,005.raw,yes,yes,22.387,22.617,FALSE,impl-conf,->implicit_confirm$query.arrival_place->request$query.travel_time,[],{u'query.arrival_place': u'CARSON STREET'},{},1,3,0,0,0,0,0,0,yes,0,1,2,0,0,0,1,2,0,0,0
20090927_006,006.raw,next bus,next bus,24.779,25.529,FALSE,request,->request$query.travel_time,[],{},{},1,4,0,0,0,0,0,0,next bus,2,1,2,1,0,0,1,2,1,0,0
20090927_006,007.raw,yes,yes,27.653,27.923,FALSE,impl-conf,->implicit_confirm$query.travel_time.time->inform$looking_up_database_first,[],{u'query.travel_time.time': u'The next bus'},{},1,5,0,0,0,0,0,0,yes,2,1,2,2,0,0,1,2,2,0,0
20090927_008,007.raw,yes,yes,43.025,43.305,FALSE,expl-conf,->explicit_confirm$query.departure_place,[],{u'query.departure_place': u'OAKLAND'},{},0,1,0,0,0,0,0,0,yes,1,0,1,0,0,0,0,1,0,0,0
20090927_008,008.raw,shady side,shady side,48.267,49.147,FALSE,ack,->inform$confirm_okay->request$query.arrival_place,[],{},{},0,1,0,0,0,0,0,0,<place> side,0,1,1,0,0,0,1,1,0,0,0
20090927_008,009.raw,yes,yes,52.999,53.329,FALSE,expl-conf,->explicit_confirm$query.arrival_place,[],{u'query.arrival_place': u'SHADY'},{},0,1,0,0,0,0,0,0,yes,0,2,1,0,0,0,2,1,0,0,0
20090927_008,011.raw,now,now,64.539,65.089,FALSE,request,->request$query.travel_time,[],{},{u'time.rel': u'next'},0,1,0,0,0,0,0,0,now,2,2,1,1,0,0,2,1,1,0,0
20090927_009,001.raw,no,no,21.524,22.014,FALSE,expl-conf,->explicit_confirm$query.departure_place->explicit_confirm$query.departure_place,[],{u'query.departure_place': u'BELL'},{},0,1,0,0,0,0,0,0,no,1,0,1,0,0,0,0,1,0,0,0
20090927_009,004.raw,yes,yes,38.942,39.402,FALSE,expl-conf,->explicit_confirm$query.departure_place,[],{u'query.departure_place': u'DOWNTOWN'},{},0,1,0,0,0,0,0,0,yes,1,0,2,0,0,0,0,2,0,0,0
20090927_009,005.raw,mckeesport,mckeesport,43.924,44.754,FALSE,ack,->inform$confirm_okay->request$query.arrival_place,[],{},{u'to.neighborhood': u'mckeesport'},0,1,0,0,0,0,0,0,<neighborhood>,0,1,2,0,0,0,1,2,0,0,0
20090927_009,006.raw,now,now,49.522,50.092,FALSE,impl-conf,->implicit_confirm$query.arrival_place->request$query.travel_time,[],{u'query.arrival_place': u'MCKEESPORT'},{u'time.rel': u'next'},0,1,0,0,0,0,0,0,now,0,2,2,0,0,0,2,2,0,0,0
20090927_009,007.raw,four o'clock a m,four o'clock a m,50.61,51.77,FALSE,impl-conf,->implicit_confirm$query.travel_time.time,[],{u'query.travel_time.time': u'The next bus'},{},0,1,0,0,0,0,0,0,<time> o'clock a m,2,2,2,1,0,0,2,2,1,0,0
20090927_009,008.raw,yes,yes,56.04,56.38,FALSE,expl-conf,->explicit_confirm$query.travel_time.time,[],{u'query.travel_time.time': u'the next bus'},{},0,1,0,0,0,0,0,0,yes,2,2,2,2,0,0,2,2,2,0,0
20090927_009,009.raw,previous bus,previous bus,82.47,84,FALSE,ack,->inform$confirm_okay->inform$looking_up_database_first->inform$result->request$next_query,[],{u'result': u'61C'},{},1,2,0,0,0,0,0,0,previous bus,3,2,2,2,1,0,2,2,2,1,0
20090927_013,006.raw,hulton road,hulton road,57.768,58.638,FALSE,impl-conf,->implicit_confirm$query.departure_place,[],{u'query.departure_place': u'GIANT EAGLE'},{u'from.desc': u'hulton road'},1,3,0,0,0,0,0,0,<uncovered_place>,1,0,1,0,0,0,0,1,0,0,0
20090927_013,008.raw,frankstown road giant eagle,frankstown road giant eagle,64.888,67.098,FALSE,request,->request$query.arrival_place,[],{},{u'to.desc': u'frankstown road'},0,4,0,0,0,0,0,0,<uncovered_place> road <place>,0,1,1,0,0,0,1,1,0,0,0
20090927_013,009.raw,yes,yes,71.01,71.56,FALSE,expl-conf,->explicit_confirm$query.arrival_place,[],{u'query.arrival_place': u'GIANT EAGLE'},{},1,5,0,0,0,0,0,0,yes,0,2,1,0,0,0,2,1,0,0,0
20090927_014,002.raw,downtown,downtown,20.66,21.57,FALSE,ack,->inform$confirm_okay->request$query.departure_place,[],{},{u'from.neighborhood': u'downtown'},0,0,0,0,0,0,0,0,<neighborhood>,1,0,1,0,0,0,0,1,0,0,0
20090927_014,003.raw,murray avenue at hazelwood avenue,murray avenue at hazelwood avenue,27.046,29.466,FALSE,impl-conf,->implicit_confirm$query.departure_place->request$query.arrival_place,[],{u'query.departure_place': u'DOWNTOWN'},{u'to.desc': u'murray avenue at hazelwood avenue'},0,0,0,0,0,0,0,0,<place> at hazel<place> avenue,1,0,2,0,0,0,0,2,0,0,0
20090927_014,004.raw,yes,yes,34.76,35.02,FALSE,expl-conf,->explicit_confirm$query.arrival_place,[],{u'query.arrival_place': u'MURRAY AVENUE AT HAZELWOOD AVENUE'},{},0,0,0,0,0,0,0,0,yes,0,1,2,0,0,0,1,2,0,0,0
20090927_017,003.raw,oakland,oakland,25.477,25.917,FALSE,impl-conf,->implicit_confirm$query.departure_place->request$query.arrival_place,[],{u'query.departure_place': u'DOWNTOWN PITTSBURGH'},{u'to.neighborhood': u'oakland'},0,0,0,0,0,0,0,0,<place>,1,0,1,0,0,0,0,1,0,0,0
20090927_017,005.raw,next bus,next bus,32.903,33.923,FALSE,impl-conf,->implicit_confirm$query.arrival_place->request$query.travel_time,[],{u'query.arrival_place': u'OAKLAND'},{},0,0,0,0,0,0,0,0,next bus,0,1,1,0,0,0,1,1,0,0,0
20090927_018,001.raw,no,no,16,16.63,FALSE,expl-conf,->explicit_confirm$query.departure_place,[],{u'query.departure_place': u'SIXTH'},{},0,0,0,0,0,0,0,0,no,1,0,1,0,0,0,0,1,0,0,0
20090927_018,004.raw,yes,yes,32.566,33.266,FALSE,ack,->inform$confirm_okay->explicit_confirm$query.departure_place,[],{u'query.departure_place': u'PITTSBURGH'},{},0,1,0,0,0,0,0,0,yes,1,0,2,0,0,0,0,2,0,0,0
20090927_018,005.raw,mckeesport,mckeesport,37.194,38.264,FALSE,ack,->inform$confirm_okay->request$query.arrival_place,[],{},{u'to.neighborhood': u'mckeesport'},0,1,0,0,0,0,0,0,<neighborhood>,0,1,2,0,0,0,1,2,0,0,0
20090927_018,006.raw,seven thirty a m,seven thirty a m,45.244,47.094,FALSE,impl-conf,->implicit_confirm$query.arrival_place->request$query.travel_time,[],{u'query.arrival_place': u'MCKEESPORT'},{},0,1,0,0,0,0,0,0,<time> thirty a m,0,2,2,0,0,0,2,2,0,0,0
20090927_018,007.raw,new query,new query,77.066,77.776,FALSE,impl-conf,->implicit_confirm$query.travel_time.time->inform$looking_up_database_first->inform$result->request$next_query,[],"{u'query.travel_time.time': u'Leaving at 7 30 a.m.', u'result': u'61C'}",{},1,2,0,0,0,0,0,0,new query,3,2,2,0,1,0,2,2,0,1,0
20090927_018,010.raw,yes,yes,95.936,96.646,FALSE,ack,->inform$confirm_okay->explicit_confirm$query.departure_place,[],{u'query.departure_place': u'PITTSBURGH'},{},0,2,0,0,0,0,0,0,yes,1,2,3,0,1,0,2,3,0,1,0
20090927_018,011.raw,braddock,braddock,100.746,101.226,FALSE,ack,->inform$confirm_okay->request$query.arrival_place,[],{},"{u'from.neighborhood': u'braddock', u'to.neighborhood': u'braddock'}",0,2,0,0,0,0,0,0,<place>,0,3,3,0,1,0,3,3,0,1,0
20090927_018,012.raw,seven thirty,seven thirty,105.716,106.726,FALSE,impl-conf,->implicit_confirm$query.arrival_place->request$query.travel_time,[],{u'query.arrival_place': u'BRADDOCK'},{},0,2,0,0,0,0,0,0,<time> thirty,0,4,3,0,1,0,4,3,0,1,0
20090927_019,005.raw,right,right,34.913,35.383,FALSE,ack,->inform$confirm_okay->explicit_confirm$query.travel_time.time,[],{u'query.travel_time.time': u'the next bus'},{},0,0,0,0,0,0,0,0,right,2,0,0,1,0,0,0,0,1,0,0
20090927_019,006.raw,downtown pittsburgh,downtown pittsburgh,39.763,40.893,FALSE,ack,->inform$confirm_okay->request$query.departure_place,[],{},{u'from.neighborhood': u'downtown pittsburgh'},0,0,0,0,0,0,0,0,<neighborhood> <place>sburgh,1,0,1,1,0,0,0,1,1,0,0
20090927_019,007.raw,right,right,45.675,46.005,FALSE,expl-conf,->explicit_confirm$query.departure_place,[],{u'query.departure_place': u'DOWNTOWN PITTSBURGH'},{},0,0,0,0,0,0,0,0,right,1,0,2,1,0,0,0,2,1,0,0
20090927_019,008.raw,mckeesport,mckeesport,50.101,50.801,FALSE,ack,->inform$confirm_okay->request$query.arrival_place,[],{},{u'to.neighborhood': u'mckeesport'},0,0,0,0,0,0,0,0,<neighborhood>,0,1,2,1,0,0,1,2,1,0,0
20090927_023,002.raw,forbes,forbes,46.891,48.041,FALSE,expl-conf,->explicit_confirm$query.departure_place,[],{u'query.departure_place': u'COAL'},{u'from.desc': u'forbes'},0,2,0,0,0,0,0,0,<place>,1,0,1,0,0,0,0,1,0,0,0
20090927_023,004.raw,braddock,braddock,55.133,55.493,FALSE,example,->establish_context$get_query_specs->explicit_confirm$query.departure_place->explicit_confirm$query.departure_place,[],{},{u'from.neighborhood': u'braddock'},1,3,0,1,0,0,0,0,<place>,1,0,2,0,0,0,0,2,0,0,0
20090927_023,005.raw,rodi road grace,rodi road grace,59.189,60.639,FALSE,expl-conf,->explicit_confirm$query.departure_place,[],{u'query.departure_place': u'BRADDOCK'},{},0,3,0,1,0,0,0,0,<uncovered_place> <place>,1,0,3,0,0,0,0,3,0,0,0
20090927_023,006.raw,no,no,65.033,65.613,FALSE,expl-conf,->explicit_confirm$query.departure_place,[],{u'query.departure_place': u'BRADDOCK'},{},0,3,0,1,0,0,0,0,no,1,0,4,0,0,0,0,4,0,0,0
20090927_023,010.raw,no,no,80.103,80.563,FALSE,expl-conf,->explicit_confirm$query.departure_place,[],{u'query.departure_place': u'SQUIRREL HILL'},{},1,5,0,1,0,0,0,0,no,1,0,5,0,0,0,0,5,0,0,0
20090927_023,011.raw,no,no,85.449,85.839,FALSE,expl-conf,->explicit_confirm$query.departure_place,[],{u'query.departure_place': u'FORBES'},{},0,5,0,1,0,0,0,0,no,1,0,6,0,0,0,0,6,0,0,0
20090927_023,013.raw,no a,no,95.261,96.001,FALSE,expl-conf,->explicit_confirm$query.travel_time.time,[],{u'query.travel_time.time': u'Leaving at 8 a.m.'},{},0,5,0,1,0,0,0,0,no a,2,0,6,1,0,0,0,6,1,0,0
20090927_023,018.raw,no,no,114.549,114.749,FALSE,expl-conf,->explicit_confirm$query.departure_place,[],{u'query.departure_place': u'FORBES'},{},0,6,0,1,0,0,0,0,no,1,0,7,1,0,0,0,7,1,0,0
20090927_023,020.raw,no,no,120.107,120.607,FALSE,expl-conf,->explicit_confirm$query.departure_place,[],{u'query.departure_place': u'FORWARD'},{},1,8,0,1,0,0,0,0,no,1,0,8,1,0,0,0,8,1,0,0
20090927_027,002.raw,oakland,oakland,20.531,21.161,FALSE,ack,->inform$confirm_okay->request$query.departure_place,[],{},{u'from.neighborhood': u'oakland'},0,0,0,0,0,0,0,0,<place>,1,0,1,0,0,0,0,1,0,0,0
20090927_027,003.raw,wallace avenue,wilkinsburg,25.673,26.193,FALSE,impl-conf,->implicit_confirm$query.departure_place->request$query.arrival_place,[],{u'query.departure_place': u'OAKLAND'},{u'to.neighborhood': u'wilkinsburg'},0,0,0,0,0,0,0,0,<uncovered_place>ace avenue,1,0,2,0,0,0,0,2,0,0,0
20090927_027,004.raw,wall liberty,wilkinsburg,29.065,30.085,FALSE,request,->request$query.arrival_place,[],{},{},0,0,0,0,0,0,0,0,<uncovered_place> <place>,0,1,2,0,0,0,1,2,0,0,0
20090927_027,005.raw,no,no,34.057,34.767,FALSE,expl-conf,->explicit_confirm$query.arrival_place,[],{u'query.arrival_place': u'LIBERTY'},{},0,0,0,0,0,0,0,0,no,0,2,2,0,0,0,2,2,0,0,0
20090927_027,007.raw,wilkinsburg,wilkinsburg,40.767,42.307,FALSE,request,->request$query.arrival_place,[],{},{u'to.neighborhood': u'wilkinsburg'},0,0,0,0,0,0,0,0,<neighborhood>,0,3,2,0,0,0,3,2,0,0,0
20090927_027,008.raw,yes,yes,46.291,46.751,FALSE,expl-conf,->explicit_confirm$query.arrival_place,[],{u'query.arrival_place': u'WILKINSBURG'},{},0,0,0,0,0,0,0,0,yes,0,4,2,0,0,0,4,2,0,0,0
20090927_027,010.raw,now,now,51.445,52.155,FALSE,request,->request$query.travel_time,[],{},{u'time.rel': u'next'},0,0,0,0,0,0,0,0,now,2,4,2,1,0,0,4,2,1,0,0
20090927_027,011.raw,when is the previous bus,when is the previous bus,76.991,79.041,FALSE,impl-conf,->implicit_confirm$query.travel_time.time->inform$looking_up_database_first->inform$result->request$next_query,[],"{u'query.travel_time.time': u'The next bus', u'result': u'61A'}",{},1,1,0,0,0,0,0,0,when is the previous bus,3,4,2,1,1,0,4,2,1,1,0
20090927_029,001.raw,yes,yes,14.331,15.201,FALSE,expl-conf,->explicit_confirm$query.travel_time.time,[],{u'query.travel_time.time': u'the next bus'},{},0,0,0,0,0,0,0,0,yes,2,0,0,1,0,0,0,0,1,0,0
20090927_029,002.raw,carnegie mellon,carnegie mellon,18.269,19.189,FALSE,ack,->inform$confirm_okay->request$query.departure_place,[],{},{u'from.desc': u'carnegie mellon'},0,0,0,0,0,0,0,0,<place>,1,0,1,1,0,0,0,1,1,0,0
20090927_029,003.raw,children's hospital,children's hospital,24.143,25.173,FALSE,impl-conf,->implicit_confirm$query.departure_place->request$query.arrival_place,[],{u'query.departure_place': u'CARNEGIE MELLON'},"{u'to.monument': u""children's hospital""}",0,0,0,0,0,0,0,0,<place>,1,0,2,1,0,0,0,2,1,0,0
20090927_035,001.raw,yes,yes,16.201,16.461,FALSE,expl-conf,->explicit_confirm$query.departure_place,[],{u'query.departure_place': u'SQUIRREL HILL'},{},1,1,0,0,0,0,0,0,yes,1,0,1,0,0,0,0,1,0,0,0
20090927_035,003.raw,no,yes,25.383,25.633,FALSE,ack,->inform$confirm_okay->explicit_confirm$query.travel_time.time,[],{u'query.travel_time.time': u'the next bus'},{},1,2,0,0,0,0,0,0,no,2,0,1,1,0,0,0,1,1,0,0
20090927_035,004.raw,now,now,29.065,29.465,FALSE,request,->request$exact_travel_time,[],{},{u'time.rel': u'next'},0,2,0,0,0,0,0,0,now,2,0,1,2,0,0,0,1,2,0,0
20090927_047,006.raw,no,no,45.306,45.676,FALSE,ack,->inform$confirm_okay->explicit_confirm$query.departure_place,[],{u'query.departure_place': u'PENN AND SHAW'},{},0,1,0,0,0,0,0,0,no,1,0,1,0,0,0,0,1,0,0,0
20090927_047,007.raw,allegheny center,allegheny center,48.964,50.034,FALSE,request,->request$query.departure_place,[],{},{u'from.desc': u'allegheny center'},0,1,0,0,0,0,0,0,<place>,1,0,2,0,0,0,0,2,0,0,0
20090927_047,008.raw,yes,yes,54.876,55.226,FALSE,expl-conf,->explicit_confirm$query.departure_place,[],{u'query.departure_place': u'ALLEGHENY CENTER'},{},0,1,0,0,0,0,0,0,yes,1,0,3,0,0,0,0,3,0,0,0
20090927_047,009.raw,south side,south side,59.734,60.434,FALSE,ack,->inform$confirm_okay->request$query.arrival_place,[],{},{u'to.neighborhood': u'south side'},0,1,0,0,0,0,0,0,<place> side,0,1,3,0,0,0,1,3,0,0,0
20090927_047,010.raw,now,now,65.464,66.014,FALSE,impl-conf,->implicit_confirm$query.arrival_place->request$query.travel_time,[],{u'query.arrival_place': u'SOUTH SIDE'},{u'time.rel': u'next'},0,1,0,0,0,0,0,0,now,0,2,3,0,0,0,2,3,0,0,0
20090927_047,011.raw,when is the next bus,when is the next bus,91.518,92.788,FALSE,impl-conf,->implicit_confirm$query.travel_time.time->inform$looking_up_database_first->inform$result->request$next_query,[],"{u'query.travel_time.time': u'The next bus', u'result': u'54C'}",{},1,2,0,0,0,0,0,0,when is the next bus,3,2,3,0,1,0,2,3,0,1,0
20090927_054,002.raw,mckeesport,mckeesport,19.578,20.388,FALSE,ack,->inform$confirm_okay->request$query.departure_place,[],{},{u'from.neighborhood': u'mckeesport'},0,1,0,0,0,0,0,0,<neighborhood>,1,0,1,0,0,0,0,1,0,0,0
20090927_054,003.raw,duquesne,duquesne,24.876,25.456,FALSE,impl-conf,->implicit_confirm$query.departure_place->request$query.arrival_place,[],{u'query.departure_place': u'MCKEESPORT'},{u'to.neighborhood': u'duquesne'},0,1,0,0,0,0,0,0,<neighborhood>,1,0,2,0,0,0,0,2,0,0,0
20090927_054,004.raw,next,next trip,30.562,30.982,FALSE,impl-conf,->implicit_confirm$query.arrival_place->request$query.travel_time,[],{u'query.arrival_place': u'DUQUESNE'},{},0,1,0,0,0,0,0,0,next,0,1,2,0,0,0,1,2,0,0,0
20090927_054,005.raw,next bus,next bus,34.654,35.374,FALSE,request,->request$query.travel_time,[],{},{},0,1,0,0,0,0,0,0,next bus,2,1,2,1,0,0,1,2,1,0,0
20090927_059,002.raw,yes,yes,21.441,21.811,FALSE,expl-conf,->explicit_confirm$query.departure_place,[],{u'query.departure_place': u'SOUTH HILLS JUNCTION'},{},0,0,0,0,0,0,0,0,yes,1,0,1,0,0,0,0,1,0,0,0
20090927_059,003.raw,penn and main,penn and main,25.075,25.755,FALSE,ack,->inform$confirm_okay->request$query.arrival_place,[],{},{u'to.desc': u'penn and main'},0,0,0,0,0,0,0,0,<place>,0,1,1,0,0,0,1,1,0,0,0
20090927_059,004.raw,yes,yes,29.515,29.905,FALSE,expl-conf,->explicit_confirm$query.arrival_place,[],{u'query.arrival_place': u'MAIN'},{},0,0,0,0,0,0,0,0,yes,0,2,1,0,0,0,2,1,0,0,0
20090927_059,006.raw,next bus,next bus,50.709,51.359,FALSE,impl-conf,->implicit_confirm$query.travel_time.time->inform$looking_up_database_first->inform$result->request$next_query,[],"{u'query.travel_time.time': u'The next bus', u'result': u'54C'}",{},1,1,0,0,0,0,0,0,next bus,3,2,1,0,1,0,2,1,0,1,0
20090927_062,002.raw,no,no,19.03,19.38,FALSE,expl-conf,->explicit_confirm$query.departure_place,[],{u'query.departure_place': u'NORTH'},{},1,1,0,0,0,0,0,0,no,1,0,1,0,0,0,0,1,0,0,0
20090927_062,008.raw,homestead,homestead,65.828,66.428,FALSE,ack,->inform$confirm_okay->request$query.departure_place,[],{},{u'from.neighborhood': u'homestead'},1,4,0,1,0,0,0,0,<neighborhood>,1,0,2,0,0,0,0,2,0,0,0
20090927_062,009.raw,yes,yes,70.102,70.642,FALSE,expl-conf,->explicit_confirm$query.departure_place,[],{u'query.departure_place': u'HOMESTEAD'},{},1,5,0,1,0,0,0,0,yes,1,0,3,0,0,0,0,3,0,0,0
20090927_062,010.raw,downtown,downtown,74.73,75.48,FALSE,ack,->inform$confirm_okay->request$query.arrival_place,[],{},{u'to.neighborhood': u'downtown'},0,5,0,1,0,0,0,0,<neighborhood>,0,1,3,0,0,0,1,3,0,0,0
20090927_062,011.raw,yes,yes,79.082,79.612,FALSE,expl-conf,->explicit_confirm$query.arrival_place,[],{u'query.arrival_place': u'DOWNTOWN'},{},1,6,0,1,0,0,0,0,yes,0,2,3,0,0,0,2,3,0,0,0
20090927_062,013.raw,in the morning,in the morning,88.426,89.136,FALSE,request,->request$exact_travel_time,[],{},{},0,6,0,1,0,0,0,0,in the morning,2,2,3,1,0,0,2,3,1,0,0
20090927_062,014.raw,six seven in the morning,six seven in the morning,92.53,93.98,FALSE,request,->request$exact_travel_time,[],{},{},0,6,0,1,0,0,0,0,<time> <time> in the morning,2,2,3,2,0,0,2,3,2,0,0
20090927_062,015.raw,yes,yes,98.026,98.546,FALSE,expl-conf,->explicit_confirm$query.travel_time.time,[],{u'query.travel_time.time': u'Leaving at 7 a.m.'},{},1,7,0,1,0,0,0,0,yes,2,2,3,3,0,0,2,3,3,0,0
20090927_063,003.raw,north,north,19.683,20.093,FALSE,impl-conf,->implicit_confirm$query.departure_place,[],{u'query.departure_place': u'WEST'},{u'from.desc': u'north'},0,2,0,0,0,0,0,0,<place>,1,0,1,0,0,0,0,1,0,0,0
20090927_063,004.raw,no,no,23.789,24.429,FALSE,expl-conf,->explicit_confirm$query.departure_place,[],{u'query.departure_place': u'NORTH'},{},1,3,0,0,0,0,0,0,no,1,0,2,0,0,0,0,2,0,0,0
20090927_063,005.raw,no,no,28.373,29.063,FALSE,expl-conf,->explicit_confirm$query.departure_place,[],{u'query.departure_place': u'WEST'},{},1,4,0,0,0,0,0,0,no,1,0,3,0,0,0,0,3,0,0,0
20090927_063,006.raw,oakland,oakland,31.711,32.471,FALSE,request,->request$query.arrival_place,[],{},{u'to.neighborhood': u'oakland'},0,4,0,0,0,0,0,0,<place>,0,1,3,0,0,0,1,3,0,0,0
20090927_063,007.raw,west penn hospital,west penn hospital,37.377,38.607,FALSE,impl-conf,->implicit_confirm$query.arrival_place->request$query.departure_place,[],{u'query.arrival_place': u'OAKLAND'},{u'from.monument': u'west penn hospital'},0,4,0,0,0,0,0,0,<place> hospital,1,1,4,0,0,0,1,4,0,0,0
20090927_063,008.raw,yes,yes,42.945,43.525,FALSE,expl-conf,->explicit_confirm$query.departure_place,[],{u'query.departure_place': u'WEST PENN HOSPITAL'},{},1,5,0,0,0,0,0,0,yes,1,1,5,0,0,0,1,5,0,0,0
20090927_063,010.raw,when is for e,when is for e,76.407,77.137,FALSE,impl-conf,->implicit_confirm$query.travel_time.time->inform$looking_up_database_first->inform$result->request$next_query,[],"{u'query.travel_time.time': u'Leaving at 8 30 p.m.', u'result': u'54C'}",{},1,6,0,0,0,0,0,0,when is for e,3,1,5,0,1,0,1,5,0,1,0
20090927_065,001.raw,correct,correct,17.983,18.393,FALSE,expl-conf,->explicit_confirm$query.departure_place,[],{u'query.departure_place': u'DOWNTOWN'},{},0,0,0,0,0,0,0,0,correct,1,0,1,0,0,0,0,1,0,0,0
20090927_065,002.raw,to braddock,to bellvue,23.619,24.459,FALSE,ack,->inform$confirm_okay->request$query.arrival_place,[],{},{},0,0,0,0,0,0,0,0,to <place>,0,1,1,0,0,0,1,1,0,0,0
20090927_065,003.raw,no,no,31.763,32.273,FALSE,impl-conf,->implicit_confirm$query.arrival_place->request$query.travel_time,[],{u'query.arrival_place': u'BRADDOCK'},{},0,0,0,0,0,0,0,0,no,0,2,1,0,0,0,2,1,0,0,0
20090927_065,004.raw,no,no,35.771,36.311,FALSE,request,->request$query.travel_time,[],{},{},0,0,0,0,0,0,0,0,no,2,2,1,1,0,0,2,1,1,0,0
20090927_065,005.raw,right now,right now,41.383,41.953,FALSE,request,->request$query.travel_time,[],{},{u'time.rel': u'next'},0,0,0,0,0,0,0,0,right now,2,2,1,2,0,0,2,1,2,0,0
20090927_065,006.raw,curry,correct,44.011,44.381,FALSE,impl-conf,->implicit_confirm$query.travel_time.time->request$query.arrival_place,[],{u'query.travel_time.time': u'The next bus'},{},1,1,0,0,0,0,0,0,<place>,0,3,1,2,0,0,3,1,2,0,0
20090927_065,007.raw,start a new query,start a new query,75.787,77.117,FALSE,impl-conf,->implicit_confirm$query.arrival_place->inform$looking_up_database_first->inform$result->request$next_query,[],"{u'result': u'61A', u'query.arrival_place': u'CURRY'}",{},0,1,0,0,0,0,0,0,start a new query,3,3,1,2,1,0,3,1,2,1,0
20090927_065,009.raw,no,no,87.989,88.309,FALSE,expl-conf,->explicit_confirm$query.departure_place,[],{u'query.departure_place': u'COAL'},{},0,1,0,0,0,0,0,0,no,1,3,2,2,1,0,3,2,2,1,0
20090927_069,002.raw,duquesne,duquesne,22.562,23.002,FALSE,impl-conf,->implicit_confirm$query.departure_place->request$query.arrival_place,[],{u'query.departure_place': u'MAGEE HOSPITAL'},{u'to.neighborhood': u'duquesne'},0,0,0,0,0,0,0,0,<neighborhood>,1,0,1,0,0,0,0,1,0,0,0
20090927_069,003.raw,eight o'clock p m,eight o'clock p m,28.578,29.778,FALSE,impl-conf,->implicit_confirm$query.arrival_place->request$query.travel_time,[],{u'query.arrival_place': u'DUQUESNE'},{},0,0,0,0,0,0,0,0,<time> o'clock p m,0,1,1,0,0,0,1,1,0,0,0
20090927_070,002.raw,bloomfield,bloomfield,19.053,19.583,FALSE,ack,->inform$confirm_okay->request$query.departure_place,[],{},{u'from.neighborhood': u'bloomfield'},0,0,0,0,0,0,0,0,<place>,1,0,1,0,0,0,0,1,0,0,0
20090927_070,003.raw,south side,south side,23.863,24.333,FALSE,impl-conf,->implicit_confirm$query.departure_place->request$query.arrival_place,[],{u'query.departure_place': u'BLOOMFIELD'},{u'to.neighborhood': u'south side'},0,0,0,0,0,0,0,0,<place> side,1,0,2,0,0,0,0,2,0,0,0
20090927_070,004.raw,nine p m,nine p m,30.071,30.741,FALSE,impl-conf,->implicit_confirm$query.arrival_place->request$query.travel_time,[],{u'query.arrival_place': u'SOUTH SIDE'},{},0,0,0,0,0,0,0,0,<time>,0,1,2,0,0,0,1,2,0,0,0
20090927_070,007.raw,start a new query,start a new query,69.155,70.165,FALSE,hold-on,->inform$looking_up_database_subsequent->inform$result->request$next_query,[],{u'result': u'54C'},{},1,3,0,0,0,0,0,0,start a new query,3,1,2,0,1,0,1,2,0,1,0
20090927_070,010.raw,south side,south side,85.347,85.977,FALSE,impl-conf,->implicit_confirm$query.departure_place->request$query.arrival_place,[],{u'query.departure_place': u'BLOOMFIELD'},{u'to.neighborhood': u'south side'},0,3,0,0,0,0,0,0,<place> side,1,1,3,0,1,0,1,3,0,1,0
20090927_070,011.raw,next bus,next bus,90.767,91.667,FALSE,impl-conf,->implicit_confirm$query.arrival_place->request$query.travel_time,[],{u'query.arrival_place': u'SOUTH SIDE'},{},0,3,0,0,0,0,0,0,next bus,0,2,3,0,1,0,2,3,0,1,0
20090927_071,007.raw,yes,yes,54.401,54.851,FALSE,ack,->inform$confirm_okay->explicit_confirm$query.departure_place,[],{u'query.departure_place': u'CENTRE AND NEGLEY'},{},1,5,0,0,0,0,0,0,yes,1,0,1,0,0,0,0,1,0,0,0
20090927_071,009.raw,yes,yes,65.715,66.045,FALSE,ack,->inform$confirm_okay->explicit_confirm$query.travel_time.time,[],{u'query.travel_time.time': u'the next bus'},{},0,6,0,0,0,0,0,0,yes,2,0,1,1,0,0,0,1,1,0,0
20090927_071,010.raw,yes,yes,70.525,70.755,FALSE,expl-conf,->explicit_confirm$query.travel_time.time,[],{u'query.travel_time.time': u'the next bus'},{},1,7,0,0,0,0,0,0,yes,2,0,1,2,0,0,0,1,2,0,0
20090927_071,011.raw,next bus,next bus,74.487,75.447,FALSE,request,->request$exact_travel_time,[],{},{},0,7,0,0,0,0,0,0,next bus,2,0,1,3,0,0,0,1,3,0,0
20090927_071,012.raw,when is the next bus,when is the next bus,99.945,101.275,FALSE,impl-conf,->implicit_confirm$query.travel_time.time->inform$looking_up_database_first->inform$result->request$next_query,[],"{u'query.travel_time.time': u'The next bus', u'result': u'64A'}",{},1,8,0,0,0,0,0,0,when is the next bus,3,0,1,3,1,0,0,1,3,1,0
20090927_074,003.raw,yes,yes,25.994,26.544,FALSE,expl-conf,->explicit_confirm$query.departure_place,[],{u'query.departure_place': u'HAWKINS AND ROSE'},{},0,1,0,0,0,0,0,0,yes,1,0,1,0,0,0,0,1,0,0,0
20090927_074,010.raw,<SILENCE>,hello,61.104,62.414,FALSE,expl-conf,->explicit_confirm$query.arrival_place->explicit_confirm$query.arrival_place,[],{u'query.arrival_place': u'NORTH AND CEDAR'},{},1,3,0,1,0,0,0,0,<SILENCE>,0,1,1,0,0,0,1,1,0,0,0
20090927_074,011.raw,no,no,66.332,66.882,FALSE,expl-conf,->explicit_confirm$query.arrival_place,[],{u'query.arrival_place': u'NORTH AND CEDAR'},{},1,4,0,1,0,0,0,0,no,0,2,1,0,0,0,2,1,0,0,0
20090927_074,013.raw,northview heights,northview heights,78.646,80.256,FALSE,example,->request$query.arrival_place,[],{},{u'to.neighborhood': u'northview heights'},0,4,0,1,0,0,0,0,<place>view h<time>s,0,3,1,0,0,0,3,1,0,0,0
20090927_074,018.raw,yes,yes,115.19,115.61,FALSE,expl-conf,->explicit_confirm$query.departure_place,[],{u'query.departure_place': u'CURRY'},{},0,5,0,1,0,0,0,0,yes,1,3,2,0,0,0,3,2,0,0,0
20090927_074,019.raw,mckeesport,mckeesport,121.84,122.5,FALSE,ack,->inform$confirm_okay->request$query.arrival_place,[],{},{u'to.neighborhood': u'mckeesport'},0,5,0,1,0,0,0,0,<neighborhood>,0,4,2,0,0,0,4,2,0,0,0
20090927_074,020.raw,yes,yes,127.26,127.84,FALSE,expl-conf,->explicit_confirm$query.arrival_place,[],{u'query.arrival_place': u'MCKEESPORT'},{},0,5,0,1,0,0,0,0,yes,0,5,2,0,0,0,5,2,0,0,0
20090927_074,022.raw,ten o'clock,ten o'clock,137.24,137.81,FALSE,request,->request$exact_travel_time,[],{},{u'time.hour': 10},0,5,0,1,0,0,0,0,<time> o'clock,2,5,2,1,0,0,5,2,1,0,0
20090927_074,024.raw,5a hays,start new query,173.404,174.624,FALSE,impl-conf,->implicit_confirm$query.travel_time.time->inform$looking_up_database_first->inform$result->request$next_query,[],"{u'query.travel_time.time': u'Leaving at 10 p.m.', u'result': u'61C'}",{},0,5,0,1,0,0,0,0,<uncovered_route> <uncovered_place>,3,5,2,1,1,0,5,2,1,1,0
20090927_076,015.raw,squirrel theater square library at bell hill,squirrel theater square library at bell hill,109.729,112.939,FALSE,expl-conf,->explicit_confirm$query.departure_place,[],{u'query.departure_place': u'TWENTIETH'},{},0,5,0,2,0,0,0,0,squirrel theater square <place> at <place> hill,1,0,1,0,0,0,0,1,0,0,0
20090927_076,017.raw,ohara,ohara,123.779,124.529,FALSE,ack,->inform$confirm_okay->request$query.arrival_place,[],{},{u'to.neighborhood': u'ohara'},0,5,0,3,0,0,0,0,<uncovered_place>,0,1,1,0,0,0,1,1,0,0,0
20090927_076,019.raw,downtown,downtown,135.459,136.559,FALSE,example,->request$query.arrival_place,[],{},{u'to.neighborhood': u'downtown'},0,5,0,3,0,0,0,0,<neighborhood>,0,2,1,0,0,0,2,1,0,0,0
20090927_076,020.raw,yes,yes,140.953,141.453,FALSE,expl-conf,->explicit_confirm$query.arrival_place,[],{u'query.arrival_place': u'DOWNTOWN'},{},0,5,0,3,0,0,0,0,yes,0,3,1,0,0,0,3,1,0,0,0
20090927_076,023.raw,five o'clock,five o'clock,157.499,158.239,FALSE,request,->request$query.travel_time,[],{},{u'time.hour': 5},0,6,0,4,0,0,0,0,<time> o'clock,2,3,1,1,0,0,3,1,1,0,0
20090927_079,005.raw,yes,yes,43.59,43.9,FALSE,expl-conf,->explicit_confirm$query.departure_place,[],{u'query.departure_place': u'MCKEESPORT'},{},0,2,0,0,0,0,0,0,yes,1,0,1,0,0,0,0,1,0,0,0
20090927_079,006.raw,pittsburgh,pittsburgh,48.212,48.922,FALSE,ack,->inform$confirm_okay->request$query.arrival_place,[],{},{u'to.neighborhood': u'pittsburgh'},0,2,0,0,0,0,0,0,<place>sburgh,0,1,1,0,0,0,1,1,0,0,0
20090927_079,007.raw,no,no,53.928,54.438,FALSE,impl-conf,->implicit_confirm$query.arrival_place->request$query.travel_time,[],{u'query.arrival_place': u'PITTSBURGH'},{},0,2,0,0,0,0,0,0,no,0,2,1,0,0,0,2,1,0,0,0
20090927_079,008.raw,nine o'clock,nine o'clock,63.36,64.3,FALSE,request,->request$query.travel_time,[],{},{u'time.hour': 9},0,2,0,0,0,0,0,0,<time> o'clock,2,2,1,1,0,0,2,1,1,0,0
20090927_079,009.raw,pittsburgh,pittsburgh,70.208,70.938,FALSE,impl-conf,->implicit_confirm$query.travel_time.time->request$query.arrival_place,[],{u'query.travel_time.time': u'Leaving at 9 p.m.'},{u'to.neighborhood': u'pittsburgh'},0,2,0,0,0,0,0,0,<place>sburgh,0,3,1,1,0,0,3,1,1,0,0
20090927_079,010.raw,when is the next bus,when is the next bus,94.858,95.938,FALSE,impl-conf,->implicit_confirm$query.arrival_place->inform$looking_up_database_first->inform$result->request$next_query,[],"{u'result': u'61C', u'query.arrival_place': u'PITTSBURGH'}",{},1,3,0,0,0,0,0,0,when is the next bus,3,3,1,1,1,0,3,1,1,1,0
20090927_089,005.raw,south,downtown,20.85,21.21,FALSE,ack,->inform$confirm_okay->request$query.departure_place,[],{},{u'from.neighborhood': u'downtown'},0,3,0,0,0,0,0,0,<place>,1,0,1,0,0,0,0,1,0,0,0
20090927_089,006.raw,the zoo,shit,23.154,23.724,FALSE,impl-conf,->implicit_confirm$query.departure_place,[],{u'query.departure_place': u'SOUTH'},{},1,4,0,0,0,0,0,0,the <place>,1,0,2,0,0,0,0,2,0,0,0
20090927_089,008.raw,no,no,28.19,28.51,FALSE,expl-conf,->explicit_confirm$query.arrival_place,[],{u'query.arrival_place': u'FORBES'},{},0,4,0,0,0,0,0,0,no,0,1,2,0,0,0,1,2,0,0,0
20090927_089,009.raw,no,no,31.764,32.194,FALSE,expl-conf,->explicit_confirm$query.arrival_place,[],{u'query.arrival_place': u'THE ZOO'},{},0,4,0,0,0,0,0,0,no,0,2,2,0,0,0,2,2,0,0,0
20090927_089,010.raw,next bus,next bus,34.92,35.61,FALSE,request,->request$query.travel_time,[],{},{},0,4,0,0,0,0,0,0,next bus,2,2,2,1,0,0,2,2,1,0,0
20090927_089,011.raw,mckeesport,mckeesport,39.384,40.004,FALSE,impl-conf,->implicit_confirm$query.travel_time.time->request$query.arrival_place,[],{u'query.travel_time.time': u'The next bus'},{u'to.neighborhood': u'mckeesport'},0,4,0,0,0,0,0,0,<neighborhood>,0,3,2,1,0,0,3,2,1,0,0
20090927_089,015.raw,to fourth,mckeesport,73.516,74.186,FALSE,impl-conf,->implicit_confirm$query.departure_place->request$query.arrival_place,[],{u'query.departure_place': u'SOUTH SIDE'},{},0,5,0,0,0,0,0,0,to <place>,1,3,3,1,0,0,3,3,1,0,0
20090927_090,003.raw,mckeesport,mckeesport,21.697,22.417,FALSE,impl-conf,->implicit_confirm$query.departure_place->request$query.arrival_place,[],{u'query.departure_place': u'DOWNTOWN'},{u'to.neighborhood': u'mckeesport'},0,0,0,0,0,0,0,0,<neighborhood>,1,0,1,0,0,0,0,1,0,0,0
20090927_090,004.raw,next bus,next bus,27.019,27.899,FALSE,impl-conf,->implicit_confirm$query.arrival_place->request$query.travel_time,[],{u'query.arrival_place': u'MCKEESPORT'},{},0,0,0,0,0,0,0,0,next bus,0,1,1,0,0,0,1,1,0,0,0
20090927_091,002.raw,yes,yes,32.193,32.683,FALSE,ack,->inform$confirm_okay->explicit_confirm$query.departure_place,[],{u'query.departure_place': u'PENN AND MAIN'},{},1,2,0,0,0,0,0,0,yes,1,0,1,0,0,0,0,1,0,0,0
20090927_091,004.raw,yes,yes,43.403,43.843,FALSE,ack,->inform$confirm_okay->explicit_confirm$query.travel_time.time,[],{u'query.travel_time.time': u'the next bus'},{},0,2,0,0,0,0,0,0,yes,2,0,1,1,0,0,0,1,1,0,0
20090927_091,005.raw,when is the next bus,when is the next bus,62.549,63.629,FALSE,ack,->inform$confirm_okay->inform$looking_up_database_first->inform$result->request$next_query,[],{u'result': u'54C'},{},1,3,0,0,0,0,0,0,when is the next bus,3,0,1,1,1,0,0,1,1,1,0
20090927_092,002.raw,north side,north side,22.067,22.767,FALSE,impl-conf,->implicit_confirm$query.departure_place->request$query.arrival_place,[],{u'query.departure_place': u'BLOOMFIELD'},{u'to.neighborhood': u'north side'},0,0,0,0,0,0,0,0,<place> side,1,0,1,0,0,0,0,1,0,0,0
20090927_092,004.raw,help,now,30.057,30.407,FALSE,request,->request$query.travel_time,[],{},{u'time.rel': u'next'},0,1,0,0,0,0,0,0,help,2,0,1,1,0,0,0,1,1,0,0
20090927_092,005.raw,now,now,41.537,41.957,FALSE,impl-conf,->establish_context$get_query_specs->request$query.travel_time->request$query.travel_time->request$query.travel_time,[],{u'get_query_specs': u'54C'},{u'time.rel': u'next'},1,2,0,0,0,0,0,0,now,2,0,1,2,0,0,0,1,2,0,0
20090927_092,007.raw,previous bus,previous bus,63.415,64.225,FALSE,impl-conf,->implicit_confirm$query.travel_time.time->inform$looking_up_database_first->inform$result->request$next_query,[],"{u'query.travel_time.time': u'The next bus', u'result': u'54C'}",{},1,3,0,0,0,0,0,0,previous bus,3,0,1,2,1,0,0,1,2,1,0
20090927_093,002.raw,no,no,20.994,21.414,FALSE,ack,->inform$confirm_okay->explicit_confirm$query.departure_place,[],{u'query.departure_place': u'CURRY'},{},0,0,0,0,0,0,0,0,no,1,0,1,0,0,0,0,1,0,0,0
20090927_093,003.raw,braddock oakland,im in oakland,24.032,24.862,FALSE,request,->request$query.departure_place,[],{},{},0,0,0,0,0,0,0,0,<place> <place>,1,0,2,0,0,0,0,2,0,0,0
20090927_093,004.raw,mckeesport leaving from the oakland seventh mckeesport,mckeesport leaving from the oakland seventh mckeesport,28.984,32.364,FALSE,impl-conf,->implicit_confirm$query.departure_place->request$query.arrival_place,[],{u'query.departure_place': u'BRADDOCK'},{u'to.neighborhood': u'mckeesport'},0,0,0,0,0,0,0,0,<neighborhood> leaving from the <place> <place> <neighborhood>,1,0,3,0,0,0,0,3,0,0,0
20090927_093,006.raw,g four town,g four town,37.136,38.316,FALSE,expl-conf,->explicit_confirm$query.arrival_place,[],{u'query.arrival_place': u'OAKLAND'},{},0,0,0,0,0,0,0,0,g <time> town,0,1,3,0,0,0,1,3,0,0,0
20090927_093,007.raw,no,no,46.388,46.848,FALSE,expl-conf,->explicit_confirm$query.arrival_place,[],{u'query.arrival_place': u'OAKLAND'},{},0,0,0,0,0,0,0,0,no,0,2,3,0,0,0,2,3,0,0,0
20090927_093,008.raw,yes,yes,50.542,51.012,FALSE,expl-conf,->explicit_confirm$query.arrival_place,[],{u'query.arrival_place': u'MCKEESPORT'},{},0,0,0,0,0,0,0,0,yes,0,3,3,0,0,0,3,3,0,0,0
20090927_093,012.raw,t oakland to mckeesport,t oakland to mckeesport,86.912,89.652,FALSE,expl-conf,->explicit_confirm$query.departure_place,[],{u'query.departure_place': u'BRIGHTON'},{},1,1,0,0,0,0,0,0,t <place> to <neighborhood>,1,3,4,0,0,0,3,4,0,0,0
20090927_093,013.raw,yes,yes,96.376,96.776,FALSE,impl-conf,->implicit_confirm$query.arrival_place->implicit_confirm$query.departure_place->explicit_confirm$uncovered_route,[u'uncovered_route'],"{u'query.departure_place': u'OAKLAND', u'uncovered_route': u'T', u'query.arrival_place': u'MCKEESPORT'}",{},1,2,0,0,0,0,0,0,yes,1,3,5,0,0,0,3,5,0,0,0
20090927_094,005.raw,mckee ohara,mckeesport,22.136,23.026,FALSE,ack,->inform$confirm_okay->request$query.departure_place,[],{},{u'from.neighborhood': u'mckeesport'},0,2,0,0,0,0,0,0,<place> <uncovered_place>,1,0,1,0,0,0,0,1,0,0,0
20090927_094,007.raw,mckee,mckee,29.806,30.106,FALSE,request,->request$query.departure_place,[],{},{u'from.desc': u'mckee'},0,2,0,0,0,0,0,0,<place>,1,0,2,0,0,0,0,2,0,0,0
20090927_094,008.raw,south pitt,south pitt,35,35.87,FALSE,impl-conf,->implicit_confirm$query.departure_place->request$query.arrival_place,[],{u'query.departure_place': u'MCKEE'},{},0,2,0,0,0,0,0,0,<place> <place>,1,0,3,0,0,0,0,3,0,0,0
20090927_094,009.raw,3l,3l,40.664,41.654,FALSE,impl-conf,->implicit_confirm$query.arrival_place->request$query.travel_time,[],{u'query.arrival_place': u'SOUTH'},{u'route': u'3l'},0,2,0,0,0,0,0,0,<uncovered_route>,0,1,3,0,0,0,1,3,0,0,0
20090927_094,010.raw,for the e,start a new query,44.624,46.284,FALSE,request,->request$query.travel_time,[],{},{},0,2,0,0,0,0,0,0,for the e,2,1,3,1,0,0,1,3,1,0,0
20090927_099,002.raw,yes,yes,23.184,23.454,FALSE,ack,->inform$confirm_okay->explicit_confirm$query.departure_place,[],{u'query.departure_place': u'PENN AND MAIN'},{},1,2,0,0,0,0,0,0,yes,1,0,1,0,0,0,0,1,0,0,0
20090927_099,004.raw,yes,yes,33.956,34.216,FALSE,ack,->inform$confirm_okay->explicit_confirm$query.travel_time.time,[],{u'query.travel_time.time': u'the next bus'},{},1,3,0,0,0,0,0,0,yes,2,0,1,1,0,0,0,1,1,0,0
20090927_099,005.raw,when is the next bus,when is the next bus,50.438,51.678,FALSE,ack,->inform$confirm_okay->inform$looking_up_database_first->inform$result->request$next_query,[],{u'result': u'54C'},{},1,4,0,0,0,0,0,0,when is the next bus,3,0,1,1,1,0,0,1,1,1,0
20090927_099,009.raw,yes,yes,78.106,78.466,FALSE,ack,->inform$confirm_okay->explicit_confirm$query.departure_place,[],{u'query.departure_place': u'OAKLAND'},{},1,7,0,0,0,0,0,0,yes,1,0,2,1,1,0,0,2,1,1,0
20090927_099,011.raw,yes,yes,88.848,89.128,FALSE,ack,->inform$confirm_okay->explicit_confirm$query.travel_time.time,[],{u'query.travel_time.time': u'the next bus'},{},0,8,0,0,0,0,0,0,yes,2,0,2,2,1,0,0,2,2,1,0
20090927_099,013.raw,when is the next bus,when is the next bus,107.084,108.424,FALSE,ack,->inform$confirm_okay->inform$looking_up_database_first->inform$result->request$next_query,[],{u'result': u'61C'},{},1,9,0,0,0,0,0,0,when is the next bus,3,0,2,2,2,0,0,2,2,2,0
20090928_000,003.raw,no,no,28.806,29.196,FALSE,expl-conf,->explicit_confirm$query.departure_place,[],{u'query.departure_place': u'ROBINSON TOWNSHIP'},{},0,0,0,0,0,0,0,0,no,1,0,1,0,0,0,0,1,0,0,0
20090928_000,005.raw,yes,yes,39.054,39.454,FALSE,expl-conf,->explicit_confirm$query.departure_place,[],{u'query.departure_place': u'DOWNTOWN PITTSBURGH'},{},1,1,0,0,0,0,0,0,yes,1,0,2,0,0,0,0,2,0,0,0
20090928_000,008.raw,when is the next bus,when is the next bus,72.916,74.236,FALSE,impl-conf,->implicit_confirm$query.travel_time.time->inform$looking_up_database_first->inform$result->request$next_query,[],"{u'query.travel_time.time': u'Leaving at 6 a.m.', u'result': u'28X'}",{},1,2,0,0,0,0,0,0,when is the next bus,3,0,2,0,1,0,0,2,0,1,0
20090928_000,009.raw,when is the next bus,when is the next bus,96.542,97.802,FALSE,hold-on,->inform$looking_up_database_subsequent->inform$result->request$next_query,[],{u'result': u'28X'},{},1,3,0,0,0,0,0,0,when is the next bus,3,0,2,0,2,0,0,2,0,2,0
20090928_009,002.raw,wall swissvale,swissvale,21.529,22.299,FALSE,impl-conf,->implicit_confirm$query.departure_place->request$query.arrival_place,[],{u'query.departure_place': u'EAST PITTSBURGH'},{u'to.neighborhood': u'swissvale'},0,0,0,0,0,0,0,0,<uncovered_place> <place>,1,0,1,0,0,0,0,1,0,0,0
20090928_009,003.raw,yes,yes,26.181,26.641,FALSE,expl-conf,->explicit_confirm$query.arrival_place,[],{u'query.arrival_place': u'SWISSVALE'},{},0,0,0,0,0,0,0,0,yes,0,1,1,0,0,0,1,1,0,0,0
20090928_009,005.raw,seven thirty p m,seven thirty p m,35.249,36.239,FALSE,request,->request$query.travel_time,[],{},{},0,0,0,0,0,0,0,0,<time> thirty p m,2,1,1,1,0,0,1,1,1,0,0
20090928_010,002.raw,north braddock,north braddock,20.601,21.611,FALSE,ack,->inform$confirm_okay->request$query.departure_place,[],{},{u'from.neighborhood': u'north braddock'},0,0,0,0,0,0,0,0,<place> <place>,1,0,1,0,0,0,0,1,0,0,0
20090928_010,003.raw,to oakland,to oakland,27.367,28.137,FALSE,impl-conf,->implicit_confirm$query.departure_place->request$query.arrival_place,[],{u'query.departure_place': u'NORTH BRADDOCK'},{},0,0,0,0,0,0,0,0,to <place>,1,0,2,0,0,0,0,2,0,0,0
20090928_010,004.raw,sheraden stop oakalnd,soon as possible,34.399,35.519,FALSE,impl-conf,->implicit_confirm$query.arrival_place->request$query.travel_time,[],{u'query.arrival_place': u'OAKLAND'},{},0,0,0,0,0,0,0,0,<place> stop oakalnd,0,1,2,0,0,0,1,2,0,0,0
20090928_010,005.raw,when's the next bus does the rodi leaving from braddock to go to oakland,when's the next bus does the rodi leaving from braddock to go to oakland,39.147,42.887,FALSE,request,->request$query.travel_time,[],{},{},0,0,0,0,0,0,0,0,when's the next bus does the rodi leaving from <place> to go to <place>,2,1,2,1,0,0,1,2,1,0,0
20090928_010,006.raw,yes,yes,47.191,47.661,FALSE,expl-conf,->explicit_confirm$query.travel_time.time,[],{u'query.travel_time.time': u'the next bus'},{},0,0,0,0,0,0,0,0,yes,2,1,2,2,0,0,1,2,2,0,0
20090928_010,007.raw,goodbye,goodbye,78.787,79.267,FALSE,ack,->inform$confirm_okay->inform$looking_up_database_first->inform$result->request$next_query,[],{u'result': u'61A'},{},0,0,0,0,0,0,0,0,goodbye,3,1,2,2,1,0,1,2,2,1,0
20090928_011,003.raw,yes,yes,20.805,21.065,FALSE,expl-conf,->explicit_confirm$query.departure_place,[],{u'query.departure_place': u'PITT'},{},1,3,0,0,0,0,0,0,yes,1,0,1,0,0,0,0,1,0,0,0
20090928_011,006.raw,kathleen and haberman,kathleen and haberman,36.905,38.455,FALSE,request,->request$query.arrival_place,[],{},{u'to.desc': u'kathleen and haberman'},0,4,0,0,0,0,0,0,kathleen and <place>,0,1,1,0,0,0,1,1,0,0,0
20090928_011,007.raw,yes,yes,42.743,43.033,FALSE,expl-conf,->explicit_confirm$query.arrival_place,[],{u'query.arrival_place': u'HABERMAN'},{},0,4,0,0,0,0,0,0,yes,0,2,1,0,0,0,2,1,0,0,0
20090928_012,002.raw,no,no,20.968,21.598,FALSE,expl-conf,->explicit_confirm$query.departure_place,[],{u'query.departure_place': u'NINTH AND ANN'},{},0,0,0,0,0,0,0,0,no,1,0,1,0,0,0,0,1,0,0,0
20090928_012,005.raw,no,no,34.256,34.966,FALSE,expl-conf,->explicit_confirm$query.departure_place,[],{u'query.departure_place': u'DYNAMO'},{},0,0,0,0,0,0,0,0,no,1,0,2,0,0,0,0,2,0,0,0
20090928_012,007.raw,yes,yes,43.93,44.3,FALSE,expl-conf,->explicit_confirm$query.travel_time.time,[],{u'query.travel_time.time': u'the next bus'},{},0,0,0,0,0,0,0,0,yes,2,0,2,1,0,0,0,2,1,0,0
20090928_012,008.raw,highland,highland,48.388,49.498,FALSE,ack,->inform$confirm_okay->request$query.departure_place,[],{},{u'from.desc': u'highland'},0,0,0,0,0,0,0,0,<place>,1,0,3,1,0,0,0,3,1,0,0
20090928_013,002.raw,yes,yes,24.514,24.924,FALSE,ack,->inform$confirm_okay->explicit_confirm$query.departure_place,[],{u'query.departure_place': u'DOWNTOWN'},{},0,0,0,0,0,0,0,0,yes,1,0,1,0,0,0,0,1,0,0,0
20090928_013,003.raw,mckee,mckee,29.702,30.392,FALSE,ack,->inform$confirm_okay->request$query.arrival_place,[],{},{u'to.desc': u'mckee'},0,0,0,0,0,0,0,0,<place>,0,1,1,0,0,0,1,1,0,0,0
20090928_013,004.raw,now,now,35.906,36.426,FALSE,impl-conf,->implicit_confirm$query.arrival_place->request$query.travel_time,[],{u'query.arrival_place': u'MCKEE'},{u'time.rel': u'next'},0,0,0,0,0,0,0,0,now,0,2,1,0,0,0,2,1,0,0,0
20090928_020,012.raw,no toward s park 26e,no i want to go on the twenty six e,60.317,62.907,FALSE,expl-conf,->explicit_confirm$query.departure_place,[],{u'query.departure_place': u'COAL'},{u'route': u'26e'},0,6,0,0,0,0,0,0,no toward s park <uncovered_route>,1,0,1,0,0,0,0,1,0,0,0
20090928_020,013.raw,leaving from,leaving from,65.629,66.959,FALSE,expl-conf,->explicit_confirm$query.departure_place,[],{u'query.departure_place': u'COAL'},{},1,7,0,0,0,0,0,0,leaving from,1,0,2,0,0,0,0,2,0,0,0
20090928_020,014.raw,5a in robinson,5a in robinson,67.713,69.793,FALSE,expl-conf,->inform$nonunderstanding_moveon->explicit_confirm$query.departure_place,[],{u'query.departure_place': u'OLIVER'},{u'route': u'5a'},0,7,0,0,0,0,0,0,<uncovered_route> in <place>,1,0,3,0,0,0,0,3,0,0,0
20090928_020,015.raw,r yes,r yes,72.747,73.717,FALSE,expl-conf,->explicit_confirm$query.departure_place,[],{u'query.departure_place': u'ROBINSON'},{},1,8,0,0,0,0,0,0,r yes,1,0,4,0,0,0,0,4,0,0,0
20090928_020,017.raw,start,start,78.397,78.837,FALSE,expl-conf,->explicit_confirm$query.departure_place,[],{u'query.departure_place': u'OLIVER'},{},1,9,0,0,0,0,0,0,start,1,0,5,0,0,0,0,5,0,0,0
20090928_023,004.raw,yes,yes,29.523,29.953,FALSE,expl-conf,->explicit_confirm$query.departure_place,[],{u'query.departure_place': u'NORTH BRADDOCK'},{},1,3,0,0,0,0,0,0,yes,1,0,1,0,0,0,0,1,0,0,0
20090928_023,005.raw,downtown,downtown,33.717,34.347,FALSE,ack,->inform$confirm_okay->request$query.arrival_place,[],{},{u'to.neighborhood': u'downtown'},0,3,0,0,0,0,0,0,<neighborhood>,0,1,1,0,0,0,1,1,0,0,0
20090928_023,006.raw,next bus,next bus,40.167,40.827,FALSE,impl-conf,->implicit_confirm$query.arrival_place->request$query.travel_time,[],{u'query.arrival_place': u'DOWNTOWN'},{},0,3,0,0,0,0,0,0,next bus,0,2,1,0,0,0,2,1,0,0,0
20090928_023,007.raw,the next bus,the next bus,64.231,64.981,FALSE,impl-conf,->implicit_confirm$query.travel_time.time->inform$looking_up_database_first->inform$result->request$next_query,[],"{u'query.travel_time.time': u'The next bus', u'result': u'61A'}",{},1,4,0,0,0,0,0,0,the next bus,3,2,1,0,1,0,2,1,0,1,0
20090928_026,002.raw,greenfield,greenfield,21.807,22.457,FALSE,impl-conf,->implicit_confirm$query.departure_place->request$query.arrival_place,[],{u'query.departure_place': u'HOMESTEAD'},{u'to.neighborhood': u'greenfield'},0,0,0,0,0,0,0,0,<place>,1,0,1,0,0,0,0,1,0,0,0
20090928_026,003.raw,next bus,next bus,27.203,27.763,FALSE,impl-conf,->implicit_confirm$query.arrival_place->request$query.travel_time,[],{u'query.arrival_place': u'GREENFIELD'},{},0,0,0,0,0,0,0,0,next bus,0,1,1,0,0,0,1,1,0,0,0
20090928_029,002.raw,wood,wood,53.056,53.436,FALSE,expl-conf,->explicit_confirm$query.departure_place,[],{u'query.departure_place': u'WOOD AT FORBES'},{u'from.desc': u'wood'},1,2,0,0,0,0,0,0,<place>,1,0,1,0,0,0,0,1,0,0,0
20090928_029,003.raw,with the zoo leaving from braddock to squirrel hill,which bus is leaving from braddock to squirrel hill,57.63,61.5,FALSE,expl-conf,->explicit_confirm$query.departure_place,[],{u'query.departure_place': u'WOOD'},{},0,2,0,0,0,0,0,0,with the <place> leaving from <place> to <neighborhood>,1,0,2,0,0,0,0,2,0,0,0
20090928_029,004.raw,braddock to,braddock to,66.162,66.952,FALSE,expl-conf,->explicit_confirm$query.departure_place,[],{u'query.departure_place': u'WOOD'},{u'from.neighborhood': u'braddock'},0,2,0,0,0,0,0,0,<place> to,1,0,3,0,0,0,0,3,0,0,0
20090928_029,005.raw,yes,yes,70.086,70.466,FALSE,impl-conf,->implicit_confirm$query.departure_place->explicit_confirm$query.arrival_place,[],"{u'query.departure_place': u'BRADDOCK', u'query.arrival_place': u'SQUIRREL HILL'}",{},1,3,0,0,0,0,0,0,yes,1,0,4,0,0,0,0,4,0,0,0
20090928_029,009.raw,now,now,79.98,80.47,FALSE,request,->request$query.travel_time,[],{},{u'time.rel': u'next'},0,3,0,0,0,0,0,0,now,2,0,4,1,0,0,0,4,1,0,0
20090928_029,010.raw,the next bus,the next bus,82.466,83.336,FALSE,impl-conf,->implicit_confirm$query.travel_time.time->inform$looking_up_database_first,[],{u'query.travel_time.time': u'The next bus'},{},1,4,0,0,0,0,0,0,the next bus,2,0,4,2,0,0,0,4,2,0,0
20090928_029,012.raw,when is the next,when is the next,102.966,103.946,FALSE,schedule,->inform$result->request$next_query,[],{u'result': u'61B'},{},1,5,0,0,0,0,0,0,when is the next,3,0,4,2,1,0,0,4,2,1,0
20090928_029,013.raw,when is it when is the next,when is it when is the next,106.618,108.448,FALSE,hold-on,->inform$looking_up_database_subsequent->inform$result,[],{u'result': u'61B'},{},1,6,0,0,0,0,0,0,when is it when is the next,3,0,4,2,2,0,0,4,2,2,0
20090928_029,014.raw,start a the 61d,i need the sixty one a,115.39,117.01,FALSE,hold-on,->inform$looking_up_database_subsequent->inform$result,[],{u'result': u'61B'},{},1,7,0,0,0,0,0,0,start a the <route>,3,0,4,2,3,0,0,4,2,3,0
20090928_031,005.raw,yes,yes,45.422,45.752,FALSE,expl-conf,->explicit_confirm$query.departure_place,[],{u'query.departure_place': u'WOODSTOCK'},{},0,0,0,0,0,0,0,0,yes,1,0,1,0,0,0,0,1,0,0,0
20090928_032,002.raw,yes,yes,20.472,20.862,FALSE,expl-conf,->explicit_confirm$query.departure_place,[],{u'query.departure_place': u'EAST PITTSBURGH'},{},0,0,0,0,0,0,0,0,yes,1,0,1,0,0,0,0,1,0,0,0
20090928_032,003.raw,swissvale,swissvale,24.316,24.836,FALSE,ack,->inform$confirm_okay->request$query.arrival_place,[],{},{u'to.neighborhood': u'swissvale'},0,0,0,0,0,0,0,0,<place>,0,1,1,0,0,0,1,1,0,0,0
20090928_032,004.raw,ten o'clock here,ten o'clock here,30.366,31.256,FALSE,impl-conf,->implicit_confirm$query.arrival_place->request$query.travel_time,[],{u'query.arrival_place': u'SWISSVALE'},{},0,0,0,0,0,0,0,0,<time> o'clock here,0,2,1,0,0,0,2,1,0,0,0
20090928_032,005.raw,yes,yes,35.62,36.1,FALSE,expl-conf,->explicit_confirm$query.travel_time.time,[],{u'query.travel_time.time': u'Leaving at 10 p.m.'},{},0,0,0,0,0,0,0,0,yes,2,2,1,1,0,0,2,1,1,0,0
20090928_033,003.raw,correct,correct,30.686,31.236,FALSE,ack,->inform$confirm_okay->explicit_confirm$query.travel_time.time,[],{u'query.travel_time.time': u'the next bus'},{},0,2,0,0,0,0,0,0,correct,2,0,0,1,0,0,0,0,1,0,0
20090928_033,004.raw,mckeesport to duquesne,mckeesport to duquesne,34.294,35.754,FALSE,ack,->inform$confirm_okay->request$query.departure_place,[],{},{u'from.neighborhood': u'mckeesport'},1,3,0,0,0,0,0,0,<neighborhood> to <neighborhood>,1,0,1,1,0,0,0,1,1,0,0
20090928_033,005.raw,correct,correct,39.606,40.136,FALSE,expl-conf,->explicit_confirm$query.departure_place,[],{u'query.departure_place': u'MCKEESPORT'},{},1,4,0,0,0,0,0,0,correct,1,0,2,1,0,0,0,2,1,0,0
20090928_033,006.raw,duquesne,duquesne,43.816,44.326,FALSE,ack,->inform$confirm_okay->request$query.arrival_place,[],{},{u'to.neighborhood': u'duquesne'},0,4,0,0,0,0,0,0,<neighborhood>,0,1,2,1,0,0,1,2,1,0,0
20090928_033,007.raw,when is the next bus,when is the next bus,68.426,69.406,FALSE,impl-conf,->implicit_confirm$query.arrival_place->inform$looking_up_database_first->inform$result->request$next_query,[],"{u'result': u'61C', u'query.arrival_place': u'DUQUESNE'}",{},1,5,0,0,0,0,0,0,when is the next bus,3,1,2,1,1,0,1,2,1,1,0
20090928_033,008.raw,when is next bye after eleven o'clock,when is the next bus after eleven oclock,94.188,96.928,FALSE,hold-on,->inform$looking_up_database_subsequent->inform$result->request$next_query,[],{u'result': u'61C'},{},1,6,0,0,0,0,0,0,when is next bye after <time> o'clock,3,1,2,1,2,0,1,2,1,2,0
20090928_033,010.raw,when is the next bus,when is the next bus,129.492,130.572,FALSE,hold-on,->inform$looking_up_database_subsequent->inform$result->request$next_query,[],{u'result': u'61C'},{},1,8,0,0,0,0,0,0,when is the next bus,3,1,2,1,3,0,1,2,1,3,0
20090928_038,007.raw,yeah,yeah,36.978,37.358,FALSE,expl-conf,->explicit_confirm$query.departure_place,[],{u'query.departure_place': u'THE HILTON'},{},1,2,0,1,0,0,0,0,yeah,1,0,1,0,0,0,0,1,0,0,0
20090928_038,010.raw,east pittsburgh,east pittsburgh,47.41,48.21,FALSE,request,->request$query.arrival_place,[],{},{u'to.neighborhood': u'east pittsburgh'},0,3,0,2,0,0,0,0,east <place>sburgh,0,1,1,0,0,0,1,1,0,0,0
20090928_038,012.raw,six thirty a m,six thirty a m,57.844,59.664,FALSE,impl-conf,->implicit_confirm$query.arrival_place->request$query.travel_time,[],{u'query.arrival_place': u'EAST PITTSBURGH'},{},0,3,0,2,0,0,0,0,<time> thirty a m,0,2,1,0,0,0,2,1,0,0,0
20090928_039,002.raw,now,now,20.775,21.255,FALSE,expl-conf,->explicit_confirm$query.departure_place,[],{u'query.departure_place': u'ELM'},{u'time.rel': u'next'},0,0,0,0,0,0,0,0,now,1,0,1,0,0,0,0,1,0,0,0
20090928_039,004.raw,60m,swissvale,32.799,33.679,FALSE,request,->request$query.departure_place,[],{},{},0,0,0,1,0,0,0,0,<uncovered_route>,1,0,2,0,0,0,0,2,0,0,0
20090928_039,005.raw,rankin braddock,rankin braddock,41.673,42.723,FALSE,example,->request$query.departure_place,[],{},{},0,0,0,1,0,0,0,0,<place> <place>,1,0,3,0,0,0,0,3,0,0,0
20090928_039,006.raw,now,now,47.039,47.759,FALSE,expl-conf,->explicit_confirm$query.departure_place,[],{u'query.departure_place': u'RANKIN'},{u'time.rel': u'next'},0,0,0,1,0,0,0,0,now,1,0,4,0,0,0,0,4,0,0,0
20090928_039,008.raw,swissvale,swissvale,55.723,56.733,FALSE,request,->request$query.departure_place,[],{},{u'from.neighborhood': u'swissvale'},0,1,0,2,0,0,0,0,<place>,1,0,5,0,0,0,0,5,0,0,0
20090928_039,012.raw,eighth at grant,eighth at grant,67.903,68.883,FALSE,ack,->inform$confirm_okay->request$query.arrival_place,[],{},{u'to.desc': u'eighth at grant'},0,3,0,3,0,0,0,0,<place>,0,1,5,0,0,0,1,5,0,0,0
20090928_039,014.raw,east pittsburgh,east pittsburgh,77.183,78.333,FALSE,request,->request$query.arrival_place,[],{},{u'to.neighborhood': u'east pittsburgh'},0,3,0,4,0,0,0,0,east <place>sburgh,0,2,5,0,0,0,2,5,0,0,0
20090928_039,018.raw,seven a m,seven a m,97.541,98.751,FALSE,request,->request$query.travel_time,[],{},{},0,4,0,6,0,0,0,0,<time>,2,2,5,1,0,0,2,5,1,0,0
20090928_039,019.raw,when is the previous bus,when is the previous bus,125.115,126.695,FALSE,impl-conf,->implicit_confirm$query.travel_time.time->inform$looking_up_database_first->inform$result->request$next_query,[],"{u'query.travel_time.time': u'Leaving at 7 a.m.', u'result': u'61A'}",{},1,5,0,6,0,0,0,0,when is the previous bus,3,2,5,1,1,0,2,5,1,1,0
20090928_041,002.raw,yes,yes,20.935,21.265,FALSE,expl-conf,->explicit_confirm$query.departure_place,[],{u'query.departure_place': u'CHESTERFIELD AND FIFTH'},{},1,2,0,0,0,0,0,0,yes,1,0,1,0,0,0,0,1,0,0,0
20090928_041,003.raw,yes,yes,24.239,24.729,FALSE,expl-conf,->explicit_confirm$query.departure_place,[],{u'query.departure_place': u'CHESTERFIELD AND FIFTH'},{},1,3,0,0,0,0,0,0,yes,1,0,2,0,0,0,0,2,0,0,0
20090928_041,004.raw,mount oliver,mount oliver,28.271,29.111,FALSE,ack,->inform$confirm_okay->request$query.arrival_place,[],{},{u'to.neighborhood': u'mount oliver'},0,3,0,0,0,0,0,0,mount <place>,0,1,2,0,0,0,1,2,0,0,0
20090928_041,005.raw,yes,yes,32.795,33.125,FALSE,expl-conf,->explicit_confirm$query.arrival_place,[],{u'query.arrival_place': u'MOUNT OLIVER'},{},1,4,0,0,0,0,0,0,yes,0,2,2,0,0,0,2,2,0,0,0
20090928_041,007.raw,when's the previous,when's the previous,54.549,55.679,FALSE,impl-conf,->implicit_confirm$query.travel_time.time->inform$looking_up_database_first->inform$result,[],"{u'query.travel_time.time': u'Leaving at 11 p.m.', u'result': u'54C'}",{},1,5,0,0,0,0,0,0,when's the previous,3,2,2,0,1,0,2,2,0,1,0
20090928_042,002.raw,no,no,19.76,20.3,FALSE,expl-conf,->explicit_confirm$query.departure_place,[],{u'query.departure_place': u'WOOD STREET'},{},1,1,0,0,0,0,0,0,no,1,0,1,0,0,0,0,1,0,0,0
20090928_042,005.raw,duquesne,duquesne,34.052,34.742,FALSE,request,->request$query.departure_place,[],{},{u'from.neighborhood': u'duquesne'},0,1,0,0,0,0,0,0,<neighborhood>,1,0,2,0,0,0,0,2,0,0,0
20090928_042,006.raw,mckeesport,mckeesport,39.61,40.56,FALSE,impl-conf,->implicit_confirm$query.departure_place->request$query.arrival_place,[],{u'query.departure_place': u'DUQUESNE'},{u'to.neighborhood': u'mckeesport'},0,1,0,0,0,0,0,0,<neighborhood>,1,0,3,0,0,0,0,3,0,0,0
20090928_042,007.raw,twelve thirty,twelve thirty,46.05,46.97,FALSE,impl-conf,->implicit_confirm$query.arrival_place->request$query.travel_time,[],{u'query.arrival_place': u'MCKEESPORT'},{},0,1,0,0,0,0,0,0,<time> thirty,0,1,3,0,0,0,1,3,0,0,0
20090928_042,008.raw,soho park hills,twelve oclock pm,71.566,72.836,FALSE,impl-conf,->implicit_confirm$query.travel_time.time->inform$looking_up_database_first->inform$result->request$next_query,[],"{u'query.travel_time.time': u'Leaving at 12 30 a.m.', u'result': u'61C'}",{},1,2,0,0,0,0,0,0,soho park hills,3,1,3,0,1,0,1,3,0,1,0
20090929_001,004.raw,no,no,33.527,33.927,FALSE,ack,->inform$confirm_okay->explicit_confirm$query.departure_place,[],{u'query.departure_place': u'RANKIN'},{},0,0,0,0,0,0,0,0,no,1,0,1,0,0,0,0,1,0,0,0
20090929_001,005.raw,no,no,38.175,38.565,FALSE,expl-conf,->explicit_confirm$query.departure_place,[],{u'query.departure_place': u'MALL'},{},0,0,0,0,0,0,0,0,no,1,0,2,0,0,0,0,2,0,0,0
20090929_001,006.raw,yes,yes,42.857,43.257,FALSE,expl-conf,->explicit_confirm$query.departure_place,[],{u'query.departure_place': u'MCKEESPORT'},{},0,0,0,0,0,0,0,0,yes,1,0,3,0,0,0,0,3,0,0,0
20090929_001,009.raw,twelve,twelve,59.063,59.413,FALSE,request,->request$exact_travel_time,[],{},{},0,0,0,0,0,0,0,0,<time>,2,0,3,1,0,0,0,3,1,0,0
20090929_005,002.raw,forbes and murray,forbes and murray,19.729,20.619,FALSE,ack,->inform$confirm_okay->request$query.departure_place,[],{},{u'from.desc': u'forbes and murray'},0,0,0,0,0,0,0,0,<place>,1,0,1,0,0,0,0,1,0,0,0
20090929_005,003.raw,yes,yes,25.033,25.273,FALSE,expl-conf,->explicit_confirm$query.departure_place,[],{u'query.departure_place': u'FORBES AND MURRAY'},{},0,0,0,0,0,0,0,0,yes,1,0,2,0,0,0,0,2,0,0,0
20090929_005,004.raw,waterfront,waterfront,28.701,29.311,FALSE,ack,->inform$confirm_okay->request$query.arrival_place,[],{},{u'to.desc': u'waterfront'},0,0,0,0,0,0,0,0,<place>,0,1,2,0,0,0,1,2,0,0,0
20090929_005,005.raw,now,now,33.825,34.215,FALSE,impl-conf,->implicit_confirm$query.arrival_place->request$query.travel_time,[],{u'query.arrival_place': u'WATERFRONT'},{u'time.rel': u'next'},0,0,0,0,0,0,0,0,now,0,2,2,0,0,0,2,2,0,0,0
20090929_005,006.raw,goodbye eighth,goodbye,49.815,50.485,FALSE,impl-conf,->implicit_confirm$query.travel_time.time->inform$looking_up_database_first->inform$result->request$next_query,[],"{u'query.travel_time.time': u'The next bus', u'result': u'59U'}",{},1,1,0,0,0,0,0,0,goodbye <place>,3,2,2,0,1,0,2,2,0,1,0
20090929_007,003.raw,no,no,26.159,26.559,FALSE,expl-conf,->explicit_confirm$query.departure_place,[],{u'query.departure_place': u'EIGHTEENTH'},{},0,1,0,0,0,0,0,0,no,1,0,1,0,0,0,0,1,0,0,0
20090929_007,005.raw,av leave from cmu,leaving from cmu,32.785,34.395,FALSE,expl-conf,->explicit_confirm$query.departure_place,[],{u'query.departure_place': u'HILTON'},{},0,2,0,0,0,0,0,0,av leave from <place>,1,0,2,0,0,0,0,2,0,0,0
20090929_007,006.raw,no,no,37.959,38.439,FALSE,expl-conf,->explicit_confirm$query.departure_place,[],{u'query.departure_place': u'HILTON'},{},1,3,0,0,0,0,0,0,no,1,0,3,0,0,0,0,3,0,0,0
20090929_012,006.raw,yes,yes,35.751,36.011,FALSE,expl-conf,->explicit_confirm$query.arrival_place,[],{u'query.arrival_place': u'SQUIRREL HILL'},{},0,1,0,0,0,0,0,0,yes,0,1,0,0,0,0,1,0,0,0,0
20090929_012,007.raw,yes,yes,39.369,39.599,FALSE,ack,->inform$confirm_okay->explicit_confirm$query.travel_time.time,[],{u'query.travel_time.time': u'the next bus'},{},1,2,0,0,0,0,0,0,yes,2,1,0,1,0,0,1,0,1,0,0
20090929_012,008.raw,no,no,43.883,44.223,FALSE,ack,->inform$confirm_okay->explicit_confirm$query.departure_place,[],{u'query.departure_place': u'COAL'},{},0,2,0,0,0,0,0,0,no,1,1,1,1,0,0,1,1,1,0,0
20090929_012,010.raw,no,no,52.213,52.663,FALSE,expl-conf,->explicit_confirm$query.departure_place,[],{u'query.departure_place': u'PITT'},{},0,2,0,0,0,0,0,0,no,1,1,2,1,0,0,1,2,1,0,0
20090929_012,011.raw,no,no,56.767,57.177,FALSE,expl-conf,->explicit_confirm$query.departure_place,[],{u'query.departure_place': u'FIFTH AND TENNYSON'},{},0,2,0,0,0,0,0,0,no,1,1,3,1,0,0,1,3,1,0,0
20090929_012,012.raw,penn avenue and highland avenue,penn avenue and highland avenue,60.405,62.405,FALSE,request,->request$query.departure_place,[],{},{u'from.desc': u'penn avenue and highland avenue'},0,2,0,0,0,0,0,0,<place>,1,1,4,1,0,0,1,4,1,0,0
20090929_012,013.raw,yes,yes,68.061,68.431,FALSE,expl-conf,->explicit_confirm$query.departure_place,[],{u'query.departure_place': u'PENN AVENUE AND HIGHLAND AVENUE'},{},0,2,0,0,0,0,0,0,yes,1,1,5,1,0,0,1,5,1,0,0
20090929_014,007.raw,no,no,32.036,32.376,FALSE,impl-conf,->implicit_confirm$query.travel_time.time,[],{u'query.travel_time.time': u'Leaving at 9 p.m.'},{},1,6,0,0,0,0,0,0,no,2,0,0,1,0,0,0,0,1,0,0
20090929_014,008.raw,that's right,that's right,35.664,36.134,FALSE,expl-conf,->explicit_confirm$query.departure_place,[],{u'query.departure_place': u'OAKLAND'},{},1,7,0,0,0,0,0,0,that's right,1,0,1,1,0,0,0,1,1,0,0
20090929_014,009.raw,wall,wall,38.01,38.13,FALSE,ack,->inform$confirm_okay->request$query.arrival_place,[],{},{u'to.neighborhood': u'wall'},1,8,0,0,0,0,0,0,<uncovered_place>,0,1,1,1,0,0,1,1,1,0,0
20090929_014,011.raw,greenfield,greenfield,41.876,42.576,FALSE,request,->request$query.arrival_place,[],{},{u'to.neighborhood': u'greenfield'},1,10,0,0,0,0,0,0,<place>,0,2,1,1,0,0,2,1,1,0,0
20090929_014,012.raw,dormont,dormont,43.452,44.002,FALSE,impl-conf,->implicit_confirm$query.arrival_place,[],{u'query.arrival_place': u'GREENFIELD'},{u'to.neighborhood': u'dormont'},0,10,0,0,0,0,0,0,<uncovered_place>,0,3,1,1,0,0,3,1,1,0,0
20090929_014,013.raw,the for the oakland,going to oakland,46.24,48.01,FALSE,request,->request$query.travel_time,[],{},{},1,11,0,0,0,0,0,0,the for the <place>,2,3,1,2,0,0,3,1,2,0,0
20090929_014,014.raw,the like to travel tomorrow,the like to travel tomorrow,49.402,51.162,FALSE,request,->request$query.travel_time,[],{},{u'date.day': u'tomorrow'},1,12,0,0,0,0,0,0,the like to travel tomorrow,2,3,1,3,0,0,3,1,3,0,0
20090929_014,015.raw,one nine,one nine,52.704,53.224,FALSE,request,->request$exact_travel_time,[],{},{},1,13,0,0,0,0,0,0,<time> <time>,2,3,1,4,0,0,3,1,4,0,0
20090929_014,016.raw,six a m,six a m,53.958,54.618,FALSE,example,->request$exact_travel_time,[],{},{},0,13,0,0,0,0,0,0,<time>,2,3,1,5,0,0,3,1,5,0,0
20090929_014,018.raw,forbes avenue,forbes avenue,61.536,62.206,FALSE,schedule,->inform$result,[],{u'result': u'61C'},{},1,15,0,0,0,0,0,0,<place>nue,3,3,1,5,1,0,3,1,5,1,0
20090929_017,004.raw,east mckeesport,east mckeesport,33.885,34.955,FALSE,impl-conf,->implicit_confirm$query.departure_place->request$query.arrival_place,[],{u'query.departure_place': u'KENNYWOOD'},{u'to.neighborhood': u'east mckeesport'},0,0,0,0,0,0,0,0,east <neighborhood>,1,0,1,0,0,0,0,1,0,0,0
20090929_017,007.raw,duquesne,duquesne,46.709,47.199,FALSE,request,->request$query.departure_place,[],{},{u'from.neighborhood': u'duquesne'},0,1,0,0,0,0,0,0,<neighborhood>,1,0,2,0,0,0,0,2,0,0,0
20090929_017,008.raw,mckeesport,mckeesport,53.055,53.785,FALSE,impl-conf,->implicit_confirm$query.departure_place->request$query.arrival_place,[],{u'query.departure_place': u'DUQUESNE'},{u'to.neighborhood': u'mckeesport'},0,1,0,0,0,0,0,0,<neighborhood>,1,0,3,0,0,0,0,3,0,0,0
20090929_017,009.raw,now,now,61.897,62.337,FALSE,impl-conf,->implicit_confirm$query.arrival_place->request$query.travel_time,[],{u'query.arrival_place': u'MCKEESPORT'},{u'time.rel': u'next'},0,1,0,0,0,0,0,0,now,0,1,3,0,0,0,1,3,0,0,0
20090929_020,002.raw,eighteenth at carson,eighteenth at carson,19.772,21.242,FALSE,ack,->inform$confirm_okay->request$query.departure_place,[],{},{u'from.desc': u'eighteenth at carson'},0,0,0,0,0,0,0,0,<place> at <place>,1,0,1,0,0,0,0,1,0,0,0
20090929_020,003.raw,yes,yes,26.074,26.424,FALSE,expl-conf,->explicit_confirm$query.departure_place,[],{u'query.departure_place': u'EIGHTEENTH AT CARSON'},{},0,0,0,0,0,0,0,0,yes,1,0,2,0,0,0,0,2,0,0,0
20090929_020,004.raw,bell,bell,31.356,31.546,FALSE,ack,->inform$confirm_okay->request$query.arrival_place,[],{},{u'to.desc': u'bell'},0,0,0,0,0,0,0,0,<place>,0,1,2,0,0,0,1,2,0,0,0
20090929_020,006.raw,no,no,36.786,37.206,FALSE,expl-conf,->explicit_confirm$query.arrival_place,[],{u'query.arrival_place': u'BELL'},{},0,0,0,0,0,0,0,0,no,0,2,2,0,0,0,2,2,0,0,0
20090929_020,007.raw,no,no,40.296,40.766,FALSE,expl-conf,->explicit_confirm$query.arrival_place,[],{u'query.arrival_place': u'CARSON'},{},1,1,0,0,0,0,0,0,no,0,3,2,0,0,0,3,2,0,0,0
20090929_020,008.raw,now,no,43.348,43.708,FALSE,request,->request$query.travel_time,[],{},{},0,1,0,0,0,0,0,0,now,2,3,2,1,0,0,3,2,1,0,0
20090929_022,004.raw,wall,wall,29.868,30.118,FALSE,expl-conf,->explicit_confirm$query.departure_place,[],{u'query.departure_place': u'EIGHTEENTH AT CARSON'},{u'from.neighborhood': u'wall'},0,0,0,0,0,0,0,0,<uncovered_place>,1,0,1,0,0,0,0,1,0,0,0
20090929_022,005.raw,yes,yes,34.59,34.93,FALSE,expl-conf,->explicit_confirm$query.departure_place,[],{u'query.departure_place': u'EIGHTEENTH AT CARSON'},{},0,0,0,0,0,0,0,0,yes,1,0,2,0,0,0,0,2,0,0,0
20090929_022,008.raw,oakland,oakland,49.9,50.5,FALSE,request,->request$query.arrival_place,[],{},{u'to.neighborhood': u'oakland'},0,0,0,1,0,0,0,0,<place>,0,1,2,0,0,0,1,2,0,0,0
20090929_022,009.raw,now,now,55.094,55.324,FALSE,impl-conf,->implicit_confirm$query.arrival_place->request$query.travel_time,[],{u'query.arrival_place': u'OAKLAND'},{u'time.rel': u'next'},0,0,0,1,0,0,0,0,now,0,2,2,0,0,0,2,2,0,0,0
20090929_027,012.raw,yes,yes,68.571,69.001,FALSE,expl-conf,->explicit_confirm$query.departure_place,[],{u'query.departure_place': u'MCKEESPORT'},{},0,2,0,0,0,0,0,0,yes,1,0,1,0,0,0,0,1,0,0,0
20090929_031,006.raw,amanda at charles,amanda at charles,49.865,51.345,FALSE,expl-conf,->explicit_confirm$query.departure_place,[],{u'query.departure_place': u'ELM'},{u'from.desc': u'amanda at charles'},0,3,0,1,0,0,0,0,<place>,1,0,1,0,0,0,0,1,0,0,0
20090929_031,007.raw,yes,yes,55.709,56.279,FALSE,expl-conf,->explicit_confirm$query.departure_place,[],{u'query.departure_place': u'AMANDA AT CHARLES'},{},1,4,0,1,0,0,0,0,yes,1,0,2,0,0,0,0,2,0,0,0
20090929_031,008.raw,wal-mart,wal-mart,60.757,61.477,FALSE,ack,->inform$confirm_okay->request$query.arrival_place,[],{},{u'to.desc': u'walmart'},0,4,0,1,0,0,0,0,<place>,0,1,2,0,0,0,1,2,0,0,0
20090929_031,011.raw,fifth avenue and highland,fifth avenue and highland,79.191,80.221,FALSE,expl-conf,->explicit_confirm$query.arrival_place,[],{u'query.arrival_place': u'BEGGS AT MIFFLIN'},{u'to.desc': u'fifth avenue and highland'},0,6,0,1,0,0,0,0,<place> and <place>,0,2,2,0,0,0,2,2,0,0,0
20090929_031,013.raw,fifth and bigelow,fifth and bigelow,90.865,92.105,FALSE,expl-conf,->explicit_confirm$query.arrival_place,[],{u'query.arrival_place': u'FIFTH AVENUE AND HIGHLAND'},{},0,6,0,2,0,0,0,0,<place> and <place>,0,3,2,0,0,0,3,2,0,0,0
20090929_031,014.raw,yes,yes,96.787,97.207,FALSE,expl-conf,->explicit_confirm$query.arrival_place,[],{u'query.arrival_place': u'FIFTH AND BIGELOW'},{},0,6,0,2,0,0,0,0,yes,0,4,2,0,0,0,4,2,0,0,0
20090929_032,002.raw,yeah,no,22.922,23.132,FALSE,expl-conf,->explicit_confirm$query.departure_place,[],{u'query.departure_place': u'WEST AND THIRTEENTH'},{},0,0,0,0,0,0,0,0,yeah,1,0,1,0,0,0,0,1,0,0,0
20090929_032,003.raw,squirrel hill,squirrel hill,28.394,29.134,FALSE,ack,->inform$confirm_okay->request$query.arrival_place,[],{},{u'to.neighborhood': u'squirrel hill'},0,0,0,0,0,0,0,0,<neighborhood>,0,1,1,0,0,0,1,1,0,0,0
20090929_032,004.raw,p m,p m,34.27,34.51,FALSE,impl-conf,->implicit_confirm$query.arrival_place->request$query.travel_time,[],{u'query.arrival_place': u'SQUIRREL HILL'},{},0,0,0,0,0,0,0,0,p m,0,2,1,0,0,0,2,1,0,0,0
20090929_032,005.raw,now,now,38.238,38.628,FALSE,request,->request$exact_travel_time,[],{},{u'time.rel': u'next'},0,0,0,0,0,0,0,0,now,2,2,1,1,0,0,2,1,1,0,0
20090929_032,010.raw,yes,yes,73.29,73.51,FALSE,expl-conf,->explicit_confirm$query.departure_place,[],{u'query.departure_place': u'FORBES AND MURRAY'},{},0,1,0,0,0,0,0,0,yes,1,2,2,1,0,0,2,2,1,0,0
20090929_032,011.raw,the strip,the strip,79.302,79.912,FALSE,ack,->inform$confirm_okay->request$query.arrival_place,[],{},{u'to.neighborhood': u'strip'},0,1,0,0,0,0,0,0,the <place>,0,3,2,1,0,0,3,2,1,0,0
20090929_032,012.raw,now,now,85.77,86.08,FALSE,impl-conf,->implicit_confirm$query.arrival_place->request$query.travel_time,[],{u'query.arrival_place': u'THE STRIP'},{u'time.rel': u'next'},0,1,0,0,0,0,0,0,now,0,4,2,1,0,0,4,2,1,0,0
20090929_033,002.raw,now,now,21.748,22.078,FALSE,expl-conf,->explicit_confirm$query.departure_place,[],{u'query.departure_place': u'BRIGHTON AND RIDGE'},{u'time.rel': u'next'},0,0,0,0,0,0,0,0,now,1,0,1,0,0,0,0,1,0,0,0
20090929_033,004.raw,fortieth street,forbes and murray,33.208,34.398,FALSE,request,->request$query.departure_place,[],{},{},0,0,0,1,0,0,0,0,<place>,1,0,2,0,0,0,0,2,0,0,0
20090929_033,006.raw,oakland,oakland,42.05,42.63,FALSE,request,->request$query.departure_place,[],{},{u'from.neighborhood': u'oakland'},0,1,0,2,0,0,0,0,<place>,1,0,3,0,0,0,0,3,0,0,0
20090929_033,007.raw,squirell hill,squirell hill,48.046,48.616,FALSE,impl-conf,->implicit_confirm$query.departure_place->request$query.arrival_place,[],{u'query.departure_place': u'OAKLAND'},{},0,1,0,2,0,0,0,0,squirell hill,1,0,4,0,0,0,0,4,0,0,0
20090929_033,008.raw,squirrel hill,squirrel hill,51.428,52.238,FALSE,request,->request$query.arrival_place,[],{},{u'to.neighborhood': u'squirrel hill'},0,1,0,2,0,0,0,0,<neighborhood>,0,1,4,0,0,0,1,4,0,0,0
20090929_033,009.raw,yes,yes,56.268,56.538,FALSE,expl-conf,->explicit_confirm$query.arrival_place,[],{u'query.arrival_place': u'SQUIRREL HILL'},{},0,1,0,2,0,0,0,0,yes,0,2,4,0,0,0,2,4,0,0,0
20090929_034,002.raw,oakland,oakland,21.15,21.69,FALSE,ack,->inform$confirm_okay->request$query.departure_place,[],{},{u'from.neighborhood': u'oakland'},0,0,0,0,0,0,0,0,<place>,1,0,1,0,0,0,0,1,0,0,0
20090929_034,003.raw,ralph help,ralph help,26.432,26.992,FALSE,impl-conf,->implicit_confirm$query.departure_place->request$query.arrival_place,[],{u'query.departure_place': u'OAKLAND'},{u'to.desc': u'ralph'},0,0,0,0,0,0,0,0,ralph help,1,0,2,0,0,0,0,2,0,0,0
20090929_034,004.raw,squirrel hill,squirrel hill,30.038,30.788,FALSE,request,->request$query.arrival_place,[],{},{u'to.neighborhood': u'squirrel hill'},0,0,0,0,0,0,0,0,<neighborhood>,0,1,2,0,0,0,1,2,0,0,0
20090929_034,005.raw,yes,yes,35.2,35.56,FALSE,expl-conf,->explicit_confirm$query.arrival_place,[],{u'query.arrival_place': u'SQUIRREL HILL'},{},0,0,0,0,0,0,0,0,yes,0,2,2,0,0,0,2,2,0,0,0
20090929_036,002.raw,amanda and charles,amanda and charles,20.46,21.7,FALSE,expl-conf,->explicit_confirm$query.departure_place,[],{u'query.departure_place': u'ANN AND NINTH'},{u'from.desc': u'amanda and charles'},0,0,0,0,0,0,0,0,<place>,1,0,1,0,0,0,0,1,0,0,0
20090929_036,003.raw,ann and tenth wall,ann and tenth wall,25.58,26.74,FALSE,expl-conf,->explicit_confirm$query.departure_place,[],{u'query.departure_place': u'ANN AND NINTH'},{},1,1,0,0,0,0,0,0,<place> and <place> <uncovered_place>,1,0,2,0,0,0,0,2,0,0,0
20090929_036,004.raw,amanda at charles,amanda at charles,31.956,33.246,FALSE,expl-conf,->explicit_confirm$query.departure_place,[],{u'query.departure_place': u'ANN AND NINTH'},{},0,1,0,0,0,0,0,0,<place>,1,0,3,0,0,0,0,3,0,0,0
20090929_036,005.raw,yeah,yes,37.312,37.582,FALSE,expl-conf,->explicit_confirm$query.departure_place,[],{u'query.departure_place': u'AMANDA AT CHARLES'},{},1,2,0,0,0,0,0,0,yeah,1,0,4,0,0,0,0,4,0,0,0
20090929_036,008.raw,fifth avenue,fifth avenue,54.498,55.338,FALSE,request,->request$query.arrival_place,[],{},{u'to.desc': u'fifth avenue'},0,2,0,1,0,0,0,0,<place>,0,1,4,0,0,0,1,4,0,0,0
20090929_036,009.raw,next bus,next bus,60.076,60.786,FALSE,impl-conf,->implicit_confirm$query.arrival_place->request$query.travel_time,[],{u'query.arrival_place': u'FIFTH AVENUE'},{},0,2,0,1,0,0,0,0,next bus,0,2,4,0,0,0,2,4,0,0,0
20090929_037,003.raw,bell and ann town,amanda and charles,18.175,19.185,FALSE,ack,->inform$confirm_okay->request$query.departure_place,[],{},{},0,2,0,0,0,0,0,0,<place> town,1,0,1,0,0,0,0,1,0,0,0
20090929_037,004.raw,amanda and charles,amanda and charles,23.409,24.729,FALSE,expl-conf,->explicit_confirm$query.departure_place,[],{u'query.departure_place': u'BELL AND ANN'},{u'from.desc': u'amanda and charles'},0,2,0,0,0,0,0,0,<place>,1,0,2,0,0,0,0,2,0,0,0
20090929_037,006.raw,yes,yes,30.571,30.861,FALSE,expl-conf,->explicit_confirm$query.departure_place,[],{u'query.departure_place': u'AMANDA AND CHARLES'},{},1,4,0,1,0,0,0,0,yes,1,0,3,0,0,0,0,3,0,0,0
20090929_037,007.raw,fifth avenue,fifth avenue,34.781,35.561,FALSE,ack,->inform$confirm_okay->request$query.arrival_place,[],{},{u'to.desc': u'fifth avenue'},0,4,0,1,0,0,0,0,<place>,0,1,3,0,0,0,1,3,0,0,0
20090929_037,008.raw,yes,yes,39.969,40.269,FALSE,expl-conf,->explicit_confirm$query.arrival_place,[],{u'query.arrival_place': u'FIFTH AVENUE'},{},1,5,0,1,0,0,0,0,yes,0,2,3,0,0,0,2,3,0,0,0
20090929_037,010.raw,previous,previous,54.369,54.979,FALSE,impl-conf,->implicit_confirm$query.travel_time.time->inform$looking_up_database_first->inform$result,[],"{u'query.travel_time.time': u'The next bus', u'result': u'54C'}",{},1,7,0,1,0,0,0,0,previous,3,2,3,0,1,0,2,3,0,1,0
20090930_000,006.raw,yes,yes,37.558,37.978,FALSE,expl-conf,->explicit_confirm$query.departure_place,[],{u'query.departure_place': u'SWISSVALE'},{},0,1,0,0,0,0,0,0,yes,1,0,1,0,0,0,0,1,0,0,0
20090930_000,007.raw,squirrel hill,squirrel hill,42.462,43.442,FALSE,ack,->inform$confirm_okay->request$query.arrival_place,[],{},{u'to.neighborhood': u'squirrel hill'},0,1,0,0,0,0,0,0,<neighborhood>,0,1,1,0,0,0,1,1,0,0,0
20090930_000,008.raw,the chateau street,after twelve thirty,49.368,51.178,FALSE,impl-conf,->implicit_confirm$query.arrival_place->request$query.travel_time,[],{u'query.arrival_place': u'SQUIRREL HILL'},{},0,1,0,0,0,0,0,0,the chateau street,0,2,1,0,0,0,2,1,0,0,0
20090930_000,009.raw,twelve thirty,twelve thirty,56.068,57.018,FALSE,request,->request$query.travel_time,[],{},{},0,1,0,0,0,0,0,0,<time> thirty,2,2,1,1,0,0,2,1,1,0,0
20090930_005,004.raw,fourth the bridge in sheraden,fourth the bridge in sheraden,31.099,32.149,FALSE,request,->request$query.departure_place,[],{},{},0,2,0,0,0,0,0,0,<place> the bridge in <place>,1,0,1,0,0,0,0,1,0,0,0
20090930_005,005.raw,u,u,35.131,35.361,FALSE,expl-conf,->explicit_confirm$query.departure_place,[],{u'query.departure_place': u'SHERADEN'},{},1,3,0,0,0,0,0,0,u,1,0,2,0,0,0,0,2,0,0,0
20090930_005,006.raw,u north craig in center,u north craig in center,36.067,37.287,FALSE,expl-conf,->explicit_confirm$query.departure_place,[],{u'query.departure_place': u'SHERADEN'},{},0,3,0,0,0,0,0,0,u <place> <place> in <uncovered_place>,1,0,3,0,0,0,0,3,0,0,0
20090930_005,007.raw,no,no,41.881,42.231,FALSE,expl-conf,->explicit_confirm$query.departure_place,[],{u'query.departure_place': u'FOURTH'},{},0,3,0,0,0,0,0,0,no,1,0,4,0,0,0,0,4,0,0,0
20090930_005,008.raw,no,no,46.189,46.579,FALSE,expl-conf,->explicit_confirm$query.departure_place,[],{u'query.departure_place': u'NORTH'},{},1,4,0,0,0,0,0,0,no,1,0,5,0,0,0,0,5,0,0,0
20090930_005,009.raw,no,no,54.769,55.159,FALSE,expl-conf,->explicit_confirm$query.departure_place,[],{u'query.departure_place': u'NORTH'},{},0,4,0,0,0,0,0,0,no,1,0,6,0,0,0,0,6,0,0,0
20090930_006,005.raw,nineth fourth avenue,murray and forbes avenue,20.351,22.111,FALSE,request,->inform$nonunderstanding_moveon->request$query.departure_place,[],{},{},0,3,0,0,0,0,0,0,<time>th <place>,1,0,1,0,0,0,0,1,0,0,0
20090930_006,007.raw,no,no,31.521,32.031,FALSE,expl-conf,->explicit_confirm$query.departure_place,[],{u'query.departure_place': u'MARRIOTT'},{},0,3,0,0,0,0,0,0,no,1,0,2,0,0,0,0,2,0,0,0
20090930_006,008.raw,murray,murray,32.103,32.953,FALSE,expl-conf,->explicit_confirm$query.departure_place,[],{u'query.departure_place': u'FOURTH AVENUE'},{u'from.desc': u'murray'},0,3,0,0,0,0,0,0,<place>,1,0,3,0,0,0,0,3,0,0,0
20090930_006,009.raw,penn fourth avenue,penn fourth avenue,33.717,34.907,FALSE,expl-conf,->explicit_confirm$query.departure_place,[],{u'query.departure_place': u'MURRAY'},{},0,3,0,0,0,0,0,0,<place> <place>,1,0,4,0,0,0,0,4,0,0,0
20090930_006,010.raw,yes,yes,38.491,38.941,FALSE,expl-conf,->explicit_confirm$query.departure_place,[],{u'query.departure_place': u'MURRAY'},{},1,4,0,0,0,0,0,0,yes,1,0,5,0,0,0,0,5,0,0,0
20090930_006,011.raw,east pittsburgh,east pittsburgh,42.539,43.539,FALSE,ack,->inform$confirm_okay->request$query.arrival_place,[],{},{u'to.neighborhood': u'east pittsburgh'},0,4,0,0,0,0,0,0,east <place>sburgh,0,1,5,0,0,0,1,5,0,0,0
20090930_006,012.raw,yes,yes,47.151,47.541,FALSE,expl-conf,->explicit_confirm$query.arrival_place,[],{u'query.arrival_place': u'EAST PITTSBURGH'},{},1,5,0,0,0,0,0,0,yes,0,2,5,0,0,0,2,5,0,0,0
20090930_007,002.raw,wilkinsburg,wilkinsburg,19.786,20.606,FALSE,ack,->inform$confirm_okay->request$query.departure_place,[],{},{u'from.neighborhood': u'wilkinsburg'},0,0,0,0,0,0,0,0,<neighborhood>,1,0,1,0,0,0,0,1,0,0,0
20090930_007,003.raw,east pittsburgh,east pittsburgh,26.236,27.016,FALSE,impl-conf,->implicit_confirm$query.departure_place->request$query.arrival_place,[],{u'query.departure_place': u'WILKINSBURG'},{u'to.neighborhood': u'east pittsburgh'},0,0,0,0,0,0,0,0,east <place>sburgh,1,0,2,0,0,0,0,2,0,0,0
20090930_007,004.raw,eight thirty p m,eight thirty p m,33.62,34.61,FALSE,impl-conf,->implicit_confirm$query.arrival_place->request$query.travel_time,[],{u'query.arrival_place': u'EAST PITTSBURGH'},{},0,0,0,0,0,0,0,0,<time> thirty p m,0,1,2,0,0,0,1,2,0,0,0
20090930_007,005.raw,when is the next bus,when is the next bus,53.268,54.468,FALSE,impl-conf,->implicit_confirm$query.travel_time.time->inform$looking_up_database_first->inform$result->request$next_query,[],"{u'query.travel_time.time': u'Leaving at 8 30 p.m.', u'result': u'61A'}",{},1,1,0,0,0,0,0,0,when is the next bus,3,1,2,0,1,0,1,2,0,1,0
20090930_007,006.raw,when is the next bus,when is the next bus,68.062,69.182,FALSE,hold-on,->inform$looking_up_database_subsequent->inform$result->request$next_query,[],{u'result': u'61A'},{},1,2,0,0,0,0,0,0,when is the next bus,3,1,2,0,2,0,1,2,0,2,0
20090930_008,002.raw,east pittsburgh,east pittsburgh,21.267,22.147,FALSE,impl-conf,->implicit_confirm$query.departure_place->request$query.arrival_place,[],{u'query.departure_place': u'WILKINSBURG'},{u'to.neighborhood': u'east pittsburgh'},0,0,0,0,0,0,0,0,east <place>sburgh,1,0,1,0,0,0,0,1,0,0,0
20090930_008,003.raw,six thirty p m,six thirty p m,26.877,27.927,FALSE,impl-conf,->implicit_confirm$query.arrival_place->request$query.travel_time,[],{u'query.arrival_place': u'EAST PITTSBURGH'},{},0,0,0,0,0,0,0,0,<time> thirty p m,0,1,1,0,0,0,1,1,0,0,0
20090930_008,004.raw,when is the next bus,when is the next bus,46.887,47.837,FALSE,impl-conf,->implicit_confirm$query.travel_time.time->inform$looking_up_database_first->inform$result->request$next_query,[],"{u'query.travel_time.time': u'Leaving at 6 30 p.m.', u'result': u'61A'}",{},1,1,0,0,0,0,0,0,when is the next bus,3,1,1,0,1,0,1,1,0,1,0
20090930_008,005.raw,when is the next bus,when is the next bus,57.677,58.587,FALSE,hold-on,->inform$looking_up_database_subsequent->inform$result,[],{u'result': u'61A'},{},1,2,0,0,0,0,0,0,when is the next bus,3,1,1,0,2,0,1,1,0,2,0
20090930_008,006.raw,when is the next bus,when is the next bus,64.811,66.001,FALSE,hold-on,->inform$looking_up_database_subsequent->inform$result,[],{u'result': u'61A'},{},1,3,0,0,0,0,0,0,when is the next bus,3,1,1,0,3,0,1,1,0,3,0
20090930_008,008.raw,universal,when is the next bus,73.043,73.823,FALSE,hold-on,->inform$looking_up_database_subsequent->inform$result,[],{u'result': u'61A'},{},1,4,0,0,0,0,0,0,<uncovered_place>,3,1,1,0,4,0,1,1,0,4,0
20090930_008,010.raw,when is the next bus,when is the next bus,87.615,88.645,FALSE,hold-on,->inform$looking_up_database_subsequent->inform$result,[],{u'result': u'61A'},{},1,6,0,0,0,0,0,0,when is the next bus,3,1,1,0,5,0,1,1,0,5,0
20090930_011,004.raw,wilkinsburg,wilkinsburg,25.662,26.492,FALSE,request,->request$query.departure_place,[],{},{u'from.neighborhood': u'wilkinsburg'},0,0,0,1,0,0,0,0,<neighborhood>,1,0,1,0,0,0,0,1,0,0,0
20090930_011,005.raw,yeah,yeah,31.422,31.682,FALSE,expl-conf,->explicit_confirm$query.departure_place,[],{u'query.departure_place': u'WILKINSBURG'},{},0,0,0,1,0,0,0,0,yeah,1,0,2,0,0,0,0,2,0,0,0
20090930_011,006.raw,reserve,east pittsburgh,34.696,35.816,FALSE,ack,->inform$confirm_okay->request$query.arrival_place,[],{},{},0,0,0,1,0,0,0,0,<uncovered_place>,0,1,2,0,0,0,1,2,0,0,0
20090930_011,008.raw,east pittsburgh,east pittsburgh,42.7,43.53,FALSE,request,->request$query.arrival_place,[],{},{u'to.neighborhood': u'east pittsburgh'},0,0,0,2,0,0,0,0,east <place>sburgh,0,2,2,0,0,0,2,2,0,0,0
20090930_011,009.raw,eight thirty p m,eight thirty p m,49.736,50.856,FALSE,impl-conf,->implicit_confirm$query.arrival_place->request$query.travel_time,[],{u'query.arrival_place': u'EAST PITTSBURGH'},{},0,0,0,2,0,0,0,0,<time> thirty p m,0,3,2,0,0,0,3,2,0,0,0
20090930_011,010.raw,when bridgeville,when is the next bus,68.336,69.266,FALSE,impl-conf,->implicit_confirm$query.travel_time.time->inform$looking_up_database_first->inform$result->request$next_query,[],"{u'query.travel_time.time': u'Leaving at 8 30 p.m.', u'result': u'61A'}",{},1,1,0,2,0,0,0,0,when <uncovered_place>,3,3,2,0,1,0,3,2,0,1,0
20090930_014,002.raw,yes,yes,22.005,22.325,FALSE,ack,->inform$confirm_okay->explicit_confirm$query.departure_place,[],{u'query.departure_place': u'SQUIRREL HILL'},{},1,2,0,0,0,0,0,0,yes,1,0,1,0,0,0,0,1,0,0,0
20090930_014,003.raw,yes,yes,27.307,27.597,FALSE,ack,->inform$confirm_okay->explicit_confirm$query.travel_time.time,[],{u'query.travel_time.time': u'the next bus'},{},1,3,0,0,0,0,0,0,yes,2,0,1,1,0,0,0,1,1,0,0
20090930_014,004.raw,east liberty,east liberty,31.207,32.047,FALSE,ack,->inform$confirm_okay->request$query.arrival_place,[],{},{u'to.neighborhood': u'east liberty'},0,3,0,0,0,0,0,0,<place>,0,1,1,1,0,0,1,1,1,0,0
20090930_014,005.raw,when is the previous bus,when is the previous bus,50.623,51.893,FALSE,impl-conf,->implicit_confirm$query.arrival_place->inform$looking_up_database_first->inform$result->request$next_query,[],"{u'result': u'64A', u'query.arrival_place': u'EAST LIBERTY'}",{},1,4,0,0,0,0,0,0,when is the previous bus,3,1,1,1,1,0,1,1,1,1,0
20090930_018,002.raw,yes,yes,21.292,21.582,FALSE,ack,->inform$confirm_okay->explicit_confirm$query.travel_time.time,[],{u'query.travel_time.time': u'the next bus'},{},0,0,0,0,0,0,0,0,yes,2,0,0,1,0,0,0,0,1,0,0
20090930_018,003.raw,kennywood boulevard,kennywood boulevard,24.92,26.37,FALSE,ack,->inform$confirm_okay->request$query.departure_place,[],{},{u'from.desc': u'kennywood boulevard'},0,0,0,0,0,0,0,0,<place>,1,0,1,1,0,0,0,1,1,0,0
20090930_018,004.raw,to mckeesport,to mckeesport,31.694,33.794,FALSE,impl-conf,->implicit_confirm$query.departure_place->request$query.arrival_place,[],{u'query.departure_place': u'KENNYWOOD BOULEVARD'},{},0,0,0,0,0,0,0,0,to <neighborhood>,1,0,2,1,0,0,0,2,1,0,0
20090930_018,005.raw,yes,yes,37.918,38.198,FALSE,expl-conf,->explicit_confirm$query.arrival_place,[],{u'query.arrival_place': u'MCKEESPORT'},{},0,0,0,0,0,0,0,0,yes,0,1,2,1,0,0,1,2,1,0,0
20090930_019,002.raw,mckeesport transportation center,mckeesport transportation center,21.476,23.156,FALSE,impl-conf,->implicit_confirm$query.departure_place->request$query.arrival_place,[],{u'query.departure_place': u'EIGHTH'},{u'to.desc': u'mckeesport transportation center'},0,0,0,0,0,0,0,0,<neighborhood> <place>,1,0,1,0,0,0,0,1,0,0,0
20090930_019,003.raw,yes,yes,28.162,28.442,FALSE,expl-conf,->explicit_confirm$query.arrival_place,[],{u'query.arrival_place': u'MCKEESPORT TRANSPORTATION CENTER'},{},1,1,0,0,0,0,0,0,yes,0,1,1,0,0,0,1,1,0,0,0
20090930_022,004.raw,squirrel hill,squirrel hill,25.26,25.96,FALSE,request,->request$query.departure_place,[],{},{u'from.neighborhood': u'squirrel hill'},0,0,0,0,0,0,0,0,<neighborhood>,1,0,1,0,0,0,0,1,0,0,0
20090930_022,005.raw,homestead,homestead,30.882,31.482,FALSE,impl-conf,->implicit_confirm$query.departure_place->request$query.arrival_place,[],{u'query.departure_place': u'SQUIRREL HILL'},{u'to.neighborhood': u'homestead'},0,0,0,0,0,0,0,0,<neighborhood>,1,0,2,0,0,0,0,2,0,0,0
20090930_022,006.raw,now,now,36.16,36.63,FALSE,impl-conf,->implicit_confirm$query.arrival_place->request$query.travel_time,[],{u'query.arrival_place': u'HOMESTEAD'},{u'time.rel': u'next'},0,0,0,0,0,0,0,0,now,0,1,2,0,0,0,1,2,0,0,0
20090930_024,003.raw,woodstock fifth south braddock avenue,woodstock fifth south braddock avenue,18.972,21.392,FALSE,ack,->inform$confirm_okay->request$query.departure_place,[],{},{},0,2,0,0,0,0,0,0,<place> <place> <place> <place>nue,1,0,1,0,0,0,0,1,0,0,0
20090930_024,004.raw,p a,p a,25.382,25.782,FALSE,expl-conf,->explicit_confirm$query.departure_place,[],{u'query.departure_place': u'WOODSTOCK'},{},0,2,0,0,0,0,0,0,p a,1,0,2,0,0,0,0,2,0,0,0
20090930_024,005.raw,yes,yes,33.608,33.938,FALSE,expl-conf,->explicit_confirm$query.departure_place,[],{u'query.departure_place': u'WOODSTOCK'},{},1,3,0,0,0,0,0,0,yes,1,0,3,0,0,0,0,3,0,0,0
